chain_id,ula,uhmc_10,uhmc_uniform_19,hmc_5,hmc_10,hmc_20,hmc_uniform_9,hmc_uniform_19,hmc_uniform_39,hmc_two_point_9,hmc_two_point_39,nuts
0,0.11575,0.1425,0.1427,0.12895,0.1402,0.14885,0.1541,0.13915,0.15855,0.22895,0.1361,0.1466
1,0.09985,0.13395,0.14175,0.14395,0.1358,0.1448,0.14025,0.1449,0.1406,0.1643,0.14765,0.14045000000000002
2,0.1615,0.1511,0.14445,0.13735,0.1361,0.15485,0.14515,0.15115,0.14155,0.14335,0.1418,0.1454
3,0.10225,0.1313,0.14135,0.1134,0.13585,0.1349,0.12995,0.13545,0.1585,0.12945,0.1437,0.15015
4,0.1549,0.14335,0.13135,0.146,0.15075,0.1381,0.131,0.1366,0.1434,0.1431,0.1459,0.1549
5,0.09295,0.15385,0.13135,0.1391,0.1511,0.1521,0.14965,0.1474,0.2046,0.135,0.13015,0.1403
6,0.10515,0.14845,0.1552,0.1527,0.13755,0.13705,0.1506,0.139,0.16,0.19375,0.15285,0.14665
7,0.13005,0.16685,0.1313,0.16005,0.1336,0.14295,0.11855,0.14565,0.14615,0.1369,0.15145,0.14445
8,0.1769,0.13915,0.1754,0.1375,0.13495,0.14035,0.1077,0.139,0.1485,0.13335,0.12355,0.15025
9,0.45755,0.1644,0.15675,0.1293,0.15125,0.1529,0.134,0.17575,0.14545,0.1223,0.156,0.1448
10,0.1587,0.1535,0.1491,0.13455,0.14405,0.15655,0.13125,0.15575,0.1462,0.14955,0.1305,0.14895
11,0.14135,0.1453,0.14505,0.14015,0.1406,0.13595,0.1472,0.1837,0.1314,0.1317,0.1449,0.14535
12,0.10995,0.15065,0.1466,0.1379,0.13715,0.1479,0.143,0.14635,0.1485,0.16,0.15645,0.15115
13,0.14435,0.13935,0.14475,0.13565,0.15495,0.1396,0.135,0.14665,0.1558,0.15445,0.14095,0.14985
14,0.18325,0.1457,0.14565,0.12975,0.1282,0.138,0.135,0.1462,0.1407,0.14425,0.1441,0.1427
15,0.32335,0.1418,0.14045,0.16215,0.13495,0.15025,0.15115,0.1541,0.13555,0.13405,0.1358,0.1481
16,0.15625,0.1522,0.13825,0.15195,0.14025,0.13235,0.1322,0.12815,0.15305,0.1692,0.13435,0.14830000000000002
17,0.19175,0.1432,0.15445,0.15555,0.1347,0.1404,0.1429,0.14475,0.15285,0.1423,0.1541,0.14800000000000002
18,0.11045,0.1522,0.13295,0.1744,0.13845,0.1591,0.1274,0.14285,0.14435,0.1437,0.1539,0.1504
19,0.25515,0.14225,0.14455,0.2484,0.1367,0.14515,0.1729,0.14285,0.1426,0.15505,0.1441,0.15055000000000002
20,0.14005,0.147,0.1369,0.15875,0.14,0.1359,0.13255,0.14705,0.13975,0.1689,0.1398,0.13655
21,0.09135,0.1648,0.14285,0.12975,0.1422,0.1584,0.14575,0.14495,0.1537,0.13,0.14975,0.14705000000000001
22,0.10955,0.1395,0.16975,0.1658,0.13895,0.1489,0.1373,0.1435,0.13455,0.1316,0.14305,0.1449
23,0.29075,0.13665,0.1401,0.157,0.1468,0.14685,0.13755,0.1388,0.14695,0.1328,0.13205,0.14335
24,0.96815,0.1424,0.16475,0.12385,0.1236,0.14215,0.12995,0.1678,0.1648,0.13995,0.14515,0.14275000000000002
25,0.19365,0.1448,0.12475,0.15305,0.16265,0.1482,0.16835,0.1569,0.1422,0.13745,0.13715,0.15410000000000001
26,0.13965,0.25945,0.14945,0.1327,0.1542,0.14685,0.1408,0.13765,0.1617,0.1595,0.13795,0.14195000000000002
27,0.13835,0.13045,0.1588,0.18345,0.14595,0.1477,0.1466,0.1533,0.14395,0.2173,0.1357,0.14725000000000002
28,0.1263,0.14625,0.1472,0.1297,0.14455,0.13635,0.12615,0.14865,0.1457,0.1259,0.1351,0.1474
29,0.1393,0.17425,0.1352,0.1372,0.14025,0.1445,0.13175,0.149,0.1494,0.13395,0.14985,0.13955
30,0.15545,0.1364,0.1648,0.1501,0.1563,0.14525,0.1381,0.15855,0.14255,0.1432,0.15675,0.14215
31,0.0707,0.1476,0.1436,0.1328,0.1432,0.1484,0.30985,0.1407,0.14335,0.13055,0.14005,0.139
32,0.19885,0.1554,0.1585,0.17875,0.14485,0.1495,0.127,0.1412,0.1471,0.14295,0.13465,0.1526
33,0.08165,0.1399,0.1355,0.1704,0.12625,0.1484,0.13655,0.1383,0.13945,0.14835,0.1329,0.14775000000000002
34,0.07825,0.15,0.14225,0.13175,0.22095,0.1454,0.12545,0.1348,0.1712,0.16275,0.1424,0.15130000000000002
35,0.1419,0.1504,0.15235,0.1468,0.13675,0.1631,0.12445,0.14895,0.162,0.15435,0.15955,0.1476
36,0.4531,0.14545,0.1675,0.1328,0.14315,0.1611,0.14305,0.1501,0.13755,0.1286,0.16435,0.14475000000000002
37,0.1437,0.1585,0.15765,0.14565,0.1255,0.13505,0.1243,0.1452,0.16185,0.1448,0.13545,0.1514
38,0.14295,0.16305,0.14175,0.1276,0.15865,0.14725,0.1504,0.12805,0.145,0.1238,0.1311,0.1443
39,0.25,0.1473,0.1474,0.16815,0.13535,0.14015,0.13055,0.14655,0.1313,0.1335,0.1305,0.14215
40,0.1362,0.14895,0.15835,0.1633,0.1446,0.14275,0.18435,0.14715,0.14405,0.1571,0.1434,0.15555
41,0.1563,0.2136,0.13495,0.1384,0.1517,0.13635,0.1461,0.14505,0.1419,0.13095,0.13645,0.153
42,0.0932,0.1573,0.1393,0.14605,0.1307,0.1428,0.1241,0.1283,0.1329,0.15175,0.1445,0.15595
43,0.11285,0.1649,0.1417,0.4211,0.13535,0.15085,0.14345,0.1452,0.1398,0.14455,0.1256,0.14175000000000001
44,0.10985,0.15325,0.1479,0.13545,0.13725,0.12915,0.16995,0.15805,0.1463,0.1206,0.1488,0.1468
45,0.10165,0.1513,0.14145,0.1393,0.15025,0.14225,0.14445,0.14325,0.14035,0.1341,0.14885,0.15155000000000002
46,0.13885,0.14685,0.1426,0.1324,0.13135,0.14975,0.14135,0.14125,0.1357,0.1377,0.15165,0.14780000000000001
47,0.33335,0.1984,0.14865,0.1402,0.13955,0.15235,0.13785,0.1393,0.1501,0.1383,0.1459,0.14615
48,0.10095,0.1816,0.1468,0.14525,0.16165,0.15225,0.14795,0.14345,0.1362,0.1479,0.1502,0.1526
49,0.1927,0.1501,0.15815,0.14585,0.15175,0.15215,0.14065,0.14295,0.14495,0.13855,0.14185,0.14935
50,0.22105,0.14665,0.1537,0.1517,0.1563,0.14035,0.1638,0.12855,0.14705,0.1417,0.1408,0.1456
51,0.087,0.16215,0.144,0.1411,0.13725,0.16975,0.13675,0.14595,0.1696,0.15585,0.14765,0.15085
52,0.3386,0.1297,0.1465,0.13175,0.15775,0.1438,0.17715,0.1465,0.1485,0.1362,0.1582,0.15145
53,0.1858,0.1671,0.1366,0.13535,0.14285,0.1429,0.13795,0.1831,0.1373,0.13405,0.1648,0.14115
54,0.11945,0.15895,0.1396,0.1366,0.1314,0.1491,0.12295,0.15105,0.1585,0.1308,0.1589,0.15615
55,0.08165,0.12415,0.14225,0.12755,0.13705,0.1497,0.1492,0.1542,0.19515,0.1225,0.14745,0.14120000000000002
56,0.18175,0.1468,0.141,0.1197,0.1397,0.13865,0.13975,0.1589,0.1457,0.14945,0.13245,0.14350000000000002
57,0.20335,0.1331,0.1457,0.1466,0.1456,0.14205,0.1219,0.14525,0.1564,0.15225,0.14495,0.14125000000000001
58,0.09805,0.144,0.1613,0.1597,0.1382,0.1488,0.15485,0.1487,0.14535,0.13425,0.14795,0.1419
59,0.19475,0.14695,0.1453,0.15,0.1368,0.1364,0.19495,0.1638,0.1482,0.1544,0.1388,0.14555
60,0.1887,0.1462,0.1482,0.1198,0.14205,0.1471,0.13905,0.14195,0.1461,0.1384,0.15,0.1481
61,0.1863,0.15945,0.1674,0.2005,0.1394,0.14395,0.1769,0.1639,0.14785,0.1563,0.1408,0.15065
62,0.13055,0.13975,0.15075,0.1447,0.18045,0.1405,0.29345,0.1402,0.153,0.14305,0.14945,0.14850000000000002
63,0.1932,0.1481,0.14845,0.1463,0.14205,0.2033,0.14465,0.13995,0.16275,0.13155,0.13855,0.14500000000000002
64,0.1318,0.1387,0.1443,0.14365,0.16,0.15395,0.1118,0.12985,0.1493,0.1563,0.1681,0.14115
65,0.12135,0.1498,0.1658,0.1281,0.1517,0.14575,0.14525,0.15635,0.14265,0.132,0.1473,0.1484
66,0.05315,0.14675,0.1454,0.13005,0.17325,0.15055,0.13765,0.1416,0.14,0.14155,0.15515,0.14675000000000002
67,0.0985,0.1369,0.1548,0.12555,0.1483,0.14655,0.12165,0.12955,0.1315,0.12565,0.14775,0.15560000000000002
68,0.1202,0.14815,0.14605,0.13405,0.1402,0.1518,0.1673,0.14695,0.1483,0.14,0.1132,0.13735
69,0.06955,0.1365,0.1385,0.13,0.1351,0.1533,0.13045,0.13335,0.15145,0.1536,0.1419,0.1457
70,0.1129,0.15305,0.1516,0.1307,0.14815,0.12645,0.1457,0.1683,0.13735,0.1447,0.1462,0.1358
71,0.12125,0.13835,0.15605,0.1291,0.14555,0.1408,0.14885,0.16515,0.14035,0.2163,0.1473,0.14700000000000002
72,0.13965,0.1667,0.1499,0.12885,0.1394,0.15895,0.149,0.15165,0.1447,0.1438,0.1394,0.1511
73,0.10785,0.1384,0.13865,0.1347,0.1473,0.15535,0.14455,0.14425,0.15645,0.13085,0.13965,0.1521
74,0.09775,0.16425,0.14205,0.1298,0.17005,0.1411,0.152,0.1575,0.1407,0.1545,0.1533,0.14895
75,0.0922,0.1592,0.14725,0.12905,0.1247,0.13425,0.1267,0.1545,0.14955,0.1352,0.1409,0.15885000000000002
76,0.1322,0.1547,0.1797,0.1787,0.21865,0.14055,0.1664,0.13835,0.1375,0.15835,0.1315,0.14485
77,0.1081,0.13995,0.14495,0.13255,0.1393,0.1464,0.16535,0.1293,0.16835,0.1324,0.16405,0.1393
78,0.09375,0.1349,0.138,0.133,0.13855,0.1582,0.1645,0.15405,0.14335,0.1514,0.14045,0.13575
79,0.09255,0.1371,0.1472,0.12775,0.1354,0.1492,0.14875,0.1534,0.1642,0.19115,0.15485,0.14405
80,0.6363,0.15395,0.1404,0.12785,0.1504,0.15855,0.1899,0.13995,0.14665,0.13785,0.13945,0.15745
81,0.15615,0.1567,0.149,0.1613,0.14165,0.14695,0.12475,0.13845,0.13705,0.1575,0.1574,0.15035
82,0.18665,0.14095,0.16385,0.18375,0.1356,0.15265,0.1445,0.1532,0.13995,0.1264,0.14045,0.1456
83,0.47065,0.13015,0.14705,0.2694,0.13645,0.15315,0.14295,0.14635,0.1402,0.2119,0.1597,0.13635
84,0.2017,0.14865,0.13445,0.146,0.1372,0.155,0.1501,0.13375,0.1434,0.13625,0.14045,0.14200000000000002
85,0.9062,0.1363,0.13985,0.1294,0.1426,0.16205,0.1486,0.1597,0.14115,0.1536,0.14545,0.15355000000000002
86,0.1693,0.14345,0.1565,0.18405,0.1216,0.143,0.1337,0.1416,0.16525,0.1433,0.139,0.14375000000000002
87,0.215,0.13485,0.14305,0.1428,0.14975,0.15165,0.1555,0.13535,0.14115,0.12715,0.1538,0.1562
88,0.17925,0.13565,0.14325,0.14735,0.14375,0.1389,0.1696,0.14675,0.14775,0.1308,0.1463,0.1487
89,0.15305,0.15755,0.1512,0.1428,0.14675,0.1337,0.1412,0.1399,0.1435,0.1424,0.1514,0.14930000000000002
90,0.13065,0.15845,0.15355,0.1519,0.14605,0.15225,0.1215,0.1357,0.14735,0.1419,0.14165,0.1555
91,0.13415,0.17705,0.1518,0.14975,0.13465,0.1421,0.1934,0.14815,0.13935,0.17645,0.15425,0.1626
92,0.1197,0.1488,0.15485,0.10735,0.1323,0.1476,0.1644,0.16425,0.14415,0.1282,0.1465,0.13915
93,0.2727,0.1658,0.14915,0.14545,0.1768,0.1451,0.1589,0.12905,0.14365,0.13725,0.1458,0.13715
94,0.1101,0.1364,0.14625,0.1328,0.13795,0.14145,0.13945,0.1355,0.13965,0.14395,0.1566,0.1462
95,0.0929,0.14595,0.1392,0.1438,0.14695,0.1393,0.14675,0.15625,0.1272,0.1207,0.1628,0.1436
96,0.127,0.1402,0.129,0.14605,0.14815,0.1402,0.1354,0.13765,0.13845,0.15615,0.15915,0.15960000000000002
97,0.0973,0.14115,0.1433,0.1403,0.15605,0.14495,0.17405,0.13945,0.1445,0.1269,0.1378,0.156
98,0.0771,0.15445,0.1432,0.1258,0.15175,0.14285,0.14005,0.16135,0.1517,0.1441,0.15895,0.15205000000000002
99,0.15585,0.14675,0.1603,0.12405,0.17225,0.19105,0.13385,0.1584,0.1625,0.16335,0.13215,0.1545
100,0.12915,0.1325,0.13605,0.1597,0.1503,0.1457,0.25615,0.13905,0.1539,0.1142,0.1452,0.14500000000000002
101,0.2082,0.14965,0.1627,0.14745,0.17285,0.1355,0.1382,0.1462,0.1448,0.1541,0.16465,0.14585
102,0.09215,0.23215,0.14285,0.15255,0.14995,0.14545,0.1838,0.125,0.14055,0.1281,0.1506,0.1451
103,0.0613,0.13355,0.1448,0.13615,0.1485,0.13735,0.12125,0.1313,0.14895,0.145,0.149,0.14285
104,0.1295,0.13145,0.16175,0.13115,0.1549,0.15645,0.1268,0.14555,0.15135,0.1426,0.15575,0.14935
105,0.1454,0.13315,0.1646,0.13495,0.13795,0.19095,0.15545,0.14205,0.14525,0.133,0.1526,0.1436
106,0.14095,0.148,0.1386,0.1453,0.15615,0.14535,0.13795,0.14205,0.1381,0.13795,0.13935,0.1479
107,0.1178,0.1289,0.14135,0.13335,0.1388,0.1464,0.13865,0.14195,0.144,0.12685,0.136,0.14025
108,0.1695,0.19135,0.15155,0.1574,0.14365,0.1627,0.1402,0.1574,0.1381,0.1495,0.1435,0.14325000000000002
109,0.2247,0.1785,0.1551,0.1529,0.1408,0.1451,0.16605,0.148,0.14765,0.13175,0.1363,0.14835
110,0.1285,0.16235,0.1325,0.14115,0.15705,0.15365,0.1266,0.1554,0.1625,0.16105,0.14595,0.14595
111,0.12735,0.15635,0.1517,0.12205,0.1745,0.1576,0.13215,0.15065,0.14945,0.1393,0.14005,0.1499
112,0.09235,0.1739,0.14835,0.13665,0.14555,0.13595,0.2179,0.1388,0.13575,0.14405,0.14705,0.15995
113,0.15625,0.1555,0.1581,0.13365,0.13985,0.1398,0.1153,0.14535,0.15925,0.1579,0.15355,0.1474
114,0.1077,0.1471,0.13665,0.1472,0.1417,0.149,0.14455,0.13885,0.1441,0.13115,0.15295,0.15030000000000002
115,0.1114,0.12925,0.137,0.14505,0.1248,0.1414,0.1459,0.1461,0.1438,0.14915,0.1623,0.14755000000000001
116,0.207,0.15745,0.14385,0.14985,0.1613,0.1351,0.16435,0.14045,0.1373,0.1707,0.14475,0.1456
117,0.20915,0.1374,0.13415,0.11615,0.14405,0.14645,0.1814,0.19875,0.1513,0.14155,0.14715,0.14515
118,0.1482,0.153,0.13905,0.14155,0.1338,0.1405,0.1516,0.14695,0.1411,0.13755,0.1545,0.15510000000000002
119,0.15025,0.1358,0.1336,0.13485,0.1373,0.1379,0.129,0.13345,0.19575,0.1335,0.1412,0.13985
120,0.13085,0.14655,0.14365,0.1305,0.17485,0.14435,0.1463,0.158,0.15515,0.1246,0.1454,0.14315
121,0.42025,0.1411,0.16245,0.12875,0.15625,0.17775,0.12665,0.1399,0.14415,0.1431,0.15645,0.14415
122,0.09875,0.13005,0.1472,0.13065,0.12835,0.13365,0.1486,0.15895,0.1337,0.1234,0.1426,0.15085
123,0.1009,0.1546,0.14315,0.1516,0.15055,0.13935,0.2683,0.1425,0.15725,0.156,0.13645,0.14395
124,0.0875,0.16805,0.1445,0.1546,0.13755,0.1442,0.12275,0.13875,0.1435,0.16155,0.1269,0.1444
125,0.25625,0.15175,0.1663,0.1464,0.14135,0.13835,0.1312,0.145,0.14235,0.12695,0.1504,0.14895
126,0.1312,0.1495,0.14875,0.11465,0.1926,0.14195,0.1489,0.15685,0.14185,0.1693,0.1378,0.14655
127,0.1,0.1345,0.1602,0.12985,0.15805,0.13375,0.1534,0.15065,0.1476,0.14355,0.13765,0.15685000000000002
128,0.1315,0.1358,0.1585,0.1262,0.1471,0.1434,0.1295,0.1432,0.1444,0.1478,0.1481,0.1487
129,0.0893,0.15735,0.13805,0.1981,0.13645,0.1535,0.1324,0.14325,0.15245,0.14395,0.1439,0.1514
130,0.0986,0.1376,0.1641,0.12235,0.1492,0.1444,0.13205,0.1331,0.1477,0.1623,0.1414,0.1461
131,0.31695,0.1671,0.14875,0.12805,0.13825,0.165,0.12745,0.13375,0.17635,0.1657,0.18205,0.14400000000000002
132,0.18035,0.19435,0.16115,0.14025,0.13375,0.13375,0.1963,0.14305,0.14325,0.12185,0.13515,0.1496
133,0.66245,0.15695,0.15605,0.1409,0.1704,0.14175,0.13145,0.1373,0.13975,0.15925,0.13675,0.15045
134,0.1191,0.14205,0.15145,0.12985,0.14645,0.1356,0.14015,0.145,0.1414,0.13475,0.1396,0.1451
135,0.11995,0.153,0.127,0.1429,0.13925,0.1537,0.14405,0.1518,0.1591,0.13775,0.162,0.14275000000000002
136,0.1191,0.14425,0.1417,0.1497,0.15965,0.1655,0.138,0.15155,0.16825,0.13145,0.1482,0.14255
137,0.1237,0.14215,0.1393,0.11905,0.14965,0.14175,0.1298,0.14475,0.1361,0.1489,0.1614,0.1434
138,0.16325,0.1421,0.1536,0.1695,0.1414,0.1442,0.19595,0.1418,0.15635,0.12765,0.15405,0.1532
139,0.189,0.1659,0.14365,0.1332,0.15055,0.1476,0.1385,0.1295,0.1481,0.179,0.14335,0.14815
140,0.102,0.16245,0.1487,0.1541,0.1323,0.17415,0.1418,0.1481,0.14605,0.13105,0.1535,0.14895
141,0.1359,0.16655,0.1516,0.1344,0.1989,0.134,0.13465,0.1279,0.1375,0.13965,0.1291,0.158
142,0.1085,0.13055,0.15015,0.1348,0.1454,0.1458,0.1384,0.13355,0.1383,0.15265,0.14515,0.15415
143,0.3443,0.1401,0.1541,0.1374,0.1303,0.14735,0.13915,0.13885,0.1527,0.1308,0.14995,0.15280000000000002
144,0.1402,0.1489,0.14955,0.1419,0.14105,0.1485,0.13755,0.18875,0.1507,0.15015,0.14125,0.1423
145,0.12285,0.14715,0.1458,0.14185,0.1471,0.14365,0.14495,0.1507,0.1499,0.1592,0.14705,0.15265
146,0.11625,0.1725,0.15255,0.1189,0.1502,0.13515,0.1306,0.15155,0.15245,0.17785,0.13925,0.1507
147,0.11585,0.1559,0.13785,0.14355,0.1308,0.1456,0.14015,0.14145,0.1526,0.1454,0.1577,0.15045
148,0.11455,0.1648,0.1397,0.126,0.13365,0.1426,0.16185,0.15145,0.14035,0.1461,0.1308,0.1457
149,0.1603,0.1677,0.16025,0.12735,0.1332,0.1728,0.13495,0.16295,0.1473,0.1545,0.1377,0.14435
150,0.23595,0.1656,0.1275,0.14205,0.1365,0.1402,0.139,0.1363,0.16465,0.1412,0.1472,0.16075
151,0.0883,0.1619,0.15445,0.13465,0.1443,0.1479,0.1514,0.1281,0.1494,0.1612,0.1458,0.15095
152,0.09435,0.14905,0.1437,0.1618,0.1327,0.15435,0.1308,0.132,0.1502,0.141,0.15225,0.15155000000000002
153,0.15165,0.15505,0.145,0.1503,0.1522,0.1526,0.12865,0.152,0.1394,0.1423,0.1417,0.15695
154,0.1161,0.13215,0.15005,0.13725,0.16195,0.1395,0.1532,0.13045,0.1305,0.14495,0.14415,0.15380000000000002
155,0.06195,0.151,0.14065,0.16525,0.16705,0.1641,0.08135,0.14695,0.14005,0.14805,0.1341,0.14185
156,0.1337,0.1515,0.14675,0.13485,0.1444,0.1495,0.12925,0.1468,0.14145,0.13865,0.14315,0.14965
157,0.15175,0.1211,0.1486,0.1437,0.1348,0.14625,0.15485,0.1401,0.14945,0.1458,0.1395,0.14415
158,0.08795,0.18065,0.15615,0.13475,0.2139,0.1342,0.0739,0.1409,0.14655,0.1429,0.1483,0.14525000000000002
159,0.1296,0.13065,0.15285,0.15085,0.1394,0.1756,0.145,0.14225,0.14185,0.1199,0.1482,0.14625000000000002
160,0.11115,0.1534,0.1413,0.1469,0.1566,0.1372,0.138,0.1355,0.16455,0.149,0.1416,0.14495
161,0.11645,0.13755,0.14325,0.15395,0.16585,0.14765,0.16315,0.18955,0.16105,0.1467,0.14865,0.14065
162,0.1664,0.16085,0.1455,0.12865,0.1447,0.1361,0.1612,0.1405,0.1486,0.1428,0.1484,0.14170000000000002
163,0.2257,0.14945,0.1419,0.121,0.1439,0.14775,0.17015,0.1464,0.14915,0.1562,0.1432,0.14645
164,0.07915,0.15535,0.13735,0.1515,0.14455,0.1505,0.13775,0.1477,0.1415,0.14415,0.14355,0.14930000000000002
165,0.12085,0.15175,0.137,0.126,0.15725,0.13905,0.13415,0.1397,0.1397,0.1589,0.1736,0.1451
166,0.1964,0.14755,0.1288,0.1224,0.17535,0.1432,0.1375,0.14645,0.1481,0.12725,0.1358,0.14
167,0.14205,0.18605,0.14495,0.14155,0.1476,0.138,0.14545,0.15255,0.14915,0.1187,0.1454,0.1373
168,0.16285,0.1409,0.139,0.12455,0.145,0.1495,0.15515,0.1476,0.16155,0.12375,0.1469,0.15655
169,0.0728,0.16,0.19095,0.1398,0.1368,0.1499,0.12535,0.1533,0.14025,0.1326,0.138,0.1433
170,0.10005,0.1594,0.1355,0.1512,0.154,0.13975,0.13055,0.0862,0.13635,0.1354,0.13145,0.13995000000000002
171,0.0725,0.15095,0.1474,0.1658,0.14155,0.14685,0.1489,0.1465,0.15275,0.1457,0.18955,0.15230000000000002
172,0.0965,0.1408,0.13985,0.12485,0.14005,0.1318,0.1306,0.1912,0.1678,0.13965,0.1544,0.17250000000000001
173,0.1364,0.14725,0.146,0.1421,0.1507,0.17035,0.12345,0.17935,0.14125,0.1423,0.1429,0.15175
174,0.18565,0.15345,0.1362,0.1346,0.1424,0.14125,0.12745,0.1491,0.14865,0.13885,0.1543,0.16315000000000002
175,0.11135,0.14745,0.1405,0.1504,0.14305,0.1445,0.1914,0.13895,0.15045,0.1633,0.15465,0.14800000000000002
176,0.11865,0.14035,0.17475,0.14875,0.14795,0.14615,0.1225,0.15605,0.13625,0.1674,0.13975,0.13090000000000002
177,0.36645,0.14405,0.15155,0.1116,0.1347,0.1369,0.15525,0.1347,0.14475,0.14885,0.1503,0.14885
178,0.1874,0.1608,0.162,0.1839,0.14155,0.1532,0.1374,0.16265,0.14265,0.1302,0.1406,0.15135
179,0.0703,0.12985,0.14485,0.15955,0.1441,0.13855,0.125,0.14335,0.1526,0.1317,0.15715,0.15185
180,0.2464,0.16375,0.13695,0.1361,0.136,0.1567,0.1477,0.1479,0.13945,0.1203,0.1447,0.14585
181,0.1064,0.16525,0.13315,0.1398,0.13845,0.15945,0.165,0.1331,0.1356,0.1551,0.14845,0.14985
182,0.1496,0.14345,0.13695,0.13605,0.1392,0.18835,0.1231,0.1468,0.15115,0.1347,0.14295,0.14600000000000002
183,0.13325,0.14805,0.1586,0.132,0.13595,0.1454,0.1228,0.14575,0.1457,0.12525,0.1404,0.14145000000000002
184,0.09745,0.16725,0.14405,0.1769,0.1482,0.1417,0.1445,0.13565,0.1499,0.1417,0.16265,0.16605
185,0.1837,0.1319,0.1466,0.17965,0.1311,0.1382,0.1544,0.15575,0.13115,0.1546,0.1503,0.15155000000000002
186,0.10635,0.12675,0.1571,0.13085,0.1359,0.1461,0.1357,0.14285,0.1381,0.17435,0.14125,0.14830000000000002
187,0.12765,0.1425,0.16175,0.15575,0.1346,0.14095,0.1194,0.13175,0.1508,0.13285,0.1529,0.1454
188,0.18045,0.15485,0.1467,0.0409,0.13265,0.139,0.19355,0.1599,0.15955,0.1363,0.1423,0.15645
189,0.1537,0.1352,0.1375,0.1592,0.13625,0.1549,0.12015,0.14145,0.1378,0.14015,0.1419,0.13415000000000002
190,0.12415,0.14,0.13845,0.13685,0.1467,0.2216,0.13705,0.15,0.1622,0.18505,0.14945,0.15635000000000002
191,0.1394,0.16505,0.1552,0.1431,0.1594,0.1423,0.1547,0.13125,0.13615,0.1568,0.1482,0.14935
192,0.3531,0.14835,0.1483,0.1217,0.1491,0.1364,0.15835,0.1312,0.14825,0.1375,0.1309,0.149
193,0.16745,0.1611,0.15145,0.13125,0.1507,0.1518,0.13215,0.14725,0.1614,0.1372,0.15655,0.1414
194,0.192,0.1452,0.14175,0.1368,0.1273,0.15565,0.15985,0.1344,0.1478,0.15985,0.17575,0.15645
195,0.16925,0.1703,0.15095,0.1384,0.14005,0.1381,0.14065,0.13035,0.1492,0.12995,0.14975,0.14855000000000002
196,0.11095,0.1509,0.14575,0.1178,0.13995,0.1454,0.11775,0.12975,0.14645,0.13415,0.16745,0.14800000000000002
197,0.0656,0.14845,0.16715,0.1514,0.14015,0.142,0.1442,0.11955,0.1472,0.13455,0.14255,0.13505
198,0.157,0.136,0.1412,0.13095,0.14145,0.1302,0.1414,0.14025,0.14255,0.1414,0.1521,0.1587
199,0.1504,0.14895,0.15195,0.13865,0.1333,0.15945,0.4617,0.1592,0.1429,0.1405,0.1332,0.14500000000000002
200,0.93565,0.16535,0.1472,0.1345,0.14815,0.14955,0.1359,0.15505,0.16605,0.1264,0.14905,0.14625000000000002
201,0.0999,0.14,0.1303,0.13925,0.17405,0.141,0.14865,0.13745,0.1343,0.12275,0.1472,0.1482
202,0.04535,0.1595,0.16135,0.10615,0.1319,0.14065,0.1357,0.1377,0.14535,0.16605,0.14715,0.14455
203,0.1022,0.12805,0.13775,0.13745,0.1486,0.17315,0.1358,0.1599,0.1538,0.14335,0.1423,0.1509
204,0.373,0.15485,0.1504,0.13835,0.1484,0.14305,0.2377,0.16865,0.14555,0.1421,0.1332,0.1572
205,0.13505,0.15105,0.14935,0.1351,0.1451,0.15165,0.13195,0.135,0.13995,0.1412,0.15155,0.14075000000000001
206,0.12465,0.138,0.13675,0.14685,0.16535,0.1397,0.1877,0.15115,0.138,0.14895,0.1291,0.1502
207,0.1019,0.1489,0.1352,0.13655,0.1537,0.13775,0.4038,0.13775,0.15395,0.13975,0.14895,0.1516
208,0.10405,0.13835,0.13955,0.1379,0.14025,0.15165,0.12975,0.14875,0.14635,0.14145,0.1745,0.1426
209,0.14955,0.1452,0.1669,0.142,0.1411,0.1443,0.12185,0.17,0.15185,0.1312,0.1399,0.14455
210,0.12215,0.1533,0.1497,0.12605,0.1384,0.14085,0.1439,0.13575,0.1433,0.14335,0.1414,0.14535
211,0.14455,0.16095,0.14135,0.12525,0.1351,0.1396,0.1323,0.14475,0.15075,0.1141,0.14175,0.1416
212,0.19695,0.14095,0.15995,0.12525,0.1479,0.1509,0.13325,0.14605,0.15005,0.12285,0.15285,0.15215
213,0.07845,0.13865,0.1526,0.1737,0.13835,0.14485,0.1386,0.14345,0.1435,0.1358,0.13095,0.1578
214,0.23625,0.1542,0.1389,0.15895,0.1357,0.1401,0.1373,0.14395,0.24345,0.1662,0.1582,0.1441
215,0.1088,0.1409,0.14405,0.15725,0.15635,0.1366,0.14025,0.15105,0.1497,0.14665,0.1331,0.14925
216,0.2321,0.14565,0.1423,0.1264,0.1334,0.31505,0.1292,0.11745,0.13795,0.1373,0.1448,0.15465
217,0.13815,0.1449,0.1417,0.1743,0.1484,0.15475,0.13885,0.16425,0.1468,0.13315,0.15455,0.15215
218,0.1353,0.14655,0.145,0.13915,0.15155,0.13485,0.12755,0.1381,0.1352,0.1366,0.1499,0.1512
219,0.14485,0.13485,0.1664,0.1429,0.1607,0.14585,0.14175,0.16015,0.15615,0.158,0.1579,0.1545
220,0.1869,0.1794,0.14705,0.11975,0.1337,0.1476,0.12445,0.14515,0.15315,0.1303,0.1449,0.14355
221,0.13515,0.15705,0.13,0.1309,0.1348,0.13485,0.15125,0.13435,0.15345,0.1483,0.1419,0.14730000000000001
222,0.4788,0.19105,0.1552,0.15275,0.15075,0.13355,0.14165,0.1352,0.1474,0.15085,0.14455,0.1487
223,0.2839,0.1298,0.1453,0.1387,0.1731,0.14145,0.15175,0.1762,0.14785,0.125,0.1448,0.14405
224,0.15805,0.14285,0.13045,0.1896,0.1316,0.16365,0.1491,0.15285,0.15315,0.1541,0.15025,0.16155
225,0.13435,0.1388,0.15035,0.1528,0.13635,0.15355,0.12475,0.13585,0.1414,0.13765,0.1481,0.14455
226,0.18695,0.15015,0.1447,0.15575,0.14235,0.14005,0.15645,0.12695,0.1496,0.13095,0.23355,0.133
227,0.21945,0.1667,0.15975,0.13685,0.15045,0.1526,0.13425,0.13245,0.16605,0.12665,0.1459,0.1458
228,0.11775,0.15845,0.14855,0.14235,0.13585,0.15445,0.12155,0.1384,0.1428,0.14505,0.15675,0.1454
229,0.112,0.14355,0.15855,0.1375,0.13895,0.16735,0.14125,0.146,0.14905,0.1381,0.14355,0.13495000000000001
230,0.1709,0.1635,0.13695,0.10705,0.14685,0.13615,0.14335,0.17115,0.14165,0.1286,0.13085,0.14435
231,0.05155,0.13715,0.1447,0.1326,0.1427,0.1522,0.19275,0.15965,0.1479,0.1795,0.1509,0.1472
232,0.1341,0.14605,0.1423,0.1249,0.2186,0.14405,0.1141,0.14545,0.15835,0.13735,0.14645,0.14150000000000001
233,0.08905,0.1447,0.14635,0.1494,0.1365,0.1388,0.1339,0.1336,0.14735,0.1413,0.1363,0.1461
234,0.1623,0.1415,0.1858,0.1361,0.1321,0.1416,0.1534,0.1492,0.1472,0.1598,0.1368,0.14635
235,0.1477,0.1354,0.15345,0.13845,0.14675,0.13385,0.1537,0.14695,0.1362,0.14895,0.14615,0.15645
236,0.09925,0.13435,0.17015,0.1441,0.1358,0.1536,0.1501,0.13705,0.1507,0.15685,0.1542,0.14325000000000002
237,0.09815,0.1508,0.1348,0.1638,0.1453,0.1312,0.12575,0.137,0.13345,0.15895,0.15115,0.1436
238,0.16755,0.14235,0.1546,0.14685,0.14475,0.15935,0.13435,0.1353,0.13485,0.1215,0.1484,0.1466
239,0.12435,0.1346,0.1428,0.1475,0.14235,0.14365,0.16765,0.1396,0.13865,0.1385,0.1504,0.1431
240,0.0924,0.16085,0.14035,0.137,0.1426,0.1457,0.1687,0.14045,0.14995,0.14185,0.1428,0.1291
241,0.2065,0.15115,0.154,0.1367,0.1358,0.14745,0.1451,0.13905,0.1374,0.165,0.13385,0.14155
242,0.1204,0.14755,0.1414,0.1908,0.13955,0.1443,0.1362,0.1356,0.1385,0.1552,0.15795,0.15185
243,0.06785,0.1382,0.14875,0.13475,0.13865,0.1461,0.13655,0.14105,0.1419,0.13465,0.14645,0.15810000000000002
244,0.2397,0.14825,0.1408,0.18615,0.1461,0.1545,0.17255,0.1363,0.12905,0.1674,0.1445,0.14875
245,0.13875,0.18925,0.14375,0.1534,0.1467,0.13985,0.13615,0.128,0.15565,0.14715,0.13935,0.152
246,0.10015,0.16185,0.13405,0.41325,0.1354,0.14715,0.1447,0.1408,0.164,0.1264,0.17325,0.1535
247,0.1026,0.1538,0.1361,0.1522,0.1401,0.13955,0.14465,0.1292,0.1411,0.1281,0.13385,0.14935
248,0.1053,0.1562,0.14975,0.1412,0.14275,0.1971,0.1906,0.15055,0.1364,0.16025,0.15165,0.1517
249,0.13955,0.1465,0.14645,0.1408,0.1442,0.1521,0.1197,0.14335,0.14605,0.1332,0.1331,0.13705
250,0.13565,0.1459,0.16555,0.15205,0.13935,0.1383,0.14585,0.14535,0.1459,0.15215,0.13165,0.1525
251,0.1177,0.13975,0.14815,0.1667,0.1625,0.13365,0.137,0.151,0.15665,0.13685,0.1397,0.14435
252,0.1591,0.1382,0.1551,0.15605,0.17345,0.1485,0.14875,0.14585,0.1335,0.12675,0.167,0.1479
253,0.06305,0.15035,0.1687,0.1292,0.1455,0.1362,0.19295,0.1449,0.1389,0.13015,0.1503,0.1501
254,0.1164,0.13075,0.13695,0.14725,0.1376,0.13695,0.1527,0.1455,0.1416,0.1433,0.15055,0.14655
255,0.1235,0.13705,0.13955,0.14445,0.14105,0.14655,0.14715,0.143,0.15255,0.1322,0.13515,0.14450000000000002
256,0.1332,0.14295,0.13565,0.14,0.15415,0.1441,0.15635,0.1433,0.135,0.13375,0.158,0.14715
257,0.0893,0.13885,0.13545,0.13735,0.14105,0.13555,0.1319,0.14,0.16795,0.13645,0.16055,0.1371
258,0.16325,0.13845,0.14925,0.13675,0.149,0.13725,0.18155,0.151,0.16895,0.1392,0.13875,0.13675
259,0.28265,0.1436,0.1324,0.1473,0.14925,0.1462,0.12205,0.13155,0.1546,0.1244,0.14265,0.15185
260,0.81015,0.13785,0.1551,0.12995,0.13015,0.1697,0.1431,0.1301,0.14315,0.11375,0.1467,0.1468
261,0.09355,0.14975,0.13875,0.15095,0.15085,0.1425,0.14455,0.14625,0.1396,0.1756,0.15795,0.1458
262,0.15975,0.14915,0.1411,0.18035,0.135,0.13925,0.15245,0.1385,0.14035,0.1422,0.1584,0.14730000000000001
263,0.0965,0.1444,0.1467,0.1341,0.15715,0.15635,0.1535,0.18,0.13415,0.1218,0.15055,0.1476
264,0.20515,0.1459,0.1492,0.12985,0.1528,0.15455,0.14625,0.1536,0.2023,0.22485,0.14915,0.15635000000000002
265,0.08205,0.1399,0.14265,0.1251,0.173,0.14195,0.14575,0.1556,0.17195,0.14335,0.1538,0.14765
266,0.184,0.14935,0.1398,0.13745,0.14135,0.1478,0.12805,0.14695,0.1572,0.14075,0.1552,0.14780000000000001
267,0.2506,0.157,0.14915,0.16065,0.15475,0.1447,0.1167,0.14385,0.1641,0.1345,0.159,0.1467
268,0.09025,0.17655,0.161,0.144,0.1308,0.13695,0.1313,0.13295,0.14815,0.13975,0.1361,0.15875
269,0.2297,0.15135,0.1519,0.38875,0.1209,0.1415,0.14095,0.14525,0.1453,0.1307,0.13225,0.14135
270,0.11245,0.14175,0.14115,0.14615,0.15975,0.14615,0.1319,0.15105,0.15375,0.1288,0.15305,0.1501
271,0.11785,0.1537,0.14635,0.13105,0.1407,0.14965,0.11855,0.13255,0.13075,0.1372,0.13965,0.14735
272,0.18295,0.144,0.13625,0.16465,0.13675,0.1538,0.15215,0.1541,0.1442,0.14135,0.1394,0.1517
273,0.1711,0.13975,0.13445,0.15955,0.1504,0.15025,0.29015,0.15065,0.17125,0.1626,0.15195,0.1427
274,0.1134,0.157,0.1518,0.1688,0.149,0.1416,0.1368,0.1437,0.13995,0.14475,0.1429,0.14705000000000001
275,0.127,0.129,0.1415,0.1326,0.1631,0.14195,0.1644,0.14665,0.14345,0.12505,0.14555,0.13445000000000001
276,0.16025,0.1427,0.13605,0.1465,0.1482,0.1425,0.1722,0.1376,0.134,0.12925,0.142,0.157
277,0.1807,0.1386,0.1549,0.15,0.15125,0.14145,0.1252,0.1489,0.1376,0.1391,0.1632,0.26645
278,0.11015,0.16375,0.13895,0.13595,0.12725,0.14615,0.13885,0.16885,0.1675,0.1306,0.13425,0.14895
279,0.0534,0.148,0.15945,0.19605,0.14835,0.15975,0.17,0.14265,0.13395,0.14765,0.1513,0.14865
280,0.17235,0.1614,0.14695,0.12915,0.1292,0.1346,0.1386,0.1411,0.14465,0.12255,0.14055,0.16145
281,0.1562,0.149,0.16,0.12605,0.12575,0.13,0.12735,0.1399,0.1843,0.1311,0.16795,0.15410000000000001
282,0.11445,0.14435,0.13705,0.1446,0.13585,0.14675,0.2571,0.13425,0.15295,0.13905,0.1353,0.14605
283,0.08875,0.15,0.14205,0.13345,0.1746,0.1391,0.10695,0.165,0.1589,0.13955,0.1508,0.151
284,0.19305,0.1343,0.15035,0.1389,0.136,0.1448,0.16055,0.1562,0.14545,0.1444,0.1481,0.13505
285,0.3163,0.14725,0.1499,0.1453,0.13065,0.13755,0.14695,0.1332,0.1341,0.1585,0.1532,0.1539
286,0.15445,0.162,0.14845,0.13345,0.1033,0.14575,0.163,0.1395,0.1511,0.15665,0.14485,0.15135
287,0.1442,0.14635,0.15405,0.1098,0.127,0.14285,0.18425,0.14025,0.1339,0.1351,0.1543,0.1451
288,0.09135,0.1441,0.14645,0.1612,0.1401,0.1309,0.13655,0.1435,0.1534,0.12895,0.14215,0.1453
289,0.1338,0.15645,0.15425,0.156,0.15195,0.1476,0.13385,0.1435,0.1892,0.1463,0.16455,0.15455000000000002
290,0.1541,0.1644,0.14585,0.1441,0.13115,0.1416,0.1703,0.13545,0.14125,0.1471,0.14475,0.14400000000000002
291,1.0,0.1572,0.13445,0.14395,0.15105,0.14545,0.14485,0.15805,0.1421,0.1289,0.15295,0.14465
292,0.28415,0.17255,0.1281,0.13185,0.44565,0.14035,0.1347,0.14315,0.15135,0.1484,0.15295,0.1522
293,0.401,0.1549,0.1436,0.13685,0.146,0.13805,0.14255,0.14855,0.18585,0.16535,0.1491,0.1398
294,0.11165,0.1592,0.1468,0.1631,0.1591,0.15425,0.15475,0.1481,0.1436,0.14075,0.15795,0.14345
295,0.12405,0.1437,0.1403,0.13525,0.14,0.1456,0.15175,0.1396,0.13455,0.1379,0.14305,0.14255
296,0.1436,0.14995,0.15355,0.1442,0.1524,0.1454,0.13495,0.16525,0.14625,0.1524,0.13485,0.15825
297,0.12895,0.14775,0.17185,0.1621,0.1334,0.1459,0.2289,0.1382,0.14055,0.14555,0.2152,0.13895000000000002
298,0.15995,0.14945,0.1546,0.1288,0.1428,0.14255,0.13315,0.1473,0.15065,0.1436,0.13575,0.1749
299,0.1143,0.1536,0.15695,0.14015,0.13365,0.13735,0.15835,0.13375,0.1434,0.1354,0.14595,0.15835000000000002
300,0.0801,0.13225,0.1159,0.1619,0.28115,0.1367,0.1438,0.15065,0.1517,0.1665,0.1422,0.1422
301,0.09785,0.14205,0.15185,0.13805,0.12775,0.1631,0.13575,0.1458,0.1465,0.1652,0.1603,0.13835
302,0.09435,0.14595,0.1442,0.1231,0.1372,0.1358,0.1227,0.1482,0.14355,0.15575,0.1551,0.14525000000000002
303,0.117,0.15005,0.1519,0.13365,0.18215,0.15855,0.145,0.1503,0.1437,0.15275,0.14415,0.14830000000000002
304,0.1144,0.17555,0.1374,0.1201,0.13015,0.13505,0.3683,0.15465,0.13,0.1719,0.14265,0.15125
305,0.2184,0.12395,0.17,0.1232,0.21305,0.1414,0.158,0.15255,0.14915,0.1519,0.1465,0.1466
306,0.66115,0.1529,0.14735,0.1635,0.1544,0.1455,0.15,0.15285,0.14055,0.13845,0.14375,0.14135
307,0.07255,0.1391,0.1317,0.13465,0.1343,0.1468,0.1495,0.14735,0.14375,0.12095,0.1543,0.1348
308,0.27325,0.1513,0.14605,0.1514,0.13375,0.14155,0.13275,0.1433,0.1469,0.15805,0.162,0.14735
309,0.1596,0.17155,0.14895,0.2215,0.13975,0.14455,0.1779,0.13365,0.13705,0.11405,0.13795,0.14980000000000002
310,0.10765,0.1336,0.14285,0.12555,0.1359,0.13085,0.13035,0.1374,0.14465,0.12425,0.14955,0.14445
311,0.10885,0.1445,0.15835,0.16245,0.1261,0.1438,0.1308,0.1628,0.15065,0.1355,0.1603,0.1582
312,0.1229,0.13485,0.1402,0.20585,0.1539,0.14885,0.14895,0.13545,0.1426,0.1256,0.1448,0.1389
313,0.07065,0.12765,0.14435,0.1728,0.13275,0.15055,0.1476,0.15595,0.15175,0.13325,0.14805,0.14635
314,0.0822,0.1449,0.15765,0.13415,0.1367,0.15125,0.159,0.14385,0.1541,0.14165,0.15315,0.1404
315,0.1507,0.13915,0.15585,0.27945,0.14245,0.1687,0.1763,0.33995,0.1504,0.1499,0.14325,0.1476
316,0.0793,0.16025,0.15885,0.1616,0.13225,0.13565,0.2279,0.15345,0.1519,0.15385,0.14535,0.1525
317,0.1104,0.1925,0.1541,0.12245,0.1618,0.1462,0.11745,0.1704,0.1394,0.14095,0.1392,0.14855000000000002
318,0.1101,0.1523,0.15645,0.13655,0.1308,0.164,0.16405,0.14835,0.14545,0.139,0.1389,0.1404
319,0.13205,0.14315,0.1406,0.0998,0.1518,0.14285,0.1484,0.1355,0.13165,0.13545,0.145,0.1495
320,0.12215,0.15225,0.1633,0.14665,0.1313,0.14255,0.13995,0.1422,0.13345,0.18305,0.14835,0.1511
321,0.1486,0.1714,0.1518,0.12645,0.1406,0.15455,0.1417,0.1423,0.14915,0.15615,0.14885,0.14555
322,0.1441,0.13015,0.136,0.1771,0.1709,0.28335,0.15025,0.14085,0.14755,0.14015,0.15025,0.1531
323,0.1411,0.15125,0.12375,0.1197,0.13955,0.1382,0.1293,0.15475,0.13625,0.127,0.15535,0.14225000000000002
324,0.16585,0.14095,0.181,0.13365,0.14935,0.13575,0.14435,0.1403,0.15345,0.165,0.1377,0.1452
325,0.1173,0.13035,0.1623,0.1377,0.15785,0.1483,0.16855,0.15445,0.13735,0.12085,0.1594,0.1471
326,0.31475,0.16225,0.14585,0.14305,0.13065,0.15665,0.1498,0.1289,0.137,0.172,0.16135,0.1567
327,0.21105,0.15855,0.14465,0.1571,0.1131,0.1562,0.1378,0.13595,0.15365,0.1464,0.14865,0.13835
328,0.10525,0.1444,0.1492,0.1308,0.1386,0.15285,0.1569,0.1526,0.13145,0.141,0.15505,0.14925
329,0.11295,0.14815,0.15745,0.12835,0.13725,0.1472,0.13065,0.14275,0.1446,0.1359,0.1383,0.14350000000000002
330,0.2294,0.1304,0.16105,0.1405,0.1397,0.17715,0.1296,0.14275,0.14825,0.1375,0.1396,0.1373
331,0.1538,0.14365,0.1455,0.1213,0.1502,0.13245,0.1551,0.13365,0.1501,0.14245,0.15235,0.1584
332,0.1129,0.183,0.14595,0.1339,0.1272,0.13845,0.13,0.1511,0.15375,0.1417,0.1389,0.1413
333,0.1519,0.1394,0.1451,0.17235,0.15645,0.1328,0.1394,0.15555,0.14375,0.1545,0.1494,0.15175
334,0.14855,0.14425,0.1408,0.128,0.17515,0.1347,0.1493,0.136,0.14475,0.14035,0.14805,0.1436
335,0.7127,0.15685,0.1512,0.13865,0.1371,0.15245,0.12255,0.1465,0.1507,0.13355,0.15085,0.1424
336,0.3311,0.1897,0.13335,0.13325,0.23575,0.1573,0.1317,0.158,0.14425,0.1476,0.17545,0.14750000000000002
337,0.15035,0.14335,0.13695,0.15945,0.1389,0.14995,0.1267,0.1357,0.1386,0.16245,0.14765,0.13835
338,0.5504,0.16035,0.1593,0.1315,0.1319,0.1338,0.21375,0.12195,0.1358,0.14075,0.1506,0.1404
339,0.11865,0.15295,0.15355,0.1495,0.1601,0.1438,0.14905,0.14905,0.14955,0.12105,0.1365,0.14775000000000002
340,0.1496,0.14765,0.15595,0.1339,0.1449,0.13745,0.1371,0.14195,0.14625,0.1453,0.14955,0.15715
341,0.0958,0.1584,0.14835,0.1365,0.1423,0.1339,0.1348,0.13095,0.1255,0.1493,0.12885,0.1501
342,0.1053,0.1588,0.1477,0.1282,0.14335,0.1449,0.1264,0.1255,0.1614,0.13515,0.1506,0.15355000000000002
343,0.16425,0.1375,0.14635,0.14035,0.16425,0.19075,0.1237,0.14035,0.14775,0.1408,0.1298,0.14650000000000002
344,0.1067,0.137,0.15835,0.18115,0.16205,0.14125,0.15085,0.1367,0.14215,0.13445,0.14705,0.15715
345,0.12765,0.1452,0.1733,0.145,0.1671,0.14145,0.13745,0.12965,0.15105,0.13995,0.1563,0.1512
346,0.08485,0.1661,0.1382,0.14885,0.1427,0.14755,0.1436,0.136,0.1548,0.1366,0.13505,0.1467
347,0.20815,0.136,0.13425,0.12425,0.19225,0.1504,0.32975,0.13335,0.1411,0.15315,0.13975,0.1477
348,0.1054,0.1543,0.1626,0.1257,0.15295,0.1422,0.36265,0.14505,0.14685,0.1688,0.1472,0.1413
349,0.2271,0.1429,0.141,0.12515,0.12735,0.1356,0.14745,0.1429,0.1438,0.15575,0.14015,0.1454
350,0.13325,0.15265,0.1555,0.7067,0.13895,0.137,0.15285,0.14585,0.14585,0.1641,0.1418,0.1408
351,0.08865,0.15135,0.13605,0.14345,0.13725,0.14605,0.12635,0.13505,0.14905,0.14035,0.14115,0.14695
352,0.1196,0.14425,0.1602,0.1439,0.13675,0.1376,0.13195,0.16445,0.144,0.14485,0.145,0.15305000000000002
353,0.19045,0.1541,0.1427,0.13315,0.15425,0.14275,0.1602,0.15945,0.13745,0.1401,0.15255,0.16
354,0.1345,0.1407,0.14135,0.1427,0.1397,0.1628,0.16425,0.12465,0.1426,0.12825,0.15145,0.1521
355,0.08445,0.1495,0.1639,0.14475,0.14295,0.13885,0.13445,0.13305,0.1504,0.1618,0.13825,0.15255000000000002
356,0.1196,0.13935,0.15555,0.12885,0.12525,0.18245,0.1303,0.13625,0.1421,0.13065,0.14485,0.1545
357,0.1312,0.16245,0.14535,0.1439,0.1349,0.1409,0.1468,0.14755,0.1467,0.1361,0.1387,0.1386
358,0.9417,0.14205,0.16195,0.1277,0.1678,0.11035,0.1276,0.13345,0.14685,0.144,0.1482,0.1364
359,0.19405,0.1514,0.1365,0.14325,0.1439,0.162,0.17265,0.14605,0.1628,0.13965,0.14635,0.14845
360,0.1888,0.1567,0.1475,0.1518,0.1814,0.14785,0.13535,0.1468,0.15485,0.12445,0.14145,0.14100000000000001
361,0.079,0.1492,0.14245,0.1213,0.14795,0.15975,0.13065,0.14215,0.14755,0.13775,0.15795,0.15925
362,0.14125,0.13785,0.1471,0.13765,0.20325,0.1409,0.1413,0.13835,0.141,0.2526,0.15645,0.1341
363,0.1092,0.1816,0.1422,0.1297,0.1237,0.14945,0.2329,0.1647,0.1321,0.1415,0.1488,0.14730000000000001
364,0.1764,0.14065,0.13495,0.1536,0.14895,0.14,0.14065,0.13745,0.1381,0.1723,0.14225,0.15395
365,0.08135,0.1374,0.14325,0.12645,0.18515,0.1316,0.20105,0.0,0.1596,0.1397,0.13345,0.1429
366,0.23645,0.1459,0.12595,0.14505,0.1386,0.1335,0.12795,0.17305,0.141,0.14435,0.1493,0.1436
367,0.05655,0.1558,0.1483,0.1444,0.04495,0.14605,0.15225,0.1393,0.1476,0.12965,0.15435,0.1486
368,0.14105,0.1339,0.13655,0.1408,0.14615,0.13295,0.15025,0.1456,0.13955,0.13405,0.14535,0.14485
369,0.1928,0.14065,0.1587,0.146,0.14735,0.17205,0.1914,0.1568,0.14435,0.1578,0.15895,0.1421
370,0.11085,0.1597,0.13795,0.12425,0.14235,0.14175,0.1199,0.13405,0.16305,0.1407,0.16055,0.1449
371,0.1615,0.14415,0.23435,0.12675,0.15995,0.13225,0.13295,0.12535,0.14765,0.13485,0.16805,0.1431
372,0.11285,0.15915,0.14535,0.1406,0.1261,0.15585,0.12795,0.1439,0.15395,0.142,0.14275,0.15285
373,0.167,0.13695,0.1455,0.1768,0.14975,0.1449,0.16725,0.1407,0.13945,0.1354,0.1533,0.1481
374,0.1241,0.13375,0.1984,0.14725,0.1434,0.13595,0.1356,0.16545,0.146,0.14805,0.1458,0.14550000000000002
375,0.1338,0.13805,0.1355,0.1296,0.1289,0.13995,0.13695,0.13515,0.14315,0.1683,0.14025,0.14355
376,0.2442,0.15935,0.1539,0.13795,0.14945,0.1512,0.13395,0.1406,0.1421,0.1615,0.1428,0.14965
377,0.14265,0.15435,0.1785,0.1357,0.1365,0.226,0.1255,0.17415,0.1426,0.13,0.128,0.1506
378,0.12525,0.1415,0.1212,0.17505,0.1578,0.1421,0.1545,0.12395,0.13925,0.14185,0.1537,0.16365000000000002
379,0.14825,0.1424,0.08215,0.1521,0.1303,0.13765,0.1344,0.13895,0.15675,0.15735,0.12595,0.14815
380,0.2142,0.1425,0.13545,0.14965,0.1449,0.13485,0.1522,0.1612,0.15525,0.1852,0.13815,0.1443
381,0.19225,0.15395,0.1405,0.14225,0.133,0.1476,0.1314,0.1517,0.1481,0.16855,0.14085,0.15585000000000002
382,0.13775,0.1556,0.1715,0.16575,0.15035,0.1363,0.2419,0.14915,0.1586,0.11505,0.1431,0.14535
383,0.1775,0.1417,0.1404,0.1286,0.14405,0.13925,0.19715,0.1569,0.1389,0.21225,0.14525,0.1535
384,0.1125,0.13845,0.14875,0.17725,0.13285,0.139,0.14165,0.1416,0.11225,0.166,0.1259,0.15075
385,0.10435,0.14265,0.1399,0.13185,0.1449,0.1432,0.15775,0.13315,0.141,0.1507,0.33395,0.14700000000000002
386,0.15285,0.14505,0.13855,0.12765,0.13345,0.14615,0.14525,0.17635,0.1518,0.13235,0.15685,0.1519
387,0.1184,0.1419,0.1366,0.14855,0.15415,0.13935,0.1502,0.14795,0.16455,0.14285,0.13415,0.14015
388,0.0869,0.15545,0.16625,0.1383,0.1292,0.15115,0.1446,0.1465,0.14475,0.12365,0.13305,0.14595
389,0.11255,0.1509,0.14555,0.18715,0.1412,0.1562,0.11925,0.13815,0.14735,0.1286,0.1334,0.14345
390,0.1301,0.1412,0.14895,0.1199,0.19875,0.1449,0.1214,0.12765,0.14065,0.1474,0.14875,0.1481
391,0.15315,0.1712,0.0812,0.1358,0.1366,0.14455,0.1296,0.1361,0.1486,0.161,0.1483,0.15505000000000002
392,0.09295,0.1427,0.13625,0.13235,0.13555,0.14155,0.18055,0.14425,0.15085,0.1539,0.152,0.14980000000000002
393,0.1594,0.1515,0.15785,0.1392,0.1357,0.1468,0.1502,0.13845,0.14535,0.1533,0.1362,0.14835
394,0.49705,0.16225,0.1317,0.20075,0.14335,0.14795,0.13175,0.13945,0.13925,0.13305,0.1389,0.15030000000000002
395,0.1768,0.1432,0.1875,0.1453,0.1355,0.1561,0.1801,0.15625,0.1444,0.12285,0.14665,0.1331
396,0.10705,0.14385,0.14155,0.12975,0.13435,0.1393,0.1455,0.13935,0.15645,0.13015,0.15965,0.14165
397,0.07155,0.1366,0.15785,0.15585,0.1423,0.14915,0.16675,0.2034,0.14845,0.137,0.1459,0.1542
398,0.1571,0.15585,0.1384,0.1487,0.16385,0.14415,0.1358,0.1707,0.16485,0.11545,0.146,0.1509
399,0.16445,0.2419,0.1323,0.15465,0.1301,0.1473,0.1386,0.14095,0.1364,0.14925,0.14175,0.14885
400,0.18995,0.16685,0.14575,0.27785,0.1588,0.146,0.1469,0.15765,0.1509,0.1735,0.1411,0.15265
401,0.1599,0.1556,0.1336,0.1735,0.12545,0.14455,0.13465,0.1327,0.14155,0.15715,0.1557,0.14595
402,0.08495,0.1334,0.14405,0.14775,0.13925,0.14245,0.1831,0.1363,0.14225,0.16725,0.15565,0.14105
403,0.14395,0.1449,0.15555,0.1482,0.14685,0.1504,0.1354,0.2085,0.1413,0.1404,0.1385,0.15385000000000001
404,0.11875,0.14005,0.1609,0.123,0.13395,0.13705,0.1334,0.1383,0.1544,0.14365,0.14275,0.1443
405,0.11435,0.1448,0.15645,0.15165,0.15475,0.14455,0.14175,0.14325,0.1499,0.1581,0.1334,0.14
406,0.24285,0.1307,0.15215,0.1444,0.13565,0.1386,0.1325,0.13195,0.14725,0.1721,0.15205,0.15475
407,0.125,0.14665,0.15375,0.12275,0.12995,0.1347,0.13165,0.1386,0.14135,0.1331,0.14355,0.15475
408,0.101,0.1392,0.1511,0.13135,0.24195,0.15875,0.14485,0.1511,0.13475,0.1424,0.1512,0.15
409,0.14665,0.1421,0.14685,0.13885,0.1602,0.14555,0.1277,0.1419,0.1549,0.14425,0.14235,0.14875
410,0.1152,0.1361,0.1475,0.1296,0.13945,0.1454,0.12015,0.14895,0.1421,0.15685,0.1508,0.1527
411,0.11985,0.49775,0.1409,0.13455,0.13415,0.1554,0.14565,0.16705,0.13425,0.12215,0.14285,0.1379
412,0.11775,0.14705,0.1531,0.167,0.146,0.1343,0.1225,0.1397,0.15535,0.1302,0.14265,0.15105000000000002
413,0.24115,0.13545,0.1504,0.12555,0.1468,0.13945,0.13855,0.1368,0.13595,0.1394,0.15425,0.14165
414,0.2614,0.1641,0.15625,0.14365,0.13995,0.14765,0.1531,0.14075,0.14015,0.12635,0.124,0.14925
415,0.20515,0.1412,0.1521,0.1306,0.14525,0.15865,0.14085,0.1424,0.14585,0.14445,0.13745,0.14555
416,0.1501,0.1435,0.14475,0.13085,0.1503,0.14375,0.15255,0.1318,0.1332,0.1301,0.1382,0.14925
417,0.17125,0.15305,0.1432,0.17,0.13905,0.13535,0.13705,0.15785,0.14065,0.13555,0.1414,0.15305000000000002
418,0.11935,0.142,0.16555,0.14925,0.15435,0.13015,0.13315,0.1397,0.1354,0.13345,0.1355,0.1396
419,0.1262,0.14345,0.1387,0.1462,0.14535,0.1454,0.12815,0.15555,0.15745,0.1314,0.14685,0.14225000000000002
420,0.4682,0.14235,0.14125,0.1396,0.16355,0.15325,0.1564,0.1434,0.15,0.1608,0.142,0.15075
421,0.0954,0.1498,0.1538,0.1217,0.16365,0.14425,0.1479,0.1334,0.1388,0.1489,0.1504,0.14965
422,0.25855,0.137,0.14665,0.11295,0.14205,0.1445,0.14535,0.15,0.14125,0.1538,0.1465,0.1529
423,0.1039,0.1564,0.16205,0.1392,0.1453,0.15685,0.14735,0.14335,0.15,0.1366,0.1404,0.14985
424,0.12485,0.15835,0.13885,0.147,0.14615,0.1499,0.12555,0.1493,0.14595,0.17115,0.14315,0.15460000000000002
425,0.26685,0.1532,0.1488,0.1282,0.14035,0.1446,0.1441,0.13315,0.1476,0.1421,0.16025,0.14105
426,0.12825,0.14135,0.13985,0.1505,0.1421,0.1425,0.1269,0.15785,0.14195,0.19285,0.1472,0.14450000000000002
427,0.101,0.13545,0.1415,0.16795,0.13575,0.1486,0.14265,0.15435,0.1406,0.139,0.1565,0.14425000000000002
428,0.11365,0.1484,0.1576,0.13025,0.13905,0.1585,0.16825,0.14835,0.1488,0.12135,0.1502,0.13875
429,0.1864,0.15585,0.14415,0.1434,0.15215,0.13675,0.1385,0.1445,0.1467,0.1353,0.14705,0.14805000000000001
430,0.11635,0.14675,0.14375,0.12205,0.13955,0.14535,0.1425,0.14105,0.1451,0.1443,0.15185,0.14955000000000002
431,0.1786,0.16935,0.13265,0.11515,0.13825,0.1494,0.1311,0.13035,0.1406,0.12665,0.14435,0.14600000000000002
432,0.07085,0.1545,0.197,0.12845,0.7412,0.1449,0.1694,0.1441,0.15425,0.13825,0.13705,0.14055
433,0.1229,0.13935,0.1448,0.1259,0.12835,0.14085,0.1395,0.14455,0.15635,0.16425,0.14615,0.14625000000000002
434,0.11205,0.10575,0.1609,0.15165,0.1622,0.15195,0.1511,0.15275,0.1483,0.1354,0.1511,0.15145
435,0.1192,0.1483,0.14775,0.14375,0.1346,0.13845,0.1322,0.14175,0.1365,0.152,0.12135,0.1466
436,0.1063,0.1405,0.14325,0.1656,0.1448,0.14825,0.12355,0.13405,0.1319,0.151,0.1478,0.14550000000000002
437,0.2828,0.14765,0.1703,0.13505,0.1384,0.1457,0.1596,0.1543,0.15045,0.14135,0.13885,0.15345
438,0.2242,0.16735,0.1682,0.13095,0.1252,0.13455,0.1658,0.1472,0.1545,0.138,0.1532,0.13925
439,0.14185,0.15335,0.13685,0.13855,0.1488,0.13735,0.13855,0.14205,0.154,0.1234,0.1517,0.14225000000000002
440,0.18,0.17085,0.1374,0.1575,0.1276,0.154,0.14385,0.129,0.1413,0.1358,0.1419,0.14250000000000002
441,0.1484,0.15035,0.1379,0.13255,0.145,0.14075,0.15015,0.12925,0.152,0.1446,0.1399,0.1403
442,0.05835,0.14545,0.1474,0.1566,0.13055,0.14235,0.1362,0.12805,0.18155,0.13095,0.14475,0.1453
443,0.1664,0.15565,0.1371,0.1358,0.15085,0.1417,0.1544,0.1378,0.15335,0.1134,0.14375,0.14345
444,0.1352,0.14045,0.12535,0.14005,0.1469,0.1454,0.18395,0.16825,0.13865,0.12935,0.13375,0.15480000000000002
445,0.06715,0.14835,0.1802,0.13165,0.14475,0.13355,0.14185,0.14975,0.14795,0.127,0.13715,0.14365
446,0.14265,0.1386,0.13615,0.14605,0.1383,0.14425,0.16035,0.1642,0.1433,0.1275,0.14,0.155
447,0.13525,0.15135,0.1439,0.13555,0.15365,0.1457,0.1363,0.1326,0.1507,0.14705,0.166,0.1423
448,0.19235,0.1379,0.13555,0.13765,0.13815,0.1473,0.1349,0.2032,0.15085,0.13935,0.1453,0.14895
449,0.2121,0.13935,0.1449,0.1319,0.14865,0.1505,0.15485,0.134,0.1439,0.15915,0.14625,0.15230000000000002
450,0.1513,0.1301,0.14525,0.14975,0.14695,0.1414,0.128,0.1401,0.1471,0.13525,0.14925,0.14285
451,0.1589,0.13505,0.136,0.11555,0.16175,0.14285,0.14445,0.1444,0.15475,0.147,0.16315,0.1422
452,0.1523,0.1643,0.1348,0.16235,0.14715,0.13705,0.13675,0.1457,0.13485,0.2218,0.1567,0.14225000000000002
453,0.11205,0.165,0.24245,0.1283,0.1369,0.1417,0.29965,0.15835,0.14205,0.17035,0.1653,0.14175000000000001
454,0.0878,0.1468,0.1389,0.1461,0.13265,0.2004,0.109,0.13665,0.17485,0.15165,0.1384,0.13545000000000001
455,0.08805,0.1885,0.13755,0.11995,0.13705,0.1485,0.1151,0.1574,0.14555,0.14345,0.13925,0.14305
456,0.13985,0.1484,0.16725,0.13875,0.13325,0.1517,0.14385,0.14305,0.15345,0.14225,0.14585,0.14365
457,0.1394,0.1336,0.15515,0.17055,0.1393,0.1477,0.13045,0.1466,0.137,0.1272,0.14335,0.14945
458,1.0,0.1518,0.1741,0.1312,0.14375,0.1451,0.13205,0.1502,0.1405,0.1395,0.15725,0.1345
459,0.1372,0.1412,0.14405,0.13015,0.14805,0.15815,0.14035,0.1506,0.1543,0.13475,0.154,0.1471
460,0.02595,0.1407,0.1591,0.154,0.15265,0.16075,0.14805,0.1343,0.1407,0.12785,0.14525,0.16720000000000002
461,0.15185,0.1453,0.1487,0.2171,0.15405,0.1436,0.18055,0.1465,0.13665,0.14835,0.1479,0.1385
462,0.09835,0.1223,0.15815,0.13445,0.23555,0.13915,0.17665,0.1383,0.1454,0.26915,0.1488,0.15025
463,0.135,0.1414,0.16085,0.15495,0.14135,0.14585,0.14095,0.16375,0.1414,0.134,0.13995,0.14830000000000002
464,0.1886,0.15095,0.137,0.13965,0.1574,0.1354,0.12,0.1422,0.1385,0.1465,0.135,0.1495
465,0.0857,0.1481,0.1344,0.16785,0.14625,0.1405,0.13765,0.12635,0.1473,0.16265,0.15745,0.1303
466,0.08835,0.1546,0.1502,0.1288,0.1399,0.1436,0.13975,0.1372,0.1448,0.1344,0.18455,0.1486
467,0.1091,0.1567,0.15005,0.16275,0.13295,0.15465,0.12265,0.13575,0.1297,0.17145,0.13645,0.1446
468,0.0853,0.1424,0.13715,0.13,0.1495,0.1493,0.09765,0.146,0.1394,0.12365,0.1517,0.15075
469,0.36775,0.1842,0.14495,0.11565,0.142,0.13915,0.13735,0.1402,0.1448,0.141,0.16625,0.1527
470,0.14055,0.1417,0.14485,0.1442,0.13705,0.1373,0.123,0.14475,0.1402,0.15105,0.13955,0.15435000000000001
471,0.10885,0.1553,0.15705,0.13075,0.1503,0.14715,0.11765,0.16265,0.143,0.12845,0.1397,0.13935
472,0.11135,0.13935,0.1549,0.13205,0.1504,0.1711,0.14625,0.1321,0.1459,0.1385,0.177,0.13775
473,0.1199,0.14735,0.13995,0.16295,0.14075,0.1411,0.1238,0.1374,0.159,0.1448,0.1753,0.15255000000000002
474,0.0965,0.145,0.14065,0.13075,0.13945,0.13785,0.1871,0.15355,0.1434,0.1667,0.1393,0.14385
475,0.1509,0.1393,0.1591,0.1412,0.13925,0.1538,0.13515,0.143,0.1435,0.185,0.1633,0.1376
476,0.2155,0.13865,0.15145,0.1342,0.1514,0.14615,0.13525,0.13495,0.1402,0.1534,0.13415,0.1449
477,0.1042,0.14435,0.1586,0.1361,0.1488,0.1497,0.14645,0.14845,0.13605,0.1427,0.21195,0.1379
478,0.13705,0.14685,0.14315,0.1435,0.18885,0.15915,0.1118,0.1331,0.14955,0.1198,0.1391,0.14245
479,0.16355,0.14655,0.13905,0.13185,0.14755,0.1381,0.13435,0.1545,0.145,0.1334,0.14885,0.15395
480,0.14585,0.14455,0.1315,0.22405,0.1419,0.14645,0.14275,0.13305,0.13995,0.1232,0.15525,0.1584
481,0.10685,0.1693,0.3152,0.1611,0.15605,0.1955,0.3219,0.1734,0.1428,0.139,0.14235,0.15075
482,0.10675,0.13075,0.14025,0.12815,0.16125,0.1726,0.1443,0.15035,0.14405,0.14935,0.14525,0.15325
483,0.09875,0.14255,0.14945,0.14105,0.1451,0.1409,0.13175,0.14005,0.14865,0.14655,0.14735,0.13965
484,0.1205,0.13555,0.1408,0.1556,0.14075,0.14635,0.1352,0.14175,0.14465,0.1459,0.1514,0.14980000000000002
485,0.1219,0.15365,0.153,0.13515,0.1371,0.1817,0.1409,0.23165,0.1492,0.1409,0.1558,0.14385
486,0.12205,0.14515,0.1396,0.13215,0.1403,0.1487,0.1398,0.1462,0.13925,0.14865,0.13965,0.14395
487,0.1173,0.15745,0.1392,0.19205,0.202,0.15275,0.1374,0.14615,0.1385,0.1302,0.15575,0.14805000000000001
488,0.11365,0.16855,0.1546,0.1384,0.1367,0.14,0.13465,0.1385,0.1533,0.1405,0.15325,0.1522
489,0.09395,0.1448,0.14985,0.1387,0.1604,0.13875,0.126,0.1616,0.1518,0.16095,0.14385,0.1501
490,0.13395,0.15295,0.14135,0.14545,0.15945,0.1329,0.15005,0.138,0.1465,0.1611,0.1479,0.1464
491,0.1201,0.1522,0.1363,0.1294,0.1394,0.13945,0.1531,0.16705,0.15785,0.1637,0.14825,0.14550000000000002
492,0.1671,0.1411,0.1539,0.1295,0.1406,0.13295,0.13745,0.1522,0.157,0.17675,0.15175,0.1457
493,0.11495,0.1596,0.1449,0.15595,0.1466,0.1366,0.16155,0.1434,0.14315,0.12545,0.1332,0.13855
494,0.22785,0.1361,0.1437,0.1505,0.1262,0.1485,0.1359,0.1379,0.14975,0.1572,0.15405,0.1482
495,0.144,0.15075,0.14335,0.12245,0.1361,0.1532,0.14485,0.16495,0.1681,0.1304,0.1506,0.1559
496,0.17205,0.1345,0.15295,0.13165,0.1512,0.1356,0.13565,0.1478,0.14175,0.134,0.1371,0.14375000000000002
497,0.08665,0.15115,0.14985,0.1593,0.14685,0.1443,0.1333,0.14795,0.13525,0.1321,0.1524,0.1472
498,0.1447,0.1453,0.198,0.14175,0.13775,0.1523,0.1354,0.147,0.146,0.1482,0.14,0.15215
499,0.094,0.14085,0.1664,0.23985,0.13,0.1452,0.14215,0.15325,0.1506,0.2992,0.14255,0.15435000000000001
500,0.1415,0.1306,0.17185,0.142,0.15365,0.1433,0.1318,0.17525,0.1255,0.13095,0.1427,0.1403
501,0.1228,0.13145,0.1554,0.1334,0.1421,0.1399,0.1612,0.14695,0.13915,0.14245,0.16195,0.15385000000000001
502,0.11735,0.14365,0.14135,0.1414,0.1499,0.1383,0.1341,0.14915,0.1318,0.1378,0.1402,0.14725000000000002
503,0.11905,0.1615,0.1468,0.1464,0.1347,0.14745,0.1311,0.13515,0.14465,0.1669,0.14415,0.13820000000000002
504,0.185,0.1637,0.16175,0.1434,0.1375,0.14785,0.12185,0.13915,0.13435,0.12285,0.1313,0.1395
505,0.1446,0.14125,0.13665,0.13255,0.16045,0.14205,0.1357,0.1629,0.1778,0.1288,0.145,0.1394
506,0.10125,0.15735,0.157,0.1491,0.1384,0.1397,0.1298,0.1404,0.1475,0.3266,0.1375,0.15645
507,0.169,0.12555,0.1397,0.2136,0.1441,0.13495,0.14515,0.14145,0.13225,0.1226,0.1437,0.14255
508,0.1295,0.1448,0.2059,0.16435,0.1372,0.14905,0.1468,0.142,0.14475,0.16505,0.14455,0.15735000000000002
509,0.14415,0.1476,0.1464,0.1466,0.16495,0.1627,0.149,0.15265,0.14205,0.1415,0.1427,0.1631
510,0.10785,0.1443,0.14985,0.1514,0.1503,0.13585,0.12765,0.1473,0.13855,0.12835,0.14115,0.1456
511,0.0601,0.14635,0.14395,0.1464,0.1352,0.1376,0.1249,0.16045,0.14365,0.1472,0.144,0.14735
512,0.1065,0.1386,0.16835,0.1223,0.14145,0.15565,0.1203,0.1453,0.1564,0.2274,0.18385,0.14
513,0.16635,0.14235,0.15925,0.1186,0.1486,0.1433,0.1476,0.13035,0.15295,0.13645,0.14575,0.1563
514,0.1158,0.14375,0.14645,0.1491,0.15985,0.1595,0.1405,0.1538,0.1342,0.1831,0.1357,0.13985
515,0.09205,0.15515,0.13295,0.13805,0.15225,0.1302,0.13615,0.13965,0.1723,0.11825,0.15065,0.13935
516,0.11685,0.14385,0.148,0.14765,0.1413,0.14235,0.1513,0.16255,0.1749,0.13425,0.14345,0.1385
517,0.123,0.14375,0.14955,0.12635,0.14115,0.14885,0.1198,0.14185,0.1609,0.1493,0.15165,0.13725
518,0.2624,0.14965,0.16045,0.15965,0.16385,0.1348,0.20155,0.18805,0.13585,0.1441,0.1388,0.16290000000000002
519,0.2235,0.1607,0.15095,0.1346,0.12825,0.13805,0.1361,0.13545,0.14775,0.1466,0.14625,0.1466
520,0.07695,0.16,0.15585,0.14925,0.14175,0.13515,0.15345,0.1414,0.1419,0.14055,0.15235,0.14150000000000001
521,0.17545,0.14945,0.1534,0.12575,0.1329,0.153,0.1427,0.14215,0.14335,0.1435,0.1622,0.15105000000000002
522,0.1457,0.13445,0.13855,0.1326,0.1478,0.1389,0.16115,0.1313,0.146,0.1503,0.15465,0.1481
523,0.07185,0.1433,0.1577,0.15975,0.1508,0.1516,0.13485,0.1555,0.1525,0.1543,0.1421,0.14065
524,0.15965,0.14425,0.20055,0.1399,0.13805,0.13385,0.1409,0.1375,0.1631,0.1597,0.14245,0.1444
525,0.1243,0.14675,0.15495,0.12995,0.1308,0.15015,0.1004,0.1649,0.1458,0.1389,0.1418,0.14205
526,0.11385,0.1435,0.1529,0.12635,0.13665,0.15165,0.1342,0.1471,0.14075,0.14085,0.156,0.14945
527,0.0956,0.15845,0.14165,0.1421,0.15125,0.1307,0.12675,0.13995,0.1507,0.1528,0.1413,0.14165
528,0.19825,0.1252,0.13665,0.15505,0.1451,0.14525,0.1514,0.1251,0.151,0.1523,0.14565,0.14700000000000002
529,0.1204,0.1266,0.1408,0.1288,0.15525,0.13175,0.1422,0.1538,0.13765,0.13085,0.16355,0.12990000000000002
530,0.0857,0.14715,0.15765,0.1317,0.1362,0.1696,0.11585,0.1604,0.16125,0.14095,0.1629,0.14665
531,0.0956,0.1999,0.1441,0.1353,0.13705,0.1399,0.13555,0.1503,0.14705,0.1381,0.1676,0.14125000000000001
532,0.17345,0.1357,0.13475,0.1563,0.1676,0.1573,0.1199,0.1365,0.1411,0.15715,0.14265,0.14165
533,0.16085,0.1574,0.15095,0.14535,0.14075,0.15345,0.1295,0.14985,0.13805,0.16485,0.14995,0.14865
534,0.197,0.1671,0.11605,0.1611,0.15965,0.1404,0.14075,0.16805,0.13555,0.1582,0.15175,0.1466
535,0.1394,0.1542,0.1397,0.1258,0.1393,0.14865,0.13035,0.15495,0.1366,0.14965,0.1564,0.14535
536,0.22555,0.14025,0.14025,0.14005,0.1409,0.14525,0.1354,0.1439,0.14965,0.15785,0.15785,0.1443
537,0.13925,0.1341,0.1483,0.17415,0.1423,0.14705,0.1699,0.15495,0.1776,0.14255,0.1498,0.15165
538,0.0839,0.14845,0.14275,0.15145,0.1509,0.1409,0.1287,0.1459,0.13855,0.15005,0.1483,0.1487
539,0.0971,0.1489,0.1466,0.14785,0.14155,0.148,0.14995,0.12985,0.1412,0.1318,0.13865,0.1446
540,0.1532,0.14965,0.14,0.1231,0.13285,0.14845,0.1264,0.1838,0.1535,0.13895,0.147,0.14225000000000002
541,0.09495,0.14405,0.13555,0.1555,0.15815,0.141,0.1394,0.13985,0.13855,0.16365,0.15075,0.1515
542,0.08505,0.10115,0.14095,0.17185,0.20025,0.14595,0.15045,0.1382,0.13685,0.1353,0.13965,0.1511
543,0.1466,0.15155,0.18745,0.15235,0.17615,0.13485,0.12365,0.14535,0.14665,0.1387,0.1466,0.15435000000000001
544,0.1441,0.1322,0.1502,0.1683,0.1501,0.1478,0.1422,0.16425,0.1372,0.1267,0.13725,0.15635000000000002
545,0.1319,0.17335,0.13535,0.13265,0.1369,0.15315,0.1369,0.1376,0.15025,0.1275,0.1346,0.14785
546,0.1331,0.14515,0.1628,0.1469,0.14115,0.1507,0.14245,0.13335,0.14895,0.1354,0.13995,0.14605
547,0.1515,0.15085,0.1515,0.12935,0.13265,0.1414,0.13455,0.14065,0.1393,0.14,0.14285,0.15355000000000002
548,0.10585,0.13605,0.1133,0.171,0.1328,0.1398,0.1555,0.14345,0.14045,0.13805,0.13455,0.14725000000000002
549,0.791,0.1307,0.1435,0.13265,0.17315,0.15575,0.1246,0.15375,0.1381,0.17045,0.14985,0.1389
550,0.20695,0.1583,0.15365,0.16945,0.14405,0.15025,0.12815,0.1327,0.14125,0.15255,0.14535,0.14980000000000002
551,0.1973,0.16785,0.15435,0.1398,0.1384,0.15215,0.1314,0.14565,0.1636,0.1423,0.1434,0.1562
552,0.0835,0.14445,0.1479,0.13455,0.14395,0.1464,0.1207,0.13825,0.1507,0.1475,0.1367,0.14485
553,0.1701,0.14235,0.14815,0.1724,0.1425,0.1412,0.1414,0.1417,0.1457,0.13795,0.15225,0.14825000000000002
554,0.1324,0.15065,0.1444,0.16625,0.13255,0.12655,0.1529,0.1405,0.1537,0.1466,0.1471,0.14765
555,0.1357,0.15065,0.1528,0.1443,0.6795,0.136,0.14695,0.14695,0.13855,0.1428,0.1336,0.1507
556,0.1566,0.14515,0.1577,0.18105,0.1606,0.1477,0.1411,0.1566,0.15405,0.0447,0.1456,0.1462
557,0.15365,0.13995,0.1496,0.1513,0.1465,0.14285,0.14815,0.1548,0.13995,0.1318,0.14045,0.15985000000000002
558,0.08225,0.144,0.15845,0.22585,0.15835,0.13475,0.1456,0.13725,0.1495,0.1308,0.15615,0.1496
559,0.40265,0.14825,0.14895,0.126,0.21525,0.1485,0.12695,0.13485,0.14985,0.16435,0.17685,0.155
560,0.14495,0.1481,0.16275,0.13215,0.15685,0.1509,0.16115,0.1457,0.1486,0.1216,0.1394,0.1462
561,0.1328,0.15185,0.1454,0.13105,0.16065,0.13515,0.18835,0.1587,0.14465,0.12465,0.1436,0.15225
562,0.09255,0.12585,0.1275,0.15465,0.13895,0.14855,0.1428,0.14705,0.14245,0.1386,0.15255,0.1491
563,0.147,0.15,0.16075,0.15405,0.14355,0.1372,0.14975,0.14695,0.14825,0.1435,0.1434,0.1476
564,0.0972,0.15395,0.1125,0.1366,0.1453,0.1689,0.1272,0.1341,0.14095,0.1207,0.1392,0.157
565,0.14155,0.1474,0.15285,0.16185,0.13265,0.14475,0.1349,0.1483,0.13995,0.13145,0.1369,0.25520000000000004
566,0.1799,0.1286,0.14565,0.1863,0.1359,0.1455,0.17785,0.16535,0.141,0.1354,0.15015,0.14525000000000002
567,0.1978,0.1577,0.15955,0.1346,0.1465,0.13595,0.15275,0.1341,0.1541,0.1441,0.14545,0.15045
568,0.13765,0.15135,0.1412,0.1649,0.1402,0.15095,0.1238,0.1458,0.14055,0.138,0.1512,0.1395
569,0.07305,0.1395,0.1417,0.1507,0.1339,0.149,0.15765,0.13885,0.151,0.1447,0.14855,0.14980000000000002
570,0.09965,0.15255,0.14405,0.13765,0.15865,0.13975,0.1337,0.14895,0.1396,0.13905,0.1467,0.1471
571,0.14785,0.13205,0.13395,0.151,0.13635,0.2187,0.13595,0.14395,0.1352,0.14295,0.1554,0.1408
572,0.085,0.14375,0.1418,0.1288,0.14255,0.13725,0.13215,0.14075,0.1486,0.13145,0.16805,0.1549
573,0.15065,0.1379,0.1421,0.3689,0.1432,0.13995,0.18355,0.14545,0.13725,0.15155,0.14055,0.14655
574,0.09245,0.14655,0.14545,0.12735,0.1349,0.14925,0.14725,0.1523,0.1455,0.13745,0.1567,0.14975
575,0.1196,0.1454,0.17335,0.1592,0.15755,0.1427,0.16905,0.15235,0.15245,0.15215,0.13655,0.14750000000000002
576,0.2061,0.14065,0.1324,0.1732,0.1376,0.13905,0.13345,0.14735,0.14775,0.13185,0.14525,0.1495
577,0.14255,0.1456,0.1462,0.13885,0.1337,0.1686,0.1546,0.14415,0.1464,0.13305,0.1325,0.15180000000000002
578,0.1586,0.13935,0.14185,0.1779,0.1324,0.17045,0.1408,0.15185,0.15385,0.13505,0.14175,0.1595
579,0.13865,0.1515,0.29395,0.14755,0.13725,0.14745,0.1647,0.161,0.15245,0.11765,0.14745,0.13895000000000002
580,0.10935,0.13335,0.1408,0.1274,0.1422,0.14435,0.13605,0.14895,0.1376,0.1381,0.1508,0.1497
581,0.10695,0.1516,0.143,0.1431,0.1305,0.1399,0.14905,0.1556,0.14765,0.13935,0.12615,0.1517
582,0.114,0.16685,0.1507,0.1462,0.1304,0.14085,0.1341,0.1364,0.1411,0.1304,0.1324,0.1472
583,0.3008,0.1579,0.14785,0.1333,0.1464,0.13,0.14265,0.15315,0.13385,0.13235,0.15105,0.151
584,0.1021,0.1424,0.14185,0.1223,0.1377,0.13195,0.1748,0.14215,0.13865,0.1985,0.13985,0.1406
585,0.11125,0.13755,0.15315,0.14395,0.1366,0.14995,0.14505,0.13435,0.14125,0.12985,0.1401,0.151
586,0.11255,0.1459,0.1453,0.13125,0.14445,0.1482,0.13225,0.1628,0.1537,0.16345,0.1423,0.1432
587,0.0854,0.15475,0.14485,0.12,0.15125,0.14755,0.22295,0.1331,0.1478,0.1404,0.157,0.1482
588,0.1046,0.14925,0.157,0.14835,0.1505,0.13215,0.14895,0.14595,0.14575,0.14895,0.14495,0.14505
589,0.09645,0.13425,0.1423,0.13335,0.13765,0.1488,0.14515,0.1289,0.14085,0.14785,0.1465,0.15015
590,0.14505,0.13675,0.1459,0.1606,0.1481,0.142,0.17365,0.15785,0.1415,0.1291,0.1401,0.1516
591,0.1084,0.14955,0.13675,0.1346,0.1423,0.14885,0.14245,0.1541,0.1472,0.15645,0.1646,0.14655
592,0.1427,0.1294,0.14735,0.14825,0.1348,0.1487,0.16265,0.1415,0.1366,0.1533,0.1402,0.15525
593,0.17475,0.1552,0.1684,0.16175,0.12775,0.14455,0.1246,0.1666,0.16475,0.1388,0.1663,0.15185
594,0.0975,0.15615,0.14975,0.16445,0.148,0.14035,0.11965,0.1433,0.1464,0.13475,0.14615,0.14115
595,0.09365,0.19485,0.12135,0.13915,0.14725,0.1498,0.19105,0.13435,0.1374,0.1366,0.1356,0.155
596,0.13735,0.14675,0.1406,0.1249,0.1364,0.1445,0.1354,0.1403,0.14775,0.13535,0.1379,0.15155000000000002
597,0.3502,0.14515,0.1452,0.13705,0.1391,0.1438,0.1701,0.13495,0.1428,0.14535,0.15045,0.14535
598,0.2071,0.16625,0.12585,0.1486,0.1351,0.1493,0.121,0.14105,0.14135,0.15145,0.16275,0.14745
599,0.10755,0.13285,0.1305,0.11715,0.1499,0.13585,0.16635,0.14225,0.1546,0.13475,0.16855,0.1484
600,0.1271,0.15205,0.1473,0.12855,0.14215,0.14515,0.14725,0.14995,0.14595,0.16525,0.15165,0.15005000000000002
601,0.12635,0.1435,0.1546,0.1271,0.1391,0.13845,0.14835,0.1422,0.145,0.14665,0.14835,0.15225
602,0.1478,0.2114,0.14915,0.13865,0.1496,0.15025,0.1418,0.1392,0.14695,0.14685,0.1563,0.1403
603,0.1052,0.45405,0.1553,0.1304,0.14075,0.14025,0.1179,0.14725,0.14455,0.15155,0.14965,0.14845
604,0.1041,0.14495,0.1395,0.14605,0.13155,0.1453,0.13345,0.14355,0.1453,0.1514,0.18775,0.14895
605,0.16345,0.13655,0.147,0.135,0.1433,0.13745,0.14215,0.14115,0.14135,0.1252,0.1383,0.1443
606,0.22445,0.13845,0.138,0.1295,0.14115,0.17135,0.1266,0.13675,0.14065,0.15695,0.1479,0.14685
607,0.06365,0.15555,0.1479,0.1453,0.14315,0.1383,0.13005,0.14,0.1414,0.1344,0.14155,0.15105000000000002
608,0.1759,0.15485,0.1378,0.15015,0.1729,0.15935,0.1215,0.14845,0.13885,0.1297,0.13,0.15365
609,0.05795,0.1388,0.14495,0.1737,0.13585,0.1282,0.13045,0.14115,0.14415,0.1253,0.13265,0.1527
610,0.1803,0.14095,0.1815,0.12855,0.1301,0.1431,0.14185,0.1596,0.1417,0.1415,0.1466,0.1471
611,0.20925,0.14475,0.12335,0.1246,0.14185,0.1427,0.13285,0.1566,0.13285,0.14105,0.17605,0.13945000000000002
612,0.1162,0.17005,0.15375,0.1549,0.14645,0.1379,0.15445,0.1932,0.1558,0.14075,0.1356,0.1464
613,0.058,0.16645,0.1519,0.137,0.15395,0.1342,0.12215,0.1567,0.1406,0.14635,0.1417,0.15465
614,0.101,0.15105,0.14755,0.19695,0.1395,0.18505,0.1366,0.1381,0.144,0.12395,0.1519,0.13985
615,0.2203,0.1493,0.1387,0.18115,0.12835,0.1499,0.1392,0.12635,0.15645,0.11895,0.1533,0.14425000000000002
616,0.12695,0.1423,0.14445,0.1527,0.15765,0.14795,0.1554,0.142,0.14215,0.1365,0.1422,0.14925
617,0.1509,0.14635,0.1381,0.1407,0.134,0.1484,0.147,0.15625,0.14025,0.1237,0.15445,0.15035
618,0.1091,0.1504,0.1397,0.1998,0.13765,0.14875,0.14595,0.1383,0.15265,0.11315,0.1461,0.14685
619,0.1027,0.02845,0.1374,0.1481,0.16505,0.14205,0.17875,0.1345,0.1472,0.13905,0.1429,0.15295
620,0.16675,0.15685,0.1629,0.15325,0.1619,0.1458,0.1301,0.1384,0.1667,0.14185,0.13945,0.14785
621,0.14545,0.1349,0.13595,0.1597,0.14415,0.15395,0.1297,0.1409,0.14575,0.1796,0.16455,0.14995
622,0.0746,0.1955,0.1421,0.13045,0.14985,0.1364,0.1264,0.1262,0.14435,0.15825,0.14185,0.1414
623,0.13445,0.14,0.13225,0.15085,0.1443,0.1365,0.1566,0.13905,0.1594,0.13055,0.1436,0.1325
624,0.1251,0.14715,0.15945,0.14345,0.12435,0.15105,0.1507,0.1392,0.13355,0.1351,0.14125,0.1603
625,0.22465,0.1439,0.14525,0.1329,0.13565,0.15015,0.13325,0.18315,0.1448,0.1398,0.146,0.1582
626,0.13265,0.14255,0.1472,0.1495,0.14115,0.1471,0.2411,0.13835,0.15285,0.1398,0.15255,0.14705000000000001
627,0.11675,0.14985,0.1439,0.1504,0.16555,0.2155,0.1463,0.1464,0.13405,0.1666,0.139,0.14945
628,0.1273,0.12885,0.16,0.1341,0.1535,0.1455,0.1543,0.15735,0.14665,0.14105,0.14525,0.1584
629,0.1169,0.13825,0.1553,0.14825,0.1461,0.1428,0.137,0.12955,0.14245,0.1377,0.14795,0.1519
630,0.2059,0.1705,0.14025,0.1299,0.13605,0.77865,0.14335,0.1501,0.1526,0.1485,0.14195,0.1476
631,0.1835,0.17425,0.15325,0.1292,0.1537,0.1451,0.12065,0.14605,0.1453,0.13325,0.14765,0.13875
632,0.0671,0.14625,0.15465,0.16255,0.1715,0.13355,0.13015,0.2179,0.1641,0.12845,0.14165,0.138
633,0.19985,0.1479,0.14565,0.1359,0.1438,0.14315,0.1524,0.1401,0.1461,0.1303,0.15665,0.14035
634,0.1605,0.1705,0.13895,0.1346,0.14395,0.1318,0.1218,0.1342,0.141,0.1576,0.13255,0.15055000000000002
635,0.28305,0.14335,0.14875,0.13145,0.13815,0.1603,0.10845,0.1304,0.1564,0.1492,0.1578,0.1519
636,0.08875,0.15085,0.1411,0.1396,0.14275,0.15745,0.1307,0.12255,0.13925,0.16445,0.159,0.15430000000000002
637,0.1089,0.1414,0.16295,0.12485,0.12845,0.1622,0.12705,0.1384,0.1394,0.13385,0.14165,0.14175000000000001
638,0.1438,0.1851,0.14405,0.1325,0.1475,0.18255,0.1514,0.1315,0.13965,0.11455,0.12735,0.14915
639,0.16345,0.149,0.15265,0.13635,0.1541,0.16135,0.12575,0.13,0.1405,0.15285,0.1476,0.1383
640,0.01395,0.1492,0.1588,0.16295,0.1527,0.175,0.1926,0.154,0.1613,0.1305,0.14615,0.1613
641,0.1453,0.1502,0.15,0.13495,0.15145,0.1423,0.15175,0.1458,0.1515,0.14155,0.1549,0.15555
642,0.1247,0.1791,0.1573,0.13695,0.15695,0.14185,0.1451,0.1483,0.16795,0.1326,0.14045,0.14355
643,0.1164,0.36005,0.1469,0.1167,0.14095,0.14375,0.1279,0.13255,0.1557,0.1387,0.14325,0.1479
644,0.09395,0.14515,0.1556,0.157,0.1394,0.158,0.15725,0.14845,0.1499,0.1547,0.14705,0.15325
645,0.1697,0.1712,0.1405,0.1254,0.14875,0.1344,0.1345,0.14215,0.1458,0.15205,0.1406,0.15445
646,0.10355,0.14585,0.1382,0.16315,0.1391,0.1526,0.15355,0.1582,0.1446,0.13285,0.1404,0.14930000000000002
647,0.08295,0.1488,0.1486,0.1281,0.13765,0.13405,0.1434,0.1336,0.12845,0.2241,0.14255,0.14815
648,0.117,0.13705,0.1476,0.1443,0.1412,0.1475,0.1406,0.1364,0.1456,0.13615,0.14215,0.1537
649,0.25,0.1607,0.1613,0.1181,0.1363,0.1444,0.1324,0.1403,0.16215,0.138,0.16265,0.1466
650,0.13175,0.1319,0.15245,0.159,0.1987,0.13335,0.16165,0.1277,0.1492,0.18075,0.12705,0.14095000000000002
651,0.1148,0.1422,0.1578,0.14705,0.14585,0.13625,0.1512,0.12285,0.1391,0.13195,0.14495,0.14795
652,0.1574,0.13635,0.13015,0.13935,0.13825,0.15645,0.1346,0.1507,0.15175,0.16155,0.14065,0.149
653,0.1294,0.1394,0.1332,0.13555,0.1512,0.1472,0.1273,0.1326,0.14705,0.1644,0.1405,0.1489
654,0.13025,0.1487,0.1637,0.15125,0.14875,0.14455,0.15165,0.15815,0.14755,0.1567,0.1403,0.15430000000000002
655,0.11015,0.14625,0.1591,0.121,0.18735,0.14665,0.1305,0.1466,0.14945,0.1354,0.13335,0.14915
656,0.13725,0.152,0.15595,0.1429,0.1328,0.1403,0.13305,0.1294,0.13715,0.13095,0.1442,0.1437
657,0.0835,0.1342,0.13415,0.20655,0.15275,0.13475,0.1737,0.14675,0.152,0.1338,0.16075,0.14795
658,0.8762,0.17715,0.15065,0.13915,0.14595,0.1431,0.1315,0.14745,0.14875,0.14455,0.14415,0.1438
659,0.2342,0.17475,0.14995,0.1495,0.2099,0.1482,0.1512,0.12885,0.1439,0.1492,0.1442,0.14345
660,0.06455,0.1437,0.13025,0.1391,0.15065,0.1586,0.1803,0.1615,0.1972,0.1376,0.14625,0.14035
661,0.232,0.1346,0.13585,0.15075,0.13935,0.1386,0.14955,0.14555,0.15205,0.13105,0.14035,0.1457
662,0.1847,0.164,0.1557,0.1453,0.1421,0.1392,0.14355,0.13565,0.14875,0.1361,0.1587,0.13945000000000002
663,0.1343,0.15175,0.151,0.14425,0.1534,0.13605,0.16085,0.155,0.1409,0.14535,0.16415,0.15225
664,0.1561,0.14005,0.1589,0.1639,0.1239,0.1692,0.1504,0.13535,0.14745,0.14455,0.15135,0.1494
665,0.1276,0.15,0.15765,0.10645,0.13475,0.1719,0.1362,0.13675,0.1308,0.145,0.1537,0.1343
666,0.0823,0.1566,0.14235,0.1455,0.13685,0.1447,0.1343,0.14265,0.1537,0.1547,0.15055,0.14755000000000001
667,0.1455,0.1325,0.13925,0.13285,0.91615,0.1577,0.14325,0.1406,0.14675,0.13665,0.14975,0.14815
668,0.11385,0.145,0.1449,0.12815,0.1276,0.14435,0.12195,0.1297,0.16595,0.12215,0.135,0.15455000000000002
669,0.0852,0.1447,0.1285,0.14535,0.1354,0.1503,0.14755,0.13205,0.15195,0.14225,0.1678,0.14855000000000002
670,0.105,0.13225,0.1969,0.14035,0.1343,0.13635,0.15655,0.1392,0.1423,0.1255,0.14825,0.14765
671,0.12845,0.14095,0.14905,0.1334,0.1504,0.12445,0.1294,0.1436,0.1462,0.147,0.1536,0.15235
672,0.113,0.14765,0.16705,0.12765,0.15875,0.1544,0.13925,0.1472,0.14145,0.13935,0.14215,0.14485
673,0.17885,0.14765,0.1327,0.16955,0.1394,0.14735,0.13925,0.139,0.15295,0.12115,0.1472,0.13495000000000001
674,0.20365,0.13725,0.18255,0.1802,0.14155,0.139,0.12585,0.155,0.1485,0.1513,0.1549,0.14305
675,0.1541,0.16155,0.64865,0.1356,0.1371,0.14235,0.13655,0.16515,0.1586,0.1814,0.1507,0.1388
676,0.0824,0.15565,0.1734,0.14125,0.1412,0.15415,0.09285,0.15165,0.1421,0.14725,0.1378,0.14735
677,0.20435,0.14415,0.15455,0.14195,0.13925,0.15145,0.1268,0.1469,0.14935,0.15035,0.11035,0.14935
678,0.1018,0.14305,0.16005,0.1245,0.14205,0.1448,0.14895,0.1547,0.13735,0.17415,0.14735,0.15030000000000002
679,0.21355,0.1362,0.14225,0.1653,0.1536,0.13775,0.1275,0.14955,0.14235,0.13435,0.1495,0.1489
680,0.0962,0.16075,0.14665,0.17615,0.1341,0.1462,0.15945,0.15035,0.14045,0.1354,0.15275,0.1477
681,0.12505,0.13655,0.1307,0.11885,0.15465,0.1351,0.12805,0.1451,0.14665,0.1393,0.16345,0.14895
682,0.2294,0.1517,0.16,0.1369,0.1412,0.1538,0.1743,0.13045,0.15605,0.14085,0.13285,0.14335
683,0.06935,0.13955,0.1432,0.1605,0.1327,0.14685,0.1336,0.1345,0.13705,0.13515,0.1503,0.1511
684,0.14355,0.14205,0.15115,0.16835,0.1376,0.1403,0.1195,0.14525,0.1426,0.12735,0.1368,0.14505
685,0.125,0.1411,0.13575,0.13865,0.14965,0.14275,0.1313,0.1498,0.14785,0.15495,0.14065,0.14980000000000002
686,0.0867,0.176,0.1241,0.1417,0.1391,0.14305,0.1389,0.14915,0.14775,0.1243,0.13755,0.1428
687,0.11025,0.1447,0.1454,0.14115,0.14675,0.1298,0.15435,0.1352,0.1577,0.13995,0.13605,0.15505000000000002
688,0.13805,0.15355,0.154,0.17625,0.1223,0.137,0.1325,0.13865,0.14905,0.13395,0.1358,0.14795
689,0.11165,0.1354,0.1499,0.1329,0.1459,0.14335,0.1605,0.158,0.134,0.1363,0.14235,0.14550000000000002
690,0.10445,0.13735,0.16625,0.15665,0.13895,0.1525,0.13195,0.13285,0.12865,0.08495,0.14405,0.1456
691,0.184,0.14815,0.14515,0.14845,0.18525,0.1336,0.1386,0.1355,0.1446,0.13205,0.14815,0.14545
692,0.18995,0.1449,0.1559,0.1199,0.1426,0.1514,0.1416,0.15105,0.14255,0.14785,0.15475,0.15515
693,0.10855,0.14775,0.15535,0.15025,0.18925,0.14425,0.1207,0.13285,0.1536,0.12735,0.1467,0.15065
694,0.0786,0.15905,0.1604,0.1274,0.14175,0.1386,0.20335,0.14455,0.15655,0.13175,0.14685,0.15460000000000002
695,0.0799,0.15965,0.18485,0.1271,0.1219,0.13595,0.1419,0.1341,0.1435,0.16225,0.1364,0.1643
696,0.1108,0.1452,0.1609,0.1363,0.16145,0.1639,0.135,0.17005,0.1331,0.1546,0.13425,0.13340000000000002
697,0.14015,0.13445,0.1354,0.15105,0.11075,0.1499,0.14535,0.1416,0.1426,0.1329,0.16435,0.14855000000000002
698,0.22635,0.14875,0.17525,0.16665,0.138,0.1425,0.14435,0.1431,0.1478,0.1325,0.15555,0.1431
699,0.21545,0.1313,0.1568,0.13515,0.13965,0.1426,0.16645,0.14305,0.1425,0.15285,0.1582,0.14250000000000002
700,0.0855,0.15135,0.15275,0.14205,0.1435,0.14975,0.1153,0.1456,0.1411,0.1403,0.1387,0.14880000000000002
701,0.1171,0.1325,0.1375,0.14735,0.1489,0.15835,0.1375,0.1425,0.14135,0.14575,0.1442,0.15075
702,0.14015,0.14945,0.1353,0.1623,0.1411,0.1541,0.3091,0.1488,0.16165,0.1385,0.1523,0.15005000000000002
703,0.1545,0.14595,0.1568,0.13915,0.13425,0.15755,0.1444,0.13035,0.13735,0.18115,0.146,0.14935
704,0.14985,0.1351,0.14705,0.1348,0.1634,0.14545,0.14715,0.14755,0.15065,0.1461,0.1505,0.15235
705,0.1306,0.13825,0.14775,0.1223,0.1328,0.13975,0.1435,0.14685,0.1771,0.129,0.1531,0.14005
706,0.1241,0.13055,0.1641,0.1254,0.14385,0.1413,0.133,0.15175,0.14235,0.14045,0.15105,0.14495
707,0.10485,0.15015,0.14885,0.1295,0.1536,0.14265,0.12865,0.1369,0.14935,0.13255,0.1346,0.14875
708,0.0757,0.14665,0.1408,0.1421,0.1464,0.14595,0.16385,0.16525,0.1409,0.13475,0.1522,0.1534
709,0.10715,0.14365,0.16235,0.1837,0.4004,0.146,0.1292,0.1363,0.1418,0.1416,0.1501,0.14145000000000002
710,0.1491,0.17365,0.1575,0.15505,0.13535,0.1475,0.15565,0.14745,0.1491,0.2627,0.13915,0.14735
711,0.0968,0.14645,0.147,0.16135,0.1401,0.14325,0.1458,0.19045,0.14455,0.12775,0.1551,0.14755000000000001
712,0.117,0.1581,0.14645,0.1298,0.1383,0.1566,0.1723,0.1456,0.14715,0.1892,0.1553,0.1573
713,0.118,0.13435,0.15055,0.19605,0.14695,0.1317,0.1284,0.14115,0.13965,0.146,0.1374,0.15005000000000002
714,0.25485,0.15625,0.1424,0.1308,0.1513,0.1583,0.12635,0.1437,0.14605,0.14125,0.1365,0.15725
715,0.24525,0.1343,0.1511,0.1345,0.17745,0.15,0.13055,0.12305,0.15195,0.1226,0.14565,0.15
716,0.13135,0.1347,0.151,0.08825,0.14715,0.1385,0.12675,0.1379,0.13925,0.14385,0.13,0.1526
717,0.12875,0.139,0.13635,0.1603,0.1246,0.14125,0.1335,0.1526,0.14435,0.1731,0.1316,0.13815
718,0.12055,0.3077,0.1387,0.1474,0.13835,0.14155,0.1575,0.1488,0.15725,0.1316,0.13635,0.14715
719,0.0936,0.14395,0.1483,0.195,0.13575,0.14705,0.13645,0.1396,0.14485,0.1322,0.08805,0.1479
720,0.16445,0.13295,0.1628,0.14065,0.1424,0.15085,0.1544,0.15865,0.14635,0.11995,0.13625,0.1572
721,0.15825,0.1586,0.14725,0.1419,0.15415,0.13155,0.14275,0.1398,0.13615,0.1542,0.16175,0.1549
722,0.1808,0.14685,0.1513,0.09405,0.1522,0.1479,0.15245,0.15915,0.1499,0.13545,0.13675,0.14775000000000002
723,0.12775,0.1492,0.17355,0.13765,0.1333,0.17075,0.13935,0.12915,0.1415,0.14535,0.1563,0.13925
724,0.1757,0.1413,0.1452,0.1297,0.13765,0.13955,0.1382,0.13505,0.1445,0.1748,0.1518,0.15375
725,0.0998,0.14585,0.13575,0.1291,0.1615,0.14075,0.1465,0.14845,0.15275,0.1202,0.15635,0.1534
726,0.0748,0.13775,0.183,0.1262,0.13235,0.14015,0.14145,0.1283,0.1398,0.1352,0.16755,0.14625000000000002
727,0.11125,0.15745,0.1373,0.1265,0.1755,0.142,0.12575,0.1596,0.1395,0.1321,0.14375,0.13665
728,0.0608,0.15365,0.1565,0.1292,0.1385,0.16315,0.1304,0.14775,0.13365,0.13665,0.1527,0.15075
729,0.15895,0.14745,0.19565,0.1345,0.1702,0.1424,0.1401,0.1458,0.13845,0.1424,0.1415,0.15805
730,0.1663,0.155,0.1529,0.1868,0.13965,0.15685,0.1365,0.1336,0.13275,0.15,0.1661,0.15495
731,0.17335,0.2027,0.1306,0.18885,0.1295,0.16485,0.1312,0.14105,0.1505,0.1316,0.151,0.1507
732,0.1459,0.13345,0.14215,0.126,0.14095,0.14805,0.14475,0.12895,0.15005,0.1413,0.16365,0.1464
733,0.09085,0.1494,0.1459,0.1979,0.1544,0.1378,0.14115,0.1442,0.14505,0.13975,0.13185,0.14405
734,0.10405,0.1596,0.13375,0.13405,0.14775,0.1465,0.13165,0.1422,0.1398,0.144,0.16975,0.1565
735,0.11875,0.1466,0.1465,0.13055,0.1258,0.14505,0.15285,0.15025,0.1418,0.13335,0.1534,0.1545
736,0.13765,0.14125,0.15705,0.14085,0.13775,0.14595,0.13635,0.1358,0.1352,0.14145,0.1419,0.1529
737,0.24085,0.1419,0.1364,0.128,0.14235,0.13475,0.15625,0.1503,0.1469,0.1572,0.13505,0.14605
738,0.10305,0.1475,0.13245,0.1547,0.14165,0.1344,0.15725,0.12655,0.1484,0.1324,0.1364,0.14395
739,0.1299,0.1554,0.1343,0.1403,0.1953,0.1455,0.15065,0.14515,0.1469,0.1286,0.13325,0.14915
740,0.10035,0.15655,0.1671,0.21895,0.13315,0.14515,0.16065,0.12965,0.1364,0.1438,0.14765,0.138
741,0.24385,0.1452,0.14195,0.15165,0.14565,0.1553,0.1257,0.13475,0.14505,0.1285,0.1585,0.1534
742,0.1161,0.15785,0.1481,0.13645,0.14115,0.14865,0.1602,0.1485,0.1569,0.18905,0.1384,0.1358
743,0.0994,0.14985,0.14085,0.1336,0.14185,0.15005,0.1325,0.1312,0.1467,0.12695,0.1452,0.14700000000000002
744,0.2052,0.18155,0.13725,0.15665,0.13635,0.14325,0.15525,0.1451,0.14175,0.1546,0.15245,0.1479
745,0.14785,0.12925,0.17845,0.14775,0.14305,0.14485,0.15375,0.1579,0.1369,0.1324,0.14025,0.149
746,0.0907,0.1285,0.14805,0.15855,0.14145,0.14435,0.13905,0.1699,0.15255,0.1761,0.15605,0.14635
747,0.12115,0.14255,0.1456,0.13535,0.14235,0.1408,0.14645,0.2639,0.1662,0.182,0.15425,0.14145000000000002
748,0.1424,0.1338,0.13575,0.30805,0.15385,0.1528,0.1208,0.14165,0.1659,0.1667,0.1515,0.14305
749,0.14295,0.14425,0.14205,0.17795,0.1444,0.13465,0.251,0.13605,0.1468,0.1523,0.1337,0.15345
750,1.0,0.1569,0.13985,0.1386,0.13905,0.1362,0.12715,0.1283,0.1389,0.13535,0.15085,0.1579
751,0.19465,0.15195,0.1524,0.14525,0.16895,0.15895,0.13885,0.14215,0.1517,0.15045,0.14805,0.15095
752,0.16815,0.16025,0.14985,0.131,0.1398,0.14575,0.1387,0.1651,0.1472,0.13125,0.1295,0.13985
753,0.17235,0.1613,0.14055,0.14255,0.14895,0.13905,0.13795,0.14685,0.136,0.1387,0.14515,0.1479
754,0.14025,0.1515,0.13505,0.13095,0.14895,0.1374,0.16505,0.16355,0.1505,0.1735,0.13365,0.15265
755,0.13775,0.14985,0.14625,0.11095,0.12355,0.15335,0.18605,0.13885,0.1427,0.13075,0.13665,0.1565
756,0.1703,0.1585,0.1481,0.14825,0.14135,0.1243,0.1374,0.16415,0.17065,0.1657,0.14745,0.14405
757,0.2579,0.1312,0.1462,0.11015,0.149,0.1433,0.13835,0.1514,0.16135,0.26415,0.18025,0.156
758,0.13985,0.1781,0.1478,0.1414,0.144,0.15155,0.14285,0.1455,0.15735,0.1184,0.13145,0.13605
759,0.19025,0.14175,0.1554,0.1413,0.1511,0.1697,0.2494,0.13955,0.1574,0.15555,0.1418,0.157
760,0.08335,0.1413,0.14245,0.1758,0.13395,0.15045,0.1513,0.15055,0.1382,0.134,0.15945,0.13795000000000002
761,0.22965,0.1529,0.15,0.01985,0.12755,0.14415,0.13265,0.13565,0.1942,0.12795,0.1615,0.1413
762,0.07405,0.13955,0.2179,0.1377,0.15215,0.16985,0.2566,0.1379,0.13895,0.16435,0.15425,0.15940000000000001
763,0.1223,0.14545,0.17035,0.129,0.1731,0.1336,0.14365,0.1609,0.15135,0.1197,0.12835,0.14385
764,0.12055,0.1378,0.13545,0.13425,0.187,0.1432,0.155,0.1291,0.15185,0.14025,0.15295,0.1429
765,0.1216,0.1322,0.14875,0.14695,0.15795,0.1464,0.14615,0.14695,0.14375,0.1518,0.1354,0.1423
766,0.1207,0.14275,0.1929,0.12935,0.16305,0.1383,0.1484,0.14625,0.142,0.132,0.1409,0.1542
767,0.10285,0.1669,0.1571,0.1352,0.1661,0.15545,0.1193,0.1568,0.14025,0.1565,0.13595,0.14170000000000002
768,0.1675,0.1342,0.1359,0.1439,0.13935,0.14785,0.1156,0.16425,0.146,0.14475,0.1474,0.15195
769,0.14595,0.13455,0.1375,0.162,0.1399,0.1359,0.13945,0.12715,0.14135,0.19275,0.13515,0.13585
770,0.1859,0.138,0.2249,0.1328,0.167,0.1396,0.1337,0.1463,0.1422,0.14175,0.1437,0.1456
771,0.1023,0.14385,0.21185,0.142,0.1518,0.139,0.15185,0.13175,0.15695,0.14965,0.13785,0.1399
772,0.17015,0.16,0.1606,0.15205,0.1508,0.1563,0.14865,0.15265,0.14525,0.13875,0.15925,0.13525
773,0.12745,0.1399,0.16095,0.1014,0.15145,0.13515,0.16305,0.14895,0.1431,0.20985,0.14855,0.1368
774,0.1046,0.13905,0.14025,0.14575,0.1342,0.1544,0.125,0.2049,0.1497,0.1262,0.13685,0.1499
775,1.0,0.14995,0.14185,0.17475,0.1503,0.14385,0.17345,0.13405,0.1394,0.1325,0.1391,0.14585
776,0.23665,0.13205,0.13285,0.12535,0.14445,0.13545,0.11835,0.1456,0.1442,0.17225,0.15435,0.13635
777,0.09635,0.15265,0.1519,0.12495,0.14075,0.1518,0.1218,0.1485,0.15225,0.14415,0.1553,0.14805000000000001
778,0.13505,0.1386,0.15385,0.14955,0.1341,0.14255,0.13935,0.1361,0.13735,0.14785,0.15845,0.1441
779,0.1321,0.1333,0.13915,0.1233,0.1471,0.13835,0.13335,0.14895,0.13825,0.1346,0.14145,0.14745
780,0.1627,0.12655,0.15205,0.14615,0.1541,0.20155,0.1324,0.13075,0.13485,0.13755,0.16095,0.1501
781,0.16445,0.14655,0.1502,0.1263,0.1429,0.1497,0.13015,0.1426,0.1378,0.142,0.13785,0.14845
782,0.1275,0.14915,0.1373,0.14635,0.15715,0.14595,0.1322,0.12415,0.14065,0.1294,0.14345,0.15215
783,0.11785,0.14095,0.13625,0.1316,0.1351,0.1431,0.12075,0.1418,0.1403,0.1574,0.15855,0.13670000000000002
784,0.09885,0.3401,0.1417,0.15995,0.13975,0.14715,0.1272,0.1293,0.14435,0.14735,0.1422,0.14725000000000002
785,0.0948,0.1447,0.1533,0.12925,0.1329,0.13435,0.1253,0.13575,0.1545,0.13695,0.13465,0.1423
786,0.208,0.18595,0.1506,0.16035,0.15635,0.1481,0.13565,0.1474,0.1436,0.14385,0.1318,0.14850000000000002
787,0.08015,0.131,0.13775,0.1464,0.14325,0.14575,0.12415,0.1266,0.1445,0.12785,0.13675,0.1365
788,0.1154,0.1321,0.1484,0.12055,0.15685,0.14135,0.1299,0.1562,0.13925,0.14005,0.1467,0.15505000000000002
789,0.12735,0.16895,0.1433,0.15465,0.16945,0.13605,0.13135,0.15585,0.1481,0.14145,0.1345,0.14730000000000001
790,0.21125,0.15915,0.14655,0.15555,0.14205,0.15015,0.1347,0.16215,0.1459,0.146,0.1369,0.1461
791,0.13775,0.153,0.16895,0.151,0.14455,0.15665,0.14455,0.14345,0.15005,0.1433,0.14835,0.14120000000000002
792,0.1461,0.15725,0.1503,0.11925,0.15445,0.1444,0.17385,0.14195,0.1473,0.14935,0.14995,0.15155000000000002
793,0.10295,0.1408,0.1564,0.1375,0.15425,0.1608,0.1295,0.16365,0.14405,0.13745,0.1406,0.14405
794,0.20725,0.1518,0.14215,0.1826,0.147,0.14365,0.1371,0.14715,0.14215,0.1399,0.1559,0.13485
795,0.0896,0.17765,0.15025,0.1925,0.14015,0.1455,0.13355,0.1413,0.14355,0.1524,0.15825,0.1458
796,0.137,0.14265,0.13835,0.1457,0.14415,0.14365,0.15735,0.14785,0.1519,0.1462,0.1576,0.1364
797,0.10745,0.1519,0.12745,0.1496,0.15985,0.1478,0.24275,0.13485,0.1365,0.13855,0.14235,0.15435000000000001
798,0.0825,0.1313,0.14375,0.13285,0.13795,0.14345,0.14215,0.1418,0.14395,0.1516,0.1643,0.13975
799,0.1106,0.13195,0.1534,0.1233,0.13345,0.14375,0.1617,0.14255,0.15915,0.14825,0.1391,0.15
800,0.1646,0.1499,0.1394,0.17065,0.1422,0.1317,0.1916,0.13335,0.1552,0.144,0.1422,0.15055000000000002
801,0.0702,0.15435,0.1446,0.1265,0.15455,0.1663,0.13865,0.1431,0.1391,0.14715,0.1469,0.13345
802,0.27315,0.17325,0.15155,0.2179,0.1506,0.1525,0.1333,0.14445,0.1548,0.1282,0.13175,0.15645
803,0.1097,0.14135,0.1133,0.1251,0.1348,0.15415,0.1847,0.1382,0.15515,0.1375,0.1487,0.1437
804,0.1267,0.15505,0.1511,0.1492,0.14725,0.14085,0.14525,0.13265,0.15325,0.14,0.1318,0.15105000000000002
805,0.17305,0.15235,0.1535,0.17465,0.14775,0.13455,0.13585,0.1573,0.1409,0.14575,0.14945,0.1605
806,0.1232,0.15275,0.13775,0.14605,0.1554,0.1544,0.1379,0.13695,0.14825,0.14225,0.15255,0.15305000000000002
807,0.0772,0.1565,0.15605,0.15645,0.2048,0.1505,0.1505,0.14635,0.14115,0.14175,0.12845,0.13905
808,0.12615,0.1422,0.158,0.12405,0.1399,0.1441,0.14795,0.1456,0.13575,0.1634,0.1406,0.1531
809,0.14235,0.14985,0.151,0.14295,0.13415,0.14515,0.14205,0.14035,0.1386,0.14805,0.14075,0.157
810,0.278,0.1578,0.12745,0.1978,0.16215,0.15095,0.15085,0.1622,0.1421,0.12305,0.13835,0.15180000000000002
811,0.1593,0.1584,0.13485,0.15805,0.17005,0.15115,0.13615,0.13835,0.14345,0.13315,0.16145,0.14880000000000002
812,0.09625,0.1318,0.13705,0.14865,0.13435,0.1393,0.1391,0.14585,0.1413,0.1381,0.15415,0.1399
813,0.1102,0.17195,0.15745,0.137,0.13525,0.1344,0.16075,0.14595,0.14165,0.1243,0.13565,0.13875
814,0.0908,0.14325,0.1801,0.12795,0.1352,0.1375,0.16745,0.14145,0.148,0.14825,0.1465,0.15155000000000002
815,0.0889,0.1436,0.1383,0.1606,0.139,0.1454,0.1541,0.132,0.1508,0.1429,0.13645,0.13585
816,0.06935,0.14565,0.15215,0.14335,0.2025,0.13645,0.1943,0.14025,0.143,0.1301,0.15445,0.14735
817,0.1907,0.18305,0.15365,0.1568,0.1659,0.14075,0.1307,0.1353,0.1438,0.1523,0.1418,0.1489
818,0.1056,0.1577,0.1459,0.13245,0.13555,0.14915,0.1502,0.1372,0.1448,0.1539,0.15335,0.1379
819,0.07495,0.14305,0.1512,0.15585,0.15635,0.1435,0.1391,0.13825,0.1453,0.13935,0.12585,0.1509
820,0.23345,0.14305,0.1474,0.16365,0.1539,0.14295,0.1459,0.1588,0.1525,0.12055,0.14455,0.13865
821,0.1249,0.14155,0.12915,0.1618,0.1522,0.14335,0.12915,0.1311,0.1474,0.1489,0.15335,0.15505000000000002
822,0.0775,0.14765,0.1337,0.134,0.13535,0.1315,0.14455,0.1373,0.13595,0.1448,0.20875,0.1592
823,0.1618,0.15075,0.1384,0.1631,0.1357,0.14245,0.1336,0.18015,0.1404,0.1464,0.15955,0.15505000000000002
824,0.1262,0.15155,0.14915,0.12945,0.14595,0.1505,0.136,0.1425,0.13685,0.13915,0.1458,0.1479
825,0.12965,0.1358,0.14255,0.1496,0.1435,0.1403,0.13315,0.1415,0.14595,0.1502,0.1355,0.14830000000000002
826,0.16255,0.1384,0.1416,0.1376,0.12915,0.13365,0.15005,0.13465,0.1454,0.1459,0.1439,0.15215
827,0.1016,0.13915,0.1486,0.1341,0.1472,0.14165,0.13595,0.15595,0.1345,0.11745,0.14605,0.1505
828,0.1437,0.1339,0.15135,0.1329,0.1408,0.1377,0.1423,0.1663,0.1496,0.135,0.1422,0.14355
829,0.0859,0.1335,0.14255,0.14755,0.1514,0.14005,0.1331,0.1426,0.14415,0.1262,0.15095,0.15665
830,0.11905,0.1496,0.1616,0.1559,0.14015,0.14145,0.16065,0.15905,0.1548,0.13455,0.174,0.1433
831,0.1864,0.15495,0.15275,0.16285,0.1473,0.1565,0.14985,0.13385,0.14345,0.12165,0.154,0.156
832,0.247,0.1416,0.15835,0.15095,0.13375,0.14225,0.12565,0.1519,0.14735,0.12725,0.1866,0.14955000000000002
833,0.1093,0.1475,0.14935,0.12405,0.1502,0.14745,0.13975,0.1386,0.15015,0.14295,0.1425,0.15035
834,0.1527,0.15665,0.1372,0.13875,0.1529,0.1551,0.15785,0.15715,0.1532,0.13315,0.14225,0.1539
835,0.10655,0.14165,0.15435,0.1449,0.1555,0.15965,0.14945,0.1413,0.14435,0.1341,0.14795,0.14405
836,0.1008,0.1631,0.14385,0.13515,0.12735,0.1277,0.1191,0.14335,0.1524,0.1436,0.1375,0.16175
837,0.16055,0.14885,0.1476,0.14595,0.14645,0.14305,0.14615,0.1376,0.14515,0.14965,0.14945,0.15280000000000002
838,0.31705,0.15155,0.13875,0.14865,0.1544,0.16155,0.15485,0.1448,0.15005,0.1532,0.1653,0.15225
839,0.0853,0.1604,0.15635,0.12945,0.1653,0.15535,0.13285,0.16195,0.142,0.14375,0.14975,0.1447
840,0.1847,0.14455,0.1393,0.1555,0.1416,0.14555,0.1286,0.14115,0.13515,0.1472,0.14865,0.151
841,0.1163,0.1493,0.1583,0.14395,0.1642,0.13745,0.13015,0.15115,0.13575,0.1851,0.1447,0.14250000000000002
842,0.075,0.15135,0.1633,0.1353,0.1485,0.12935,0.01395,0.1382,0.35685,0.13155,0.13135,0.15465
843,0.16215,0.15095,0.14315,0.12685,0.14375,0.1396,0.13105,0.15185,0.14565,0.14105,0.14305,0.1375
844,0.19615,0.16045,0.1435,0.1147,0.1356,0.1551,0.1493,0.15285,0.14425,0.13015,0.1372,0.15175
845,0.10475,0.15035,0.1413,0.1475,0.1539,0.1427,0.1332,0.14335,0.13415,0.1498,0.15825,0.15765
846,0.18245,0.1328,0.1474,0.1441,0.14125,0.1494,0.18395,0.1589,0.1444,0.11585,0.1359,0.15560000000000002
847,0.2719,0.13985,0.15745,0.19785,0.14195,0.14435,0.1293,0.1377,0.1413,0.12455,0.14875,0.1416
848,0.1147,0.1513,0.16155,0.12765,0.15295,0.1704,0.1188,0.14975,0.1607,0.13685,0.15595,0.1366
849,0.09595,0.1475,0.15375,0.1433,0.13825,0.14395,0.1429,0.13915,0.1361,0.1419,0.14455,0.1462
850,0.1251,0.13975,0.14585,0.11945,0.1368,0.1415,0.11755,0.13595,0.1466,0.1453,0.13495,0.1429
851,0.1287,0.14465,0.15495,0.1301,0.1458,0.1413,0.15725,0.13855,0.179,0.14845,0.13615,0.14880000000000002
852,0.10805,0.149,0.14335,0.1166,0.1518,0.14605,0.1402,0.1502,0.1346,0.13345,0.15945,0.14105
853,0.13435,0.1582,0.13525,0.12195,0.14245,0.13665,0.15295,0.14265,0.139,0.13895,0.15735,0.14735
854,0.16875,0.15055,0.1464,0.12145,0.1595,0.1472,0.14225,0.1486,0.14455,0.11865,0.1471,0.13935
855,0.1156,0.1935,0.1618,0.12825,0.1402,0.1487,0.1395,0.14175,0.1609,0.1441,0.14105,0.1414
856,0.1352,0.13095,0.1402,0.1427,0.14895,0.17375,0.13605,0.16815,0.1482,0.13585,0.1427,0.14415
857,0.1461,0.13015,0.15685,0.10615,0.1426,0.14235,0.1169,0.1533,0.1327,0.12825,0.20005,0.1391
858,0.1062,0.2189,0.15795,0.2252,0.15135,0.1341,0.1417,0.1758,0.16255,0.3618,0.157,0.15005000000000002
859,0.10505,0.1774,0.1491,0.13305,0.139,0.1523,0.1299,0.144,0.13525,0.1552,0.14235,0.1501
860,0.1946,0.15355,0.13685,0.13675,0.13775,0.1464,0.12785,0.13255,0.15475,0.1114,0.15395,0.14935
861,0.06385,0.14525,0.14815,0.1449,0.14975,0.1534,0.14055,0.15365,0.1606,0.16345,0.1479,0.13440000000000002
862,0.0838,0.1451,0.13745,0.1296,0.13785,0.1388,0.1472,0.15215,0.1442,0.19715,0.14395,0.14775000000000002
863,0.15185,0.161,0.14635,0.1241,0.1345,0.1463,0.1374,0.1457,0.1409,0.1285,0.15525,0.15280000000000002
864,0.116,0.14295,0.14605,0.15115,0.15065,0.14475,0.15055,0.14915,0.16155,0.13875,0.1178,0.14185
865,0.2496,0.14655,0.16065,0.1366,0.13945,0.1499,0.15875,0.12595,0.1414,0.13955,0.1491,0.158
866,0.1909,0.14025,0.14805,0.1324,0.1277,0.1465,0.14375,0.138,0.2031,0.18065,0.15165,0.1502
867,0.1194,0.1458,0.1328,0.1252,0.28975,0.1357,0.1535,0.18375,0.16625,0.13975,0.17715,0.14275000000000002
868,0.1623,0.13165,0.1587,0.15,0.1373,0.13445,0.16965,0.12915,0.1332,0.1641,0.1386,0.1441
869,0.1762,0.15555,0.15395,0.1304,0.12635,0.1522,0.14675,0.1542,0.14085,0.1444,0.13555,0.13520000000000001
870,0.1024,0.1318,0.1413,0.1359,0.14125,0.14455,0.12535,0.141,0.1494,0.11305,0.1369,0.1459
871,0.19025,0.1473,0.15145,0.1686,0.1373,0.1627,0.1765,0.13935,0.1477,0.2818,0.1385,0.14205
872,0.11555,0.1486,0.14475,0.12355,0.13925,0.1555,0.1416,0.15,0.1468,0.14555,0.14215,0.1426
873,0.1193,0.17035,0.15365,0.12745,0.15065,0.14875,0.1344,0.15075,0.14285,0.155,0.1381,0.15285
874,0.13255,0.146,0.13345,0.13335,0.1517,0.14475,0.1424,0.1436,0.1614,0.1366,0.14625,0.1474
875,0.1276,0.1509,0.13655,0.13225,0.1434,0.16675,0.1632,0.2222,0.21105,0.1332,0.1506,0.1502
876,0.1588,0.14225,0.16025,0.2097,0.1426,0.155,0.1437,0.1453,0.15005,0.16425,0.1355,0.1457
877,0.1162,0.1608,0.1387,0.1216,0.16915,0.12775,0.1198,0.1251,0.13835,0.1497,0.1507,0.1449
878,0.10775,0.1334,0.1404,0.14845,0.13925,0.13525,0.13905,0.137,0.1469,0.14665,0.16075,0.13285
879,0.17055,0.1722,0.1493,0.14345,0.1311,0.13635,0.1408,0.1515,0.14825,0.14955,0.13565,0.1452
880,0.1276,0.1366,0.16435,0.1536,0.1771,0.13775,0.13805,0.127,0.145,0.1283,0.13645,0.14335
881,0.09395,0.1589,0.1416,0.12065,0.16885,0.1361,0.14535,0.15805,0.15385,0.12995,0.14785,0.14595
882,0.1152,0.14525,0.16845,0.1376,0.1451,0.1431,0.1533,0.1413,0.19255,0.13685,0.15425,0.13985
883,0.0643,0.1542,0.15545,0.1453,0.13395,0.1499,0.1516,0.1367,0.1489,0.30675,0.14795,0.14880000000000002
884,0.15465,0.1523,0.1484,0.15655,0.12855,0.145,0.12905,0.15115,0.14455,0.1675,0.15315,0.14735
885,0.1564,0.15025,0.1486,0.134,0.14645,0.1441,0.12165,0.20445,0.14235,0.1302,0.1343,0.14185
886,0.25725,0.1487,0.15695,0.186,0.13815,0.1363,0.12965,0.13615,0.14155,0.12585,0.14135,0.14105
887,0.10465,0.14775,0.1398,0.14975,0.1532,0.14085,0.126,0.22615,0.1456,0.1452,0.14255,0.14800000000000002
888,0.08315,0.1519,0.14435,0.1298,0.1335,0.13995,0.11665,0.1392,0.13805,0.16115,0.14045,0.14805000000000001
889,0.14725,0.1461,0.146,0.1549,0.14815,0.14765,0.1346,0.16025,0.1326,0.13335,0.1648,0.13985
890,0.1528,0.1407,0.14285,0.1113,0.143,0.1467,0.14635,0.1372,0.1414,0.18605,0.1282,0.154
891,0.1878,0.1444,0.1499,0.1527,0.17775,0.1326,0.14195,0.14645,0.16885,0.1537,0.15765,0.1321
892,0.1695,0.14225,0.14045,0.157,0.1502,0.1362,0.1506,0.14125,0.1398,0.15915,0.13875,0.1454
893,0.0954,0.13505,0.13655,0.1274,0.13995,0.1491,0.15455,0.1307,0.1428,0.13415,0.13695,0.15835000000000002
894,0.1495,0.1441,0.1414,0.1536,0.13355,0.13985,0.1342,0.14045,0.14675,0.1414,0.14745,0.1517
895,0.1467,0.1418,0.1395,0.1659,0.14335,0.14925,0.13,0.135,0.1348,0.1311,0.136,0.1403
896,0.1158,0.1333,0.13685,0.1242,0.15585,0.13605,0.1379,0.13825,0.1451,0.13135,0.1601,0.15515
897,0.12455,0.15055,0.1465,0.13125,0.15035,0.1392,0.12525,0.14955,0.1502,0.1308,0.13595,0.13185
898,0.14495,0.1526,0.14235,0.1196,0.13725,0.1446,0.14155,0.14175,0.1522,0.15085,0.1486,0.15525
899,0.21865,0.14305,0.1456,0.13905,0.14425,0.15415,0.14375,0.14945,0.14845,0.21095,0.1396,0.1433
900,0.14325,0.136,0.1627,0.1235,0.13955,0.14675,0.12655,0.15925,0.13835,0.1416,0.1525,0.14745
901,0.22885,0.13335,0.1458,0.14305,0.14125,0.1461,0.1526,0.171,0.13945,0.1415,0.1383,0.15295
902,0.15525,0.1387,0.14415,0.1286,0.1485,0.14335,0.1566,0.1456,0.1469,0.1308,0.15055,0.14300000000000002
903,0.1206,0.1673,0.1609,0.12675,0.21555,0.1496,0.12835,0.1386,0.13745,0.156,0.13735,0.1426
904,0.09145,0.1384,0.13225,0.1177,0.1374,0.17755,0.18045,0.1553,0.1524,0.09785,0.14695,0.15285
905,0.24305,0.14495,0.13845,0.13835,0.1719,0.1366,0.1317,0.1502,0.14845,0.21175,0.1359,0.1418
906,0.13515,0.1407,0.1382,0.122,0.1312,0.1658,0.17385,0.1337,0.14505,0.1555,0.14435,0.1451
907,0.1271,0.15555,0.1933,0.14315,0.1364,0.14475,0.1262,0.1554,0.13505,0.1708,0.15915,0.13805
908,0.0861,0.1354,0.144,0.13325,0.1347,0.1391,0.1474,0.1483,0.1371,0.1411,0.1268,0.14615
909,0.11385,0.1388,0.13805,0.1556,0.1234,0.14995,0.1354,0.1384,0.14195,0.1338,0.15135,0.14155
910,0.06635,0.1445,0.14365,0.1389,0.14125,0.15075,0.12405,0.14055,0.1357,0.1255,0.14955,0.1431
911,0.15275,0.19915,0.14375,0.1502,0.13605,0.1414,0.14305,0.14265,0.15645,0.14545,0.13285,0.1381
912,0.1662,0.13725,0.13765,0.12755,0.14135,0.15735,0.14005,0.14695,0.1562,0.13955,0.1421,0.1469
913,0.1254,0.28815,0.14395,0.1431,0.13295,0.13775,0.15135,0.15785,0.14945,0.127,0.15045,0.1506
914,0.14045,0.1575,0.14255,0.13535,0.1358,0.16025,0.13745,0.1407,0.1547,0.1648,0.15535,0.15585000000000002
915,0.0901,0.1807,0.16385,0.12685,0.1636,0.15435,0.158,0.1368,0.1611,0.20545,0.14305,0.15025
916,0.19075,0.18995,0.1348,0.1528,0.14375,0.1415,0.14295,0.13595,0.1415,0.13895,0.14495,0.1494
917,0.1635,0.1514,0.14585,0.16325,0.1318,0.1438,0.1069,0.12525,0.1465,0.12825,0.1507,0.1492
918,0.20445,0.14525,0.1388,0.17285,0.14865,0.1524,0.18215,0.13015,0.14395,0.1361,0.1481,0.13985
919,0.0934,0.14615,0.14325,0.1504,0.13455,0.14585,0.14245,0.14635,0.1434,0.12925,0.13305,0.14365
920,0.29055,0.15195,0.15095,0.1425,0.14765,0.14245,0.13395,0.1615,0.1583,0.1337,0.13115,0.13965
921,0.16965,0.1343,0.15305,0.1222,0.1557,0.1344,0.14335,0.14175,0.1499,0.12275,0.1352,0.1434
922,0.17415,0.14655,0.1295,0.1466,0.1395,0.14015,0.13705,0.1612,0.13835,0.13465,0.1447,0.14155
923,0.2788,0.142,0.15025,0.1457,0.13395,0.13755,0.20585,0.1537,0.1534,0.1763,0.14135,0.14250000000000002
924,0.1073,0.1633,0.1555,0.1714,0.13785,0.1776,0.1495,0.0,0.14325,0.1448,0.1461,0.13885
925,0.0834,0.13305,0.13445,0.14585,0.15025,0.14435,0.16615,0.12955,0.14525,0.15575,0.1493,0.14735
926,0.57395,0.14325,0.14165,0.1298,0.17425,0.14425,0.1343,0.15075,0.1639,0.0761,0.14885,0.15575
927,0.2667,0.199,0.14105,0.13285,0.14,0.15085,0.12995,0.15515,0.14725,0.13125,0.15105,0.1436
928,0.1975,0.15685,0.1348,0.12825,0.13705,0.15135,0.1588,0.1672,0.155,0.1607,0.1579,0.14135
929,0.17025,0.14445,0.1757,0.14545,0.13655,0.15365,0.1459,0.14585,0.1524,0.15215,0.1532,0.1419
930,0.1904,0.15835,0.15385,0.1265,0.13855,0.1427,0.13365,0.1368,0.1407,0.12505,0.1408,0.1552
931,0.37595,0.17995,0.1504,0.12715,0.1382,0.14625,0.14105,0.13325,0.1371,0.13365,0.1518,0.14475000000000002
932,0.1614,0.1346,0.1539,0.19685,0.12985,0.14545,0.1917,0.1403,0.13555,0.1486,0.1421,0.1406
933,0.1309,0.14505,0.14675,0.24345,0.16265,0.1415,0.14455,0.14065,0.1469,0.1293,0.1429,0.15625
934,0.057,0.14985,0.147,0.15255,0.13995,0.1359,0.1635,0.12695,0.19955,0.1677,0.14635,0.15015
935,0.15035,0.13965,0.1585,0.16185,0.15595,0.13365,0.13095,0.20315,0.1513,0.12975,0.16215,0.1414
936,0.1817,0.1474,0.1314,0.13055,0.15605,0.1562,0.15035,0.1404,0.1494,0.12895,0.1434,0.14585
937,0.09525,0.1498,0.16495,0.14085,0.13055,0.14985,0.13905,0.1923,0.1508,0.14525,0.1419,0.15075
938,0.1008,0.14955,0.14975,0.18395,0.1395,0.1535,0.14815,0.13195,0.1494,0.14125,0.14295,0.14695
939,0.1237,0.13505,0.156,0.1313,0.13565,0.1685,0.15295,0.14975,0.1452,0.1342,0.1405,0.1424
940,0.0902,0.14685,0.144,0.1419,0.17705,0.1418,0.14895,0.14775,0.14655,0.14315,0.1397,0.13745000000000002
941,0.1114,0.1392,0.1354,0.193,0.18605,0.15325,0.1306,0.14015,0.15305,0.1283,0.1382,0.14885
942,0.12745,0.1382,0.14475,0.14495,0.13785,0.1461,0.16865,0.1428,0.1532,0.12495,0.139,0.16305
943,0.09335,0.13685,0.1466,0.1963,0.14435,0.15115,0.17075,0.1514,0.14865,0.1501,0.1552,0.14245
944,0.1214,0.1506,0.1606,0.14925,0.16745,0.1469,0.1361,0.1517,0.17235,0.14755,0.2075,0.1376
945,0.17905,0.1556,0.14085,0.135,0.14785,0.14885,0.1625,0.1454,0.14975,0.16245,0.16135,0.1366
946,0.28625,0.1516,0.1572,0.14495,0.13695,0.13295,0.13385,0.1349,0.1434,0.14645,0.15615,0.13455
947,0.2073,0.14355,0.1409,0.13245,0.1425,0.1414,0.1201,0.16635,0.16135,0.1479,0.13655,0.15415
948,0.155,0.16115,0.1488,0.13225,0.1562,0.1396,0.19855,0.132,0.14655,0.1625,0.1475,0.15605
949,0.22685,0.15495,0.146,0.13595,0.12955,0.14605,0.13075,0.13675,0.1637,0.2499,0.1484,0.149
950,0.11785,0.13605,0.13955,0.16235,0.16145,0.14595,0.13075,0.1411,0.1501,0.1373,0.1313,0.1517
951,1.0,0.16815,0.1521,0.14445,0.1339,0.15685,0.14095,0.15215,0.13665,0.1465,0.13785,0.14075000000000001
952,0.10875,0.1498,0.142,0.1482,0.14325,0.1356,0.14235,0.14115,0.1442,0.14065,0.16105,0.1519
953,0.1008,0.14825,0.1417,0.1459,0.1387,0.1506,0.14285,0.1516,0.1533,0.14825,0.1368,0.15185
954,0.1495,0.14565,0.16375,0.1293,0.1531,0.13865,0.1872,0.1338,0.1408,0.1381,0.1251,0.1502
955,0.0624,0.15865,0.16025,0.24845,0.1364,0.50775,0.10935,0.12015,0.1307,0.1293,0.13375,0.14795
956,0.0811,0.1452,0.147,0.14225,0.1397,0.14215,0.16755,0.1487,0.1933,0.15485,0.14595,0.15485000000000002
957,0.16245,0.15345,0.13925,0.1424,0.16005,0.14005,0.1287,0.14145,0.14525,0.12555,0.15905,0.15055000000000002
958,0.15835,0.1345,0.13775,0.1408,0.1407,0.13545,0.1412,0.1347,0.1444,0.1815,0.17515,0.14725000000000002
959,0.11685,0.16245,0.14285,0.1247,0.14485,0.13395,0.13545,0.1503,0.1311,0.15235,0.135,0.14735
960,0.0807,0.15455,0.15435,0.13915,0.1407,0.14335,0.12445,0.1392,0.15485,0.16795,0.1581,0.14985
961,0.21225,0.13665,0.15595,0.1154,0.12525,0.1514,0.14205,0.14315,0.1634,0.16415,0.14725,0.15875
962,0.3889,0.136,0.13455,0.17455,0.1446,0.1491,0.16065,0.1923,0.1546,0.1439,0.13975,0.14285
963,0.18085,0.1358,0.1471,0.1347,0.155,0.16275,0.1215,0.1493,0.1542,0.15785,0.20045,0.14295
964,0.14535,0.1471,0.16275,0.1305,0.15075,0.13575,0.11765,0.1394,0.14455,0.13735,0.09065,0.13375
965,0.0848,0.15315,0.1563,0.1664,0.17925,0.14585,0.1388,0.1518,0.14475,0.1323,0.13775,0.14780000000000001
966,0.13005,0.1497,0.1498,0.1285,0.1461,0.1358,0.14275,0.16255,0.15875,0.14095,0.1699,0.1449
967,0.1265,0.14445,0.14925,0.1338,0.1468,0.1332,0.14895,0.13535,0.1403,0.13035,0.14535,0.15745
968,0.2228,0.1629,0.15095,0.13195,0.1445,0.1473,0.13545,0.1472,0.14425,0.1317,0.132,0.15230000000000002
969,0.15005,0.1549,0.16745,0.1284,0.15975,0.14545,0.1762,0.14395,0.14005,0.1636,0.147,0.14725000000000002
970,0.1175,0.1506,0.13345,0.1333,0.1687,0.17345,0.1232,0.1325,0.1552,0.13395,0.14225,0.1461
971,0.12445,0.1565,0.1562,0.15455,0.137,0.1484,0.14405,0.17975,0.1528,0.21265,0.14565,0.13915
972,0.09505,0.16005,0.15945,0.1512,0.13165,0.15395,0.11485,0.1432,0.1603,0.1305,0.13635,0.14085
973,0.1069,0.14765,0.1798,0.16465,0.15095,0.13195,0.1464,0.1387,0.1469,0.14465,0.1377,0.14635
974,0.09245,0.1537,0.1393,0.13275,0.137,0.143,0.12165,0.13685,0.14695,0.2224,0.1567,0.1487
975,0.1137,0.1422,0.13365,0.15465,0.20045,0.14545,0.148,0.13765,0.1491,0.1883,0.13415,0.1537
976,0.15275,0.16505,0.1529,0.1376,0.1488,0.1528,0.1289,0.15085,0.14985,0.13235,0.1403,0.14555
977,0.08915,0.17,0.15015,0.1392,0.1445,0.1812,0.13965,0.13825,0.1381,0.1257,0.15155,0.1433
978,0.1367,0.1454,0.1455,0.1371,0.1306,0.1306,0.135,0.1344,0.15375,0.137,0.16735,0.14250000000000002
979,0.1196,0.13975,0.196,0.15455,0.1656,0.14365,0.1383,0.13505,0.14535,0.1288,0.13685,0.14955000000000002
980,0.2569,0.16475,0.14095,0.1447,0.1448,0.15575,0.1699,0.1407,0.14305,0.12975,0.1624,0.1474
981,0.1632,0.1487,0.14605,0.1327,0.138,0.1739,0.15415,0.1404,0.1394,0.1473,0.13725,0.1374
982,0.16255,0.15115,0.16495,0.14255,0.1297,0.14755,0.1419,0.1461,0.13955,0.118,0.13135,0.1476
983,0.10615,0.1607,0.1602,0.1228,0.14905,0.1453,0.1364,0.1585,0.1529,0.14465,0.1327,0.14575000000000002
984,0.10655,0.15395,0.166,0.23345,0.1296,0.1515,0.1643,0.1543,0.13295,0.14125,0.1394,0.15195
985,0.1491,0.15495,0.13495,0.1261,0.1365,0.1606,0.14145,0.1257,0.1593,0.13335,0.13625,0.1459
986,0.67585,0.1444,0.187,0.1911,0.236,0.1483,0.1434,0.13925,0.14825,0.13745,0.1504,0.14505
987,0.15085,0.14815,0.1369,0.133,0.1293,0.1395,0.17005,0.17005,0.1398,0.12905,0.15115,0.15435000000000001
988,0.16515,0.1266,0.15165,0.13705,0.14775,0.13375,0.13595,0.18245,0.1583,0.12935,0.1475,0.14800000000000002
989,0.344,0.15745,0.1444,0.12125,0.1346,0.14445,0.1476,0.16345,0.14805,0.131,0.1318,0.14780000000000001
990,0.14285,0.1465,0.1498,0.13545,0.13695,0.1571,0.1299,0.14525,0.1574,0.12375,0.1485,0.15195
991,0.22925,0.15845,0.1282,0.15855,0.15,0.1433,0.12875,0.1331,0.14675,0.19325,0.1562,0.1497
992,0.0944,0.1358,0.13655,0.14055,0.15255,0.16445,0.1398,0.15225,0.1522,0.1596,0.13295,0.1433
993,0.0727,0.1405,0.15715,0.13625,0.14605,0.14075,0.13275,0.13665,0.1469,0.2594,0.15495,0.1522
994,0.10635,0.14795,0.1563,0.12195,0.1607,0.1502,0.1343,0.15995,0.1444,0.1299,0.1598,0.14665
995,0.10535,0.1555,0.1841,0.1473,0.1301,0.1386,0.2152,0.21755,0.1605,0.1576,0.1628,0.1444
996,0.0875,0.13585,0.1504,0.1772,0.15025,0.14735,0.13375,0.1402,0.1479,0.1333,0.1476,0.15265
997,0.1178,0.1435,0.12615,0.143,0.1242,0.13705,0.1308,0.1332,0.13905,0.1185,0.13015,0.15245
998,0.10555,0.14575,0.1563,0.1415,0.12815,0.1423,0.1453,0.1362,0.1511,0.1465,0.14065,0.14375000000000002
999,0.1179,0.12905,0.18475,0.1528,0.14105,0.14075,0.13695,0.162,0.14455,0.13045,0.15,0.1335
1000,0.25775,0.1618,0.1506,0.15735,0.13265,0.1394,0.11225,0.1527,0.1443,0.1512,0.14245,0.1504
1001,0.11145,0.13695,0.12725,0.1669,0.14445,0.14255,0.1584,0.146,0.14245,0.1372,0.15335,0.14635
1002,0.1149,0.1503,0.13975,0.13255,0.14535,0.15265,0.147,0.1557,0.1432,0.1315,0.14565,0.14925
1003,0.10525,0.1359,0.14035,0.12295,0.1229,0.1365,0.12545,0.16755,0.14665,0.123,0.1432,0.14915
1004,0.19285,0.1285,0.1472,0.1309,0.1414,0.12875,0.1474,0.13375,0.1478,0.1949,0.14705,0.14315
1005,0.20045,0.14565,0.1412,0.11375,0.13405,0.1452,0.15785,0.1515,0.14435,0.147,0.13565,0.1395
1006,0.11355,0.1385,0.154,0.12125,0.14955,0.14465,0.13475,0.14315,0.1481,0.1363,0.1285,0.15455000000000002
1007,0.28855,0.1487,0.14505,0.14955,0.15,0.15255,0.15855,0.14915,0.14455,0.18585,0.13945,0.15845
1008,0.0983,0.15145,0.1406,0.22435,0.1345,0.1442,0.171,0.1433,0.14715,0.1312,0.15985,0.1429
1009,0.1206,0.142,0.1465,0.1283,0.1549,0.1475,0.1393,0.151,0.13995,0.1405,0.13905,0.15295
1010,0.5113,0.13515,0.18385,0.14875,0.1338,0.14055,0.13555,0.1483,0.14525,0.1471,0.1578,0.1413
1011,0.13965,0.15305,0.1423,0.1471,0.13675,0.1432,0.11895,0.1618,0.1371,0.13545,0.1528,0.1366
1012,0.40245,0.1336,0.13575,0.174,0.13025,0.16725,0.62175,0.14065,0.1453,0.1506,0.14015,0.14935
1013,0.1045,0.1445,0.139,0.15365,0.13905,0.1476,0.15725,0.13195,0.14675,0.1435,0.15065,0.14835
1014,0.1852,0.1505,0.15155,0.15485,0.14595,0.12915,0.14425,0.15155,0.15585,0.14385,0.1299,0.1529
1015,0.0828,0.19255,0.1443,0.1356,0.1376,0.1511,0.16005,0.135,0.14015,0.12945,0.16335,0.1394
1016,0.0899,0.2182,0.14785,0.13315,0.14905,0.1575,0.20125,0.1526,0.1432,0.1524,0.15455,0.1468
1017,0.0862,0.14395,0.1426,0.1318,0.1576,0.16965,0.17325,0.1417,0.1508,0.13925,0.17015,0.16045
1018,0.1508,0.13295,0.1553,0.12675,0.14685,0.1492,0.15695,0.1307,0.14715,0.16315,0.13815,0.14095000000000002
1019,0.12495,0.1489,0.15295,0.15065,0.16855,0.13865,0.14315,0.1352,0.13965,0.15935,0.1359,0.1494
1020,0.0983,0.1329,0.1386,0.14645,0.14275,0.15,0.1757,0.12785,0.13455,0.1928,0.1508,0.14415
1021,0.15945,0.15055,0.15275,0.1282,0.1393,0.14055,0.1644,0.13065,0.1387,0.15925,0.1449,0.1537
1022,0.07305,0.15995,0.16575,0.122,0.16125,0.13775,0.1751,0.13925,0.14655,0.13845,0.1482,0.1313
1023,0.13975,0.133,0.1577,0.15145,0.1405,0.1439,0.16365,0.136,0.1551,0.2175,0.14735,0.1496
1024,0.1884,0.12785,0.146,0.16285,0.13685,0.14635,0.13845,0.1434,0.1532,0.1726,0.13345,0.13495000000000001
1025,0.21145,0.1596,0.13745,0.14945,0.1418,0.1381,0.14285,0.13045,0.1482,0.14565,0.15005,0.14615
1026,0.10955,0.1404,0.15385,0.1534,0.13975,0.1403,0.13455,0.16015,0.1495,0.1137,0.1413,0.1427
1027,0.1523,0.14715,0.14255,0.1884,0.1565,0.16245,0.23265,0.17115,0.13215,0.12965,0.1594,0.15175
1028,0.0864,0.1378,0.1498,0.1413,0.13775,0.13555,0.14725,0.0,0.1508,0.1361,0.13795,0.1512
1029,0.141,0.14245,0.15015,0.1399,0.1469,0.1403,0.12925,0.12585,0.13615,0.14625,0.15235,0.136
1030,0.1361,0.16035,0.14945,0.13335,0.1591,0.1406,0.11955,0.15115,0.1625,0.151,0.15015,0.14785
1031,0.0942,0.153,0.2077,0.14675,0.1419,0.146,0.1574,0.1509,0.1449,0.12235,0.1474,0.15055000000000002
1032,0.1033,0.1362,0.1416,0.16335,0.1504,0.13535,0.1202,0.13105,0.13835,0.15705,0.14585,0.1477
1033,0.2324,0.1496,0.16605,0.148,0.17225,0.1469,0.15445,0.15215,0.14945,0.1535,0.15285,0.14235
1034,0.16845,0.1602,0.14135,0.1406,0.13865,0.1554,0.137,0.1365,0.14805,0.15695,0.14135,0.1507
1035,0.1696,0.1534,0.1408,0.1385,0.1419,0.14485,0.1437,0.1425,0.15045,0.13955,0.16395,0.1494
1036,0.2854,0.1371,0.14375,0.1487,0.15655,0.1443,0.13385,0.1506,0.14455,0.12455,0.15965,0.1554
1037,0.16235,0.15155,0.157,0.12335,0.1564,0.1471,0.1392,0.15405,0.15295,0.1506,0.1489,0.14070000000000002
1038,0.2118,0.14395,0.1418,0.14165,0.1494,0.14655,0.1259,0.1644,0.13535,0.17185,0.1492,0.1418
1039,0.30065,0.15925,0.1408,0.13995,0.1386,0.147,0.16745,0.14625,0.1415,0.1271,0.1382,0.16065000000000002
1040,0.09595,0.1334,0.1531,0.12935,0.14015,0.1431,0.13475,0.1273,0.1509,0.21695,0.1517,0.14780000000000001
1041,0.12815,0.13725,0.15795,0.12135,0.15455,0.14425,0.12715,0.13895,0.14775,0.12385,0.14195,0.1559
1042,0.1192,0.14905,0.14595,0.13415,0.13945,0.13285,0.1546,0.13095,0.1384,0.15985,0.148,0.14565
1043,0.13135,0.1445,0.1381,0.12925,0.1887,0.1415,0.15275,0.13355,0.14355,0.14725,0.13875,0.1534
1044,0.1114,0.1567,0.14005,0.1356,0.14065,0.13525,0.1216,0.16035,0.13685,0.1343,0.1425,0.13770000000000002
1045,0.0813,0.16025,0.1377,0.15305,0.16195,0.14345,0.1404,0.16535,0.1513,0.149,0.12615,0.14525000000000002
1046,0.11985,0.14335,0.1441,0.1129,0.14515,0.14375,0.1371,0.18885,0.14635,0.14055,0.1467,0.15710000000000002
1047,0.13905,0.1587,0.16845,0.16065,0.1594,0.14665,0.17175,0.1552,0.15205,0.15785,0.14545,0.1567
1048,0.17975,0.13845,0.15405,0.13735,0.1563,0.1436,0.14365,0.1592,0.14595,0.16025,0.1464,0.1527
1049,0.12275,0.1533,0.1511,0.1267,0.1401,0.14475,0.1339,0.13585,0.14,0.1434,0.1386,0.15445
1050,0.1896,0.1621,0.1331,0.16735,0.1455,0.1521,0.13965,0.1394,0.1487,0.13555,0.13245,0.1472
1051,0.0971,0.15195,0.1455,0.14045,0.13725,0.1343,0.1277,0.13525,0.1416,0.1268,0.13125,0.1583
1052,0.09335,0.16915,0.14155,0.1361,0.148,0.13965,0.172,0.1376,0.16365,0.14035,0.1569,0.15645
1053,0.1677,0.1481,0.1453,0.14505,0.1459,0.1468,0.1615,0.14165,0.1464,0.1383,0.13145,0.1386
1054,0.1158,0.1907,0.15155,0.1483,0.1503,0.1439,0.1454,0.1499,0.15015,0.13365,0.1365,0.1542
1055,0.0915,0.17685,0.1452,0.13945,0.1549,0.1398,0.12175,0.12605,0.1508,0.1448,0.1415,0.1477
1056,0.1028,0.14915,0.1378,0.13645,0.1446,0.1398,0.13825,0.14335,0.1416,0.13775,0.15135,0.1474
1057,0.1686,0.1397,0.14365,0.15955,0.15135,0.14735,0.166,0.1495,0.13055,0.1401,0.1335,0.15315
1058,0.15955,0.15105,0.14185,0.13735,0.13985,0.1453,0.12025,0.14605,0.1396,0.1324,0.14935,0.14495
1059,0.1787,0.15485,0.1453,0.15695,0.13365,0.14745,0.13105,0.1883,0.1396,0.19335,0.1329,0.15045
1060,0.10565,0.16445,0.18325,0.14975,0.1676,0.156,0.11815,0.19325,0.1476,0.13285,0.1528,0.13355
1061,0.08395,0.1447,0.1607,0.14975,0.1411,0.1284,0.14705,0.1372,0.15735,0.1454,0.1486,0.14775000000000002
1062,0.05845,0.15425,0.1741,0.14895,0.1436,0.1478,0.14445,0.14085,0.144,0.17035,0.1455,0.15155000000000002
1063,0.11495,0.1307,0.1431,0.1374,0.1535,0.13925,0.1501,0.13665,0.15235,0.128,0.1553,0.13240000000000002
1064,0.08945,0.15395,0.14425,0.1203,0.2249,0.139,0.17095,0.1384,0.134,0.14325,0.1702,0.1504
1065,0.09045,0.15945,0.1435,0.13275,0.14145,0.14905,0.218,0.1808,0.14895,0.13945,0.15435,0.1411
1066,0.326,0.16705,0.1374,0.1566,0.1498,0.1405,0.14565,0.1503,0.1371,0.1649,0.13935,0.14515
1067,0.2352,0.15025,0.13705,0.1859,0.1499,0.15205,0.12645,0.1403,0.14165,0.1613,0.1505,0.1442
1068,0.0763,0.1328,0.1579,0.1133,0.15805,0.14215,0.1539,0.15515,0.14965,0.14745,0.18765,0.14800000000000002
1069,0.10165,0.13595,0.15295,0.1557,0.185,0.13565,0.136,0.14815,0.1447,0.148,0.15255,0.1539
1070,0.08905,0.14735,0.15525,0.11935,0.1953,0.156,0.13545,0.13345,0.1397,0.1477,0.1446,0.15125
1071,0.3059,0.1503,0.1922,0.12545,0.14395,0.1428,0.1408,0.13795,0.1447,0.16195,0.14505,0.14555
1072,0.11275,0.1541,0.15705,0.10155,0.14115,0.16485,0.15805,0.1467,0.14265,0.1479,0.16855,0.1491
1073,0.1156,0.144,0.1299,0.14605,0.1399,0.14395,0.1954,0.1419,0.155,0.1424,0.1487,0.14995
1074,0.0824,0.14415,0.13455,0.25605,0.1353,0.1325,0.22055,0.13555,0.1429,0.16845,0.13785,0.15315
1075,0.1722,0.1505,0.13875,0.12845,0.14745,0.14525,0.142,0.14725,0.14495,0.1401,0.13,0.15335000000000001
1076,0.1502,0.1337,0.1298,0.13685,0.1975,0.14295,0.14545,0.158,0.1362,0.15915,0.14575,0.1524
1077,0.13175,0.1367,0.13815,0.1341,0.1388,0.1483,0.1379,0.1451,0.14595,0.15295,0.13805,0.14405
1078,0.29525,0.1543,0.14675,0.1376,0.136,0.1478,0.13925,0.13825,0.16245,0.16455,0.13615,0.14675000000000002
1079,0.11675,0.14595,0.1569,0.15475,0.1646,0.15435,0.149,0.1409,0.13715,0.12865,0.1374,0.15455000000000002
1080,0.1181,0.14285,0.13665,0.13255,0.13725,0.14145,0.13865,0.1488,0.13315,0.1391,0.15655,0.14025
1081,0.10695,0.15655,0.14815,0.1647,0.14345,0.14725,0.1555,0.14,0.1392,0.1241,0.13665,0.13955
1082,0.07215,0.14065,0.1432,0.13995,0.1328,0.14855,0.18025,0.1532,0.1483,0.1419,0.1343,0.14450000000000002
1083,0.17085,0.1454,0.285,0.14475,0.13625,0.14395,0.17135,0.14045,0.1446,0.15925,0.15485,0.14985
1084,0.2128,0.13535,0.1391,0.1346,0.1347,0.1431,0.18955,0.14935,0.1741,0.1426,0.13955,0.14675000000000002
1085,0.09805,0.14435,0.1476,0.1805,0.14955,0.1337,0.1427,0.154,0.14905,0.1408,0.1513,0.1457
1086,0.1164,0.1332,0.14835,0.12085,0.13945,0.13915,0.1426,0.1449,0.1489,0.12585,0.13755,0.15960000000000002
1087,0.1071,0.1476,0.14845,0.1409,0.14975,0.13495,0.1293,0.1415,0.1651,0.1529,0.1578,0.14045000000000002
1088,0.1965,0.15,0.1403,0.1504,0.1449,0.1349,0.14,0.1375,0.1495,0.1296,0.149,0.1443
1089,0.0867,0.13315,0.15795,0.1496,0.14405,0.15975,0.1861,0.14755,0.13855,0.1326,0.13605,0.1448
1090,0.19765,0.13975,0.1734,0.1466,0.15775,0.1542,0.1952,0.14835,0.1434,0.1282,0.1318,0.15965000000000001
1091,0.13995,0.18005,0.1491,0.159,0.1516,0.1547,0.1845,0.1974,0.1377,0.1547,0.16415,0.14350000000000002
1092,0.0723,0.14755,0.15285,0.15495,0.1391,0.15565,0.1396,0.148,0.1439,0.139,0.14565,0.14100000000000001
1093,0.10175,0.1693,0.18515,0.1371,0.1383,0.1478,0.16345,0.16665,0.17265,0.1314,0.1581,0.1469
1094,0.22985,0.1497,0.1549,0.2007,0.13715,0.1402,0.1251,0.1304,0.1311,0.14945,0.17085,0.14715
1095,0.1513,0.1468,0.15615,0.12925,0.1466,0.13205,0.1542,0.14015,0.2057,0.13825,0.14585,0.13935
1096,0.07745,0.1372,0.10875,0.12455,0.12585,0.14245,0.1575,0.1469,0.1479,0.1365,0.14645,0.1403
1097,0.16735,0.1679,0.15885,0.14785,0.15735,0.14925,0.13025,0.17255,0.1525,0.1373,0.1334,0.1517
1098,0.1327,0.13095,0.17535,0.15945,0.15475,0.1629,0.1347,0.1329,0.14895,0.13135,0.1413,0.14765
1099,0.1146,0.16525,0.1386,0.1379,0.16025,0.1484,0.24925,0.14215,0.14605,0.14395,0.1472,0.1477
1100,0.1157,0.14115,0.1635,0.1272,0.1563,0.1416,0.13455,0.1532,0.1478,0.1452,0.1423,0.15480000000000002
1101,0.09295,0.2689,0.14785,0.27805,0.20915,0.1535,0.15025,0.1389,0.1382,0.1551,0.1463,0.14475000000000002
1102,0.1263,0.15885,0.1553,0.11565,0.14755,0.14395,0.16175,0.14005,0.14145,0.143,0.14335,0.14645
1103,0.15145,0.148,0.14335,0.1685,0.13785,0.141,0.1404,0.14625,0.1453,0.12705,0.16795,0.1501
1104,0.1397,0.1433,0.13635,0.1209,0.1448,0.1476,0.1749,0.18765,0.1455,0.14,0.1577,0.1423
1105,0.0819,0.16265,0.15305,0.1601,0.13775,0.1455,0.1214,0.1448,0.15285,0.13765,0.15155,0.14755000000000001
1106,0.0808,0.1431,0.14785,0.12375,0.13705,0.14215,0.13535,0.146,0.1548,0.14605,0.13215,0.15505000000000002
1107,0.0877,0.14575,0.14505,0.14585,0.12735,0.14135,0.1365,0.13845,0.1563,0.1406,0.1295,0.14995
1108,0.07105,0.2323,0.12925,0.1667,0.1384,0.1383,0.2373,0.1537,0.1354,0.12145,0.1413,0.14550000000000002
1109,0.0987,0.1364,0.1432,0.13835,0.15325,0.1458,0.14435,0.15355,0.155,0.1648,0.1391,0.14685
1110,0.1609,0.15665,0.1511,0.142,0.1572,0.1343,0.14565,0.12585,0.2082,0.12415,0.13515,0.14975
1111,0.14175,0.1493,0.1503,0.1779,0.13905,0.14915,0.12595,0.15705,0.1417,0.07375,0.1508,0.14780000000000001
1112,0.0848,0.1608,0.13025,0.14655,0.13195,0.1396,0.1295,0.14495,0.1391,0.17495,0.12475,0.13075
1113,0.08365,0.1496,0.1438,0.14285,0.1394,0.15335,0.12465,0.156,0.14705,0.0943,0.13845,0.14020000000000002
1114,0.0638,0.14695,0.16805,0.12,0.1403,0.13585,0.1538,0.13815,0.18285,0.1398,0.1387,0.15705
1115,0.1395,0.14855,0.1531,0.13405,0.1375,0.13315,0.1414,0.14015,0.13425,0.1652,0.14205,0.14365
1116,0.1388,0.13265,0.15065,0.1189,0.13805,0.14325,0.13825,0.13985,0.15045,0.1259,0.1427,0.14095000000000002
1117,0.14265,0.14215,0.1389,0.1678,0.14255,0.14025,0.15955,0.15005,0.1474,0.133,0.14915,0.14995
1118,0.0733,0.1471,0.1403,0.1388,0.13505,0.14425,0.1409,0.1293,0.1403,0.1376,0.14605,0.13835
1119,0.0924,0.14845,0.18165,0.1228,0.15365,0.14465,0.1506,0.1375,0.20055,0.17615,0.13375,0.14400000000000002
1120,0.13465,0.14965,0.1303,0.12615,0.14855,0.14875,0.13835,0.1478,0.1305,0.13655,0.1395,0.1395
1121,0.1442,0.13715,0.14535,0.13575,0.1432,0.15205,0.1324,0.1894,0.14235,0.1317,0.15835,0.14315
1122,0.3646,0.1506,0.14275,0.1416,0.1346,0.1657,0.15885,0.1376,0.14375,0.13815,0.1612,0.14450000000000002
1123,0.15495,0.13515,0.18945,0.11725,0.16235,0.154,0.1382,0.1354,0.14005,0.15115,0.1592,0.14775000000000002
1124,0.3447,0.14715,0.16185,0.1258,0.13725,0.1441,0.13495,0.1427,0.14425,0.13295,0.12875,0.15625
1125,0.07765,0.1882,0.13305,0.12925,0.13935,0.15695,0.14155,0.13735,0.1411,0.14455,0.15435,0.14200000000000002
1126,0.1246,0.1924,0.12815,0.13925,0.14035,0.1462,0.1386,0.1388,0.14185,0.13355,0.1365,0.14755000000000001
1127,0.1244,0.18,0.14605,0.12125,0.14835,0.1471,0.15055,0.12845,0.14875,0.14075,0.13405,0.1472
1128,0.10915,0.15685,0.1499,0.15095,0.13685,0.1371,0.15035,0.1321,0.1393,0.1266,0.1485,0.1633
1129,0.1257,0.14455,0.13945,0.1544,0.1392,0.14315,0.1299,0.1332,0.1391,0.1305,0.1375,0.15685000000000002
1130,0.0814,0.1496,0.1447,0.15505,0.1406,0.14405,0.19225,0.1329,0.1501,0.13,0.1294,0.1496
1131,0.13145,0.14005,0.15495,0.13465,0.15615,0.14555,0.1361,0.1352,0.1674,0.13345,0.14565,0.151
1132,0.1863,0.14285,0.1493,0.14345,0.14275,0.174,0.14705,0.15725,0.14155,0.14555,0.14585,0.1542
1133,0.08445,0.1588,0.14195,0.1259,0.13505,0.1495,0.12575,0.1997,0.1508,0.1321,0.15195,0.14935
1134,0.1543,0.1681,0.1326,0.13955,0.13585,0.14495,0.1315,0.1497,0.14475,0.1817,0.14305,0.14
1135,0.0863,0.1355,0.145,0.13265,0.14695,0.1457,0.12215,0.13565,0.14185,0.14345,0.1357,0.14305
1136,0.1367,0.152,0.14115,0.11745,0.13705,0.16045,0.15725,0.1662,0.14925,0.11445,0.14755,0.1532
1137,0.1744,0.14295,0.1437,0.1436,0.14615,0.13995,0.12845,0.1457,0.1418,0.14265,0.1566,0.1469
1138,0.1041,0.1531,0.19945,0.1394,0.1455,0.1635,0.16475,0.1429,0.14815,0.1241,0.13905,0.14880000000000002
1139,0.20485,0.1436,0.15995,0.1593,0.18755,0.0954,0.15665,0.1347,0.1439,0.14055,0.17145,0.14655
1140,0.0881,0.15705,0.1348,0.14365,0.1359,0.1491,0.19015,0.1327,0.14945,0.15305,0.14295,0.1449
1141,0.14045,0.13895,0.13705,0.1678,0.14675,0.1454,0.1334,0.14975,0.1609,0.12755,0.15905,0.14780000000000001
1142,0.1561,0.149,0.1336,0.17265,0.13985,0.1424,0.13635,0.14395,0.1543,0.1245,0.15435,0.14785
1143,0.1533,0.15325,0.14695,0.1857,0.14855,0.13135,0.14775,0.19625,0.14205,0.1519,0.1404,0.14730000000000001
1144,0.09965,0.1616,0.15195,0.14345,0.18745,0.1448,0.1305,0.14425,0.14025,0.1243,0.1875,0.14515
1145,0.13695,0.1479,0.1705,0.1376,0.1421,0.20485,0.1318,0.14425,0.144,0.14955,0.1447,0.14255
1146,0.13965,0.13975,0.14755,0.14355,0.1344,0.171,0.1999,0.14365,0.14945,0.13625,0.15135,0.1441
1147,0.14275,0.1732,0.1292,0.136,0.161,0.1354,0.2032,0.14115,0.14305,0.1331,0.1626,0.14515
1148,0.1007,0.13915,0.16325,0.15795,0.1691,0.15975,0.1394,0.1454,0.1479,0.1653,0.1431,0.1442
1149,0.15305,0.1479,0.1486,0.15305,0.12645,0.14555,0.1269,0.14755,0.15565,0.14475,0.14655,0.15925
1150,0.09275,0.2457,0.1477,0.1565,0.1505,0.15275,0.1496,0.1347,0.14015,0.1374,0.1485,0.1472
1151,0.1251,0.1449,0.14855,0.1745,0.15115,0.161,0.1212,0.14395,0.1563,0.12615,0.1468,0.15485000000000002
1152,0.0942,0.15595,0.13395,0.1268,0.1372,0.1361,0.1458,0.13355,0.1463,0.1389,0.1228,0.15305000000000002
1153,0.08805,0.1428,0.1477,0.1305,0.17045,0.1506,0.1363,0.09155,0.14975,0.15,0.1456,0.14425000000000002
1154,0.0909,0.14305,0.1683,0.1801,0.13845,0.1417,0.13905,0.15405,0.11305,0.14965,0.144,0.15065
1155,0.1385,0.13525,0.1473,0.146,0.1363,0.1527,0.12305,0.1435,0.1454,0.13235,0.1537,0.14980000000000002
1156,0.1429,0.14855,0.1392,0.13055,0.15115,0.1374,0.1258,0.1355,0.04,0.12,0.146,0.15265
1157,0.20635,0.16245,0.2178,0.15675,0.14065,0.1434,0.1323,0.12185,0.14835,0.11955,0.146,0.1472
1158,0.1915,0.14935,0.14575,0.12875,0.15285,0.14205,0.12745,0.1279,0.1505,0.14,0.13445,0.1426
1159,0.169,0.14585,0.15005,0.1464,0.15915,0.1561,0.13365,0.13515,0.1521,0.1313,0.1346,0.13945000000000002
1160,0.14025,0.1461,0.1514,0.1328,0.13975,0.14185,0.14535,0.14965,0.1401,0.1393,0.18255,0.14535
1161,0.0908,0.1522,0.1652,0.1391,0.13665,0.14145,0.12815,0.1456,0.1452,0.1639,0.1423,0.14335
1162,0.081,0.14835,0.1499,0.128,0.16275,0.13725,0.1237,0.13545,0.1491,0.139,0.14455,0.14555
1163,0.11685,0.1445,0.15585,0.14645,0.1623,0.1405,0.16915,0.13485,0.1461,0.12865,0.14855,0.1472
1164,0.1215,0.1489,0.15395,0.164,0.13315,0.1383,0.158,0.13465,0.1555,0.1243,0.1603,0.1512
1165,0.10395,0.13935,0.1294,0.14755,0.13275,0.13765,0.1477,0.1676,0.1448,0.1367,0.1539,0.14675000000000002
1166,0.1267,0.16305,0.1375,0.1402,0.146,0.1431,0.13525,0.1434,0.15255,0.1329,0.1408,0.14725000000000002
1167,0.1094,0.1539,0.14605,0.1698,0.1347,0.14235,0.1339,0.1662,0.1413,0.1596,0.1678,0.1481
1168,0.1049,0.1427,0.14955,0.13225,0.1569,0.14505,0.1374,0.14685,0.1492,0.1659,0.13365,0.15055000000000002
1169,0.081,0.14565,0.15655,0.13555,0.13625,0.143,0.1217,0.13695,0.13495,0.17535,0.15255,0.14880000000000002
1170,0.1013,0.15515,0.152,0.15545,0.14465,0.1498,0.14165,0.13015,0.13705,0.135,0.1418,0.1502
1171,0.1177,0.13815,0.15135,0.1275,0.1489,0.1606,0.17555,0.1602,0.13995,0.1085,0.1456,0.14275000000000002
1172,0.59535,0.1406,0.15575,0.1259,0.14195,0.1591,0.1266,0.14705,0.1741,0.147,0.14425,0.15130000000000002
1173,0.08265,0.1442,0.175,0.14195,0.1387,0.14155,0.1407,0.13605,0.1478,0.13565,0.1525,0.1514
1174,0.08055,0.13145,0.1356,0.1317,0.1609,0.14515,0.1318,0.1478,0.13815,0.1307,0.14505,0.14705000000000001
1175,0.11465,0.15165,0.1393,0.1495,0.1453,0.1339,0.1174,0.1336,0.13605,0.1591,0.14775,0.14850000000000002
1176,0.1267,0.1434,0.1347,0.1603,0.1331,0.13465,0.1342,0.13605,0.1503,0.15255,0.16035,0.1421
1177,0.1093,0.14965,0.1424,0.13305,0.1541,0.1497,0.13805,0.15735,0.14375,0.14965,0.15185,0.149
1178,0.1283,0.14065,0.1229,0.13105,0.1354,0.1296,0.1488,0.1351,0.1472,0.14965,0.178,0.15795
1179,0.1139,0.1274,0.1732,0.15735,0.14335,0.13455,0.13045,0.14335,0.1478,0.06825,0.13445,0.14915
1180,0.14435,0.1831,0.13355,0.1444,0.1632,0.13655,0.1306,0.15255,0.1396,0.1268,0.1332,0.14285
1181,0.0843,0.14105,0.1602,0.15315,0.1379,0.1404,0.1257,0.1412,0.14845,0.19365,0.14235,0.15275
1182,0.14805,0.148,0.1456,0.1437,0.13985,0.1333,0.1396,0.15035,0.1423,0.14795,0.15675,0.14355
1183,0.24775,0.15985,0.1359,0.14525,0.14015,0.1539,0.1369,0.134,0.12905,0.10935,0.13575,0.1454
1184,0.16955,0.1585,0.15535,0.129,0.12395,0.1357,0.2182,0.13745,0.1516,0.1187,0.13585,0.1491
1185,0.11695,0.1694,0.1446,0.1704,0.1473,0.14195,0.1122,0.1228,0.16255,0.13795,0.1495,0.1617
1186,0.14305,0.1377,0.15535,0.13145,0.1469,0.1472,0.1621,0.13685,0.1339,0.18345,0.15145,0.14215
1187,0.1388,0.1538,0.1504,0.12525,0.14155,0.14285,0.14335,0.17365,0.1602,0.14125,0.14745,0.1451
1188,0.1094,0.15225,0.1564,0.1328,0.13145,0.14605,0.2063,0.1518,0.1406,0.21045,0.15195,0.14815
1189,0.164,0.13965,0.1337,0.1354,0.1373,0.1453,0.1388,0.1517,0.15245,0.1641,0.1398,0.15080000000000002
1190,0.09,0.15645,0.1346,0.1298,0.16565,0.1773,0.12,0.15115,0.1425,0.2456,0.13755,0.14375000000000002
1191,0.1935,0.14185,0.27855,0.16115,0.1613,0.14425,0.1536,0.1479,0.15205,0.13905,0.1446,0.1816
1192,0.1128,0.1411,0.1401,0.12205,0.13335,0.14165,0.14875,0.14485,0.1373,0.1382,0.13675,0.15245
1193,0.12465,0.16535,0.17765,0.13135,0.1233,0.13925,0.14255,0.1344,0.1462,0.1403,0.14725,0.13240000000000002
1194,0.28485,0.14235,0.14645,0.1552,0.14395,0.1398,0.15185,0.1412,0.1588,0.1368,0.1361,0.154
1195,0.11205,0.13725,0.13515,0.1653,0.1295,0.1596,0.1531,0.14365,0.1474,0.15165,0.1493,0.1384
1196,0.09605,0.1553,0.1426,0.157,0.143,0.14655,0.14325,0.1519,0.13815,0.1398,0.1461,0.1507
1197,0.2005,0.13485,0.1362,0.1252,0.13435,0.1382,0.1269,0.13085,0.1503,0.1377,0.15765,0.13905
1198,0.14925,0.14115,0.16175,0.1495,0.1344,0.16645,0.1368,0.1407,0.15415,0.1552,0.15465,0.13815
1199,0.1163,0.15175,0.1819,0.13315,0.16375,0.1461,0.1265,0.13395,0.1501,0.1248,0.1302,0.14125000000000001
1200,0.4803,0.151,0.1387,0.16795,0.15845,0.1373,0.14115,0.1455,0.14315,0.1572,0.13955,0.15380000000000002
1201,0.11065,0.13635,0.14695,0.1708,0.13965,0.1504,0.15435,0.16175,0.1397,0.1877,0.15065,0.13975
1202,0.17905,0.13825,0.14915,0.1519,0.14025,0.1527,0.12125,0.15685,0.15135,0.14385,0.1566,0.13875
1203,0.07475,0.1413,0.14945,0.1775,0.1583,0.1373,0.1564,0.1505,0.15295,0.13905,0.1296,0.15595
1204,0.23745,0.1309,0.13575,0.14865,0.14075,0.14305,0.13475,0.1802,0.14385,0.11295,0.15155,0.1381
1205,0.38985,0.14955,0.1515,0.14345,0.14935,0.14305,0.1326,0.151,0.155,0.141,0.1517,0.14895
1206,0.1616,0.16455,0.16305,0.11855,0.1627,0.1541,0.14015,0.148,0.14925,0.1654,0.14075,0.1499
1207,0.12625,0.14895,0.1293,0.207,0.14135,0.14,0.1414,0.13945,0.151,0.15695,0.14805,0.14150000000000001
1208,0.17175,0.15015,0.15095,0.1144,0.13025,0.135,0.16805,0.1389,0.15155,0.15715,0.1606,0.15510000000000002
1209,0.0897,0.1507,0.1352,0.14045,0.2581,0.1515,0.11665,0.14445,0.15,0.1177,0.1327,0.14665
1210,0.10095,0.1469,0.1393,0.1378,0.163,0.14115,0.1269,0.1532,0.1402,0.12865,0.129,0.1477
1211,0.1192,0.1687,0.13865,0.1168,0.12845,0.1505,0.1603,0.13795,0.14445,0.1379,0.14135,0.14700000000000002
1212,0.21125,0.13695,0.15205,0.1377,0.13425,0.1565,0.1158,0.0778,0.14215,0.1427,0.1499,0.15380000000000002
1213,0.1266,0.1489,0.13525,0.13355,0.1314,0.14235,0.14565,0.1922,0.1486,0.14715,0.15185,0.15665
1214,0.1091,0.14605,0.1393,0.14145,0.13825,0.1566,0.1388,0.154,0.1617,0.12235,0.1364,0.14365
1215,0.17665,0.14075,0.13995,0.1237,0.1405,0.14655,0.1357,0.13305,0.14285,0.13535,0.13445,0.1444
1216,0.1613,0.13275,0.1527,0.18215,0.14475,0.14305,0.1435,0.1859,0.1431,0.14705,0.14575,0.1423
1217,0.1579,0.1347,0.15035,0.13015,0.1297,0.13695,0.13195,0.16145,0.14875,0.1532,0.13685,0.1497
1218,0.08535,0.1517,0.14265,0.15875,0.14605,0.12485,0.1563,0.1904,0.1432,0.14055,0.14495,0.1444
1219,0.1241,0.15005,0.14395,0.13625,0.12115,0.14915,0.13315,0.1504,0.1426,0.1372,0.1325,0.1474
1220,0.10435,0.13295,0.14725,0.11925,0.1483,0.1528,0.1392,0.14615,0.1438,0.2676,0.1379,0.1361
1221,0.0892,0.14375,0.13345,0.13515,0.14565,0.14665,0.14055,0.15325,0.1376,0.13645,0.1499,0.14775000000000002
1222,0.08505,0.1368,0.20445,0.1214,0.14125,0.15525,0.13645,0.135,0.1403,0.13135,0.13995,0.13925
1223,0.0799,0.1397,0.14435,0.0,0.1671,0.1525,0.16195,0.15095,0.1378,0.1586,0.14475,0.1464
1224,0.20475,0.14135,0.1396,0.1316,0.13385,0.13965,0.1389,0.15475,0.14355,0.15025,0.1449,0.15055000000000002
1225,0.14365,0.17055,0.17265,0.13255,0.13905,0.14405,0.17445,0.1516,0.14225,0.11645,0.1447,0.16105
1226,0.22465,0.14855,0.1368,0.11765,0.1448,0.1445,0.1135,0.14015,0.1458,0.1346,0.1552,0.15155000000000002
1227,0.1564,0.14785,0.1545,0.1389,0.1453,0.14545,0.16975,0.13905,0.13845,0.13475,0.16285,0.14995
1228,0.13295,0.1662,0.1537,0.13405,0.1465,0.14635,0.15195,0.15295,0.1346,0.13695,0.135,0.1406
1229,0.156,0.1516,0.1374,0.13,0.14145,0.1447,0.1438,0.13565,0.22055,0.1267,0.1414,0.153
1230,0.15075,0.15335,0.13505,0.1508,0.1528,0.14175,0.13705,0.14355,0.14215,0.14215,0.15795,0.14375000000000002
1231,0.10445,0.16085,0.14425,0.13545,0.137,0.14795,0.1441,0.16095,0.15085,0.14285,0.14005,0.14600000000000002
1232,0.1187,0.1457,0.1361,0.24095,0.13255,0.14155,0.13075,0.15915,0.1513,0.14635,0.12285,0.1411
1233,0.11385,0.1402,0.16095,0.1414,0.14595,0.1423,0.14485,0.1357,0.1449,0.16885,0.1511,0.1443
1234,0.13105,0.15305,0.1368,0.13075,0.1267,0.1479,0.1219,0.1261,0.13675,0.14255,0.1585,0.15015
1235,0.1707,0.1417,0.15085,0.14765,0.1428,0.14345,0.1764,0.1527,0.1388,0.17445,0.1366,0.14100000000000001
1236,0.1331,0.16025,0.1432,0.12265,0.1426,0.1453,0.15495,0.1421,0.13965,0.1451,0.199,0.1494
1237,0.1347,0.1557,0.1651,0.12375,0.1416,0.13845,0.1397,0.1554,0.1457,0.13115,0.1434,0.1446
1238,0.0868,0.15455,0.14405,0.1509,0.1282,0.1447,0.14735,0.1537,0.1459,0.1398,0.14235,0.13505
1239,0.1044,0.15045,0.1921,0.15465,0.14325,0.1427,0.148,0.1264,0.14075,0.12845,0.15175,0.14635
1240,0.1708,0.14135,0.14515,0.1155,0.15275,0.14665,0.1326,0.13975,0.14885,0.15315,0.1429,0.15315
1241,0.7974,0.16785,0.14125,0.16475,0.14365,0.13595,0.12375,0.14595,0.13225,0.1676,0.13675,0.14535
1242,0.14195,0.16265,0.13945,0.1572,0.15,0.1444,0.13415,0.1452,0.14935,0.13755,0.14285,0.15810000000000002
1243,0.1352,0.15115,0.1534,0.12525,0.1327,0.1569,0.1771,0.1409,0.13415,0.1332,0.1383,0.15205000000000002
1244,0.07295,0.1519,0.15005,0.1262,0.1426,0.1361,0.1486,0.1328,0.15655,0.13655,0.1381,0.1416
1245,0.16255,0.1506,0.16735,0.12815,0.13905,0.1403,0.1306,0.13505,0.1541,0.1149,0.1448,0.14985
1246,0.1554,0.14415,0.138,0.2166,0.14635,0.15255,0.13135,0.13815,0.14955,0.2125,0.1464,0.14175000000000001
1247,0.19155,0.13665,0.14955,0.12615,0.14155,0.1431,0.14785,0.13625,0.14185,0.12365,0.13925,0.151
1248,0.08775,0.68985,0.13745,0.1327,0.13655,0.13945,0.1249,0.1432,0.30295,0.14545,0.1434,0.1507
1249,0.14755,0.15615,0.136,0.12485,0.1425,0.1408,0.15,0.1317,0.1458,0.14825,0.15045,0.14755000000000001
1250,0.09265,0.15615,0.1461,0.1437,0.13335,0.14875,0.121,0.13925,0.15275,0.1379,0.14695,0.1385
1251,0.11335,0.1521,0.15255,0.12265,0.14595,0.1473,0.13975,0.14865,0.13565,0.12165,0.14775,0.1462
1252,0.1051,0.1586,0.1413,0.1262,0.1503,0.15715,0.12425,0.15095,0.1431,0.13165,0.16095,0.14385
1253,0.1194,0.15,0.1346,0.14005,0.1774,0.13965,0.1535,0.1504,0.13335,0.1426,0.13705,0.13955
1254,0.08435,0.14875,0.1352,0.13195,0.14725,0.1575,0.15095,0.15225,0.1403,0.1478,0.14145,0.15330000000000002
1255,0.18305,0.13615,0.1551,0.12885,0.17745,0.1502,0.1601,0.1336,0.1378,0.1413,0.1454,0.1451
1256,0.2111,0.1325,0.13855,0.13265,0.14485,0.14195,0.145,0.16695,0.1552,0.13765,0.1378,0.14750000000000002
1257,0.08745,0.13925,0.1396,0.14485,0.14665,0.14795,0.12825,0.14715,0.1414,0.14315,0.14365,0.15295
1258,0.10145,0.14125,0.1355,0.1288,0.1353,0.14705,0.16345,0.14435,0.1399,0.1479,0.19165,0.1466
1259,0.081,0.1613,0.15855,0.13285,0.15685,0.1384,0.12795,0.1357,0.14865,0.1612,0.14945,0.1459
1260,0.16295,0.15785,0.17155,0.13785,0.13175,0.14715,0.14625,0.13995,0.15345,0.1297,0.15235,0.1374
1261,0.18095,0.1397,0.1653,0.1259,0.14375,0.13765,0.13275,0.1472,0.15085,0.1417,0.1485,0.14800000000000002
1262,0.1095,0.1317,0.1426,0.1392,0.14445,0.14085,0.17115,0.15955,0.1475,0.1421,0.1617,0.14525000000000002
1263,0.09555,0.20435,0.1922,0.14725,0.1378,0.1329,0.1491,0.1515,0.09655,0.15895,0.14245,0.1427
1264,0.09345,0.14415,0.13005,0.13845,0.17805,0.12815,0.16345,0.14865,0.1676,0.1373,0.154,0.14875
1265,0.16835,0.1683,0.16055,0.16895,0.1673,0.1524,0.1508,0.1395,0.1547,0.1437,0.14535,0.14905000000000002
1266,0.18785,0.1362,0.13475,0.1335,0.14615,0.1605,0.1309,0.1449,0.14025,0.21125,0.156,0.1534
1267,0.1704,0.14225,0.1442,0.13585,0.143,0.14335,0.1609,0.13515,0.14365,0.13,0.13985,0.14555
1268,0.10105,0.1372,0.1507,0.2126,0.136,0.14275,0.1315,0.139,0.14945,0.15655,0.1452,0.15205000000000002
1269,0.33705,0.1394,0.1489,0.11985,0.1577,0.14785,0.13125,0.13705,0.1446,0.1278,0.1622,0.14515
1270,0.3227,0.1551,0.1561,0.1426,0.1222,0.14705,0.1409,0.16545,0.1563,0.1649,0.13695,0.15005000000000002
1271,0.1261,0.1681,0.18685,0.15135,0.1421,0.14575,0.19995,0.14855,0.161,0.14735,0.12935,0.14645
1272,0.2045,0.1481,0.13745,0.1055,0.1407,0.1332,0.13475,0.13555,0.15125,0.11945,0.12755,0.15385000000000001
1273,0.08105,0.1317,0.15335,0.12405,0.14175,0.1634,0.15205,0.1343,0.147,0.15925,0.14755,0.15235
1274,0.16715,0.1373,0.13785,0.1383,0.1561,0.1393,0.13785,0.1442,0.14755,0.13885,0.1571,0.14425000000000002
1275,0.1662,0.1404,0.1494,0.13635,0.1529,0.14065,0.1431,0.13345,0.15905,0.11655,0.1427,0.13870000000000002
1276,0.16015,0.13985,0.14895,0.13675,0.14355,0.14405,0.1473,0.13235,0.1304,0.14155,0.14735,0.15215
1277,0.07875,0.1468,0.15575,0.1915,0.1369,0.14565,0.1254,0.1738,0.14165,0.15885,0.1503,0.14575000000000002
1278,0.13085,0.1411,0.1368,0.1206,0.1301,0.14565,0.2228,0.16795,0.1491,0.15025,0.1375,0.16295
1279,0.14735,0.13305,0.13895,0.15645,0.1382,0.13615,0.1499,0.18625,0.1396,0.20665,0.1578,0.15075
1280,0.13045,0.1369,0.13965,0.11565,0.15225,0.1622,0.1438,0.15715,0.1503,0.143,0.14805,0.1558
1281,0.15205,0.1315,0.17735,0.167,0.1426,0.14325,0.135,0.14205,0.1431,0.1305,0.1131,0.14985
1282,0.14605,0.13595,0.14535,0.1411,0.2129,0.142,0.13505,0.15745,0.14725,0.13195,0.1388,0.14965
1283,0.21495,0.1581,0.15335,0.2232,0.13455,0.14915,0.139,0.1399,0.1676,0.143,0.14645,0.15585000000000002
1284,0.07585,0.14605,0.1484,0.1388,0.1309,0.1485,0.15345,0.13545,0.1401,0.13335,0.13555,0.1496
1285,0.11015,0.1645,0.14155,0.13755,0.1478,0.14805,0.136,0.1604,0.1544,0.14725,0.13905,0.14975
1286,0.26085,0.1877,0.1465,0.17265,0.135,0.14875,0.1629,0.1479,0.18035,0.132,0.14915,0.14225000000000002
1287,0.1515,0.13455,0.1528,0.127,0.1453,0.18225,0.15585,0.1431,0.1449,0.1409,0.1397,0.149
1288,0.1614,0.1539,0.1461,0.14585,0.1336,0.15445,0.1603,0.14415,0.13805,0.1317,0.15015,0.1501
1289,0.1447,0.1377,0.14555,0.13315,0.13395,0.14165,0.12705,0.13235,0.14005,0.13705,0.1383,0.1451
1290,0.1021,0.16135,0.14825,0.1855,0.14595,0.1447,0.16075,0.14875,0.1437,0.17795,0.1378,0.13515000000000002
1291,0.14745,0.141,0.17005,0.1217,0.13375,0.1474,0.1271,0.1503,0.14385,0.1438,0.1491,0.14685
1292,0.1578,0.1504,0.14305,0.11995,0.15185,0.14345,0.2362,0.1677,0.1432,0.1331,0.14785,0.14665
1293,0.15665,0.13415,0.1465,0.1381,0.13895,0.1434,0.13235,0.12125,0.14335,0.12675,0.1418,0.14605
1294,0.12975,0.15135,0.14535,0.11965,0.1512,0.14845,0.1557,0.13655,0.16465,0.1446,0.1343,0.14415
1295,0.11095,0.15575,0.14025,0.2278,0.1361,0.1459,0.14865,0.13595,0.13985,0.1345,0.14405,0.14650000000000002
1296,0.10185,0.14485,0.1457,0.1461,0.15075,0.14255,0.13965,0.14555,0.1434,0.14625,0.1289,0.13970000000000002
1297,0.17795,0.1951,0.1503,0.13165,0.13605,0.1417,0.1477,0.1332,0.14,0.1412,0.1496,0.15485000000000002
1298,0.13365,0.1508,0.1421,0.1232,0.15325,0.1377,0.16295,0.15435,0.13935,0.12615,0.14485,0.15165
1299,0.1151,0.13145,0.1901,0.1577,0.1349,0.13615,0.1556,0.12665,0.1631,0.17545,0.1375,0.14965
1300,0.4486,0.26675,0.13835,0.13975,0.14355,0.15145,0.1599,0.1416,0.1435,0.13795,0.13395,0.13685
1301,0.1549,0.14605,0.1646,0.1905,0.167,0.13835,0.14225,0.13565,0.1546,0.1303,0.14075,0.14785
1302,0.14605,0.14995,0.13915,0.1176,0.12655,0.14255,0.13355,0.1522,0.1501,0.13835,0.14175,0.1327
1303,0.39425,0.13975,0.1421,0.1383,0.1479,0.13855,0.24415,0.14775,0.15675,0.13015,0.13425,0.14145000000000002
1304,0.1017,0.13925,0.1474,0.1372,0.1843,0.13615,0.1738,0.1344,0.14915,0.17545,0.1512,0.15385000000000001
1305,0.07895,0.1428,0.1556,0.12695,0.151,0.15005,0.12705,0.1426,0.14305,0.1381,0.15365,0.15385000000000001
1306,0.1684,0.1349,0.1444,0.1224,0.14485,0.16185,0.1414,0.14165,0.1684,0.14625,0.15365,0.149
1307,0.12395,0.1647,0.15865,0.1248,0.1392,0.14405,0.129,0.14645,0.14535,0.13805,0.144,0.14675000000000002
1308,0.1542,0.15995,0.1385,0.1364,0.1395,0.15805,0.14785,0.15115,0.1478,0.12805,0.165,0.14615
1309,0.1122,0.156,0.15665,0.128,0.1291,0.1484,0.1299,0.1426,0.14985,0.1428,0.2662,0.1436
1310,0.1305,0.13215,0.1525,0.1462,0.1445,0.14645,0.1705,0.143,0.15385,0.14175,0.1258,0.15795
1311,0.26165,0.14565,0.14705,0.15885,0.16495,0.1389,0.1401,0.1587,0.14315,0.1436,0.1424,0.1424
1312,0.0902,0.1493,0.1441,0.19815,0.1466,0.13505,0.132,0.129,0.14415,0.1494,0.13195,0.1447
1313,0.1383,0.1407,0.13955,0.1239,0.14785,0.1431,0.14305,0.13325,0.1475,0.12555,0.13955,0.1495
1314,0.0926,0.1613,0.17325,0.12865,0.1373,0.15365,0.1373,0.16055,0.13745,0.15585,0.14515,0.14375000000000002
1315,0.1564,0.14735,0.15615,0.12335,0.1576,0.15905,0.1417,0.14795,0.14095,0.1962,0.1451,0.15610000000000002
1316,0.1298,0.13415,0.1492,0.1329,0.1259,0.13805,0.13375,0.13575,0.14945,0.10915,0.1594,0.1529
1317,0.0901,0.1402,0.1399,0.12245,0.14295,0.15315,0.12755,0.139,0.14325,0.1484,0.1523,0.13805
1318,0.1646,0.14035,0.1519,0.1315,0.25565,0.1564,0.14,0.13205,0.1391,0.1471,0.1266,0.14685
1319,0.09005,0.13065,0.15745,0.13325,0.14675,0.1544,0.14425,0.14645,0.1884,0.14,0.15445,0.1406
1320,0.17395,0.12595,0.1988,0.1423,0.14155,0.14935,0.14475,0.1435,0.1384,0.1478,0.13895,0.14925
1321,0.0899,0.14205,0.14625,0.1815,0.13955,0.136,0.1392,0.1702,0.1519,0.13425,0.1545,0.1545
1322,0.1172,0.14125,0.1404,0.1443,0.1374,0.14575,0.1564,0.1367,0.1338,0.1267,0.15935,0.15080000000000002
1323,0.1325,0.1447,0.14985,0.1458,0.14475,0.13245,0.1466,0.1356,0.1348,0.1321,0.15315,0.15595
1324,0.15125,0.16605,0.14485,0.1383,0.1283,0.14635,0.14985,0.1341,0.1693,0.13695,0.14565,0.1476
1325,0.15845,0.16605,0.1428,0.1552,0.15195,0.1768,0.13505,0.1425,0.1436,0.1461,0.1396,0.14005
1326,0.1606,0.16045,0.1423,0.12745,0.13655,0.14495,0.1435,0.1471,0.1434,0.15285,0.16145,0.14525000000000002
1327,0.19795,0.1519,0.1567,0.13695,0.1358,0.14775,0.1607,0.1605,0.1419,0.1288,0.1487,0.14800000000000002
1328,0.0897,0.1425,0.16365,0.15085,0.15625,0.1446,0.1427,0.12875,0.14425,0.1596,0.1543,0.14095000000000002
1329,0.17255,0.14375,0.1665,0.1515,0.14785,0.14445,0.1318,0.1347,0.1407,0.119,0.15605,0.14575000000000002
1330,0.0725,0.1381,0.1628,0.1337,0.14605,0.15285,0.14555,0.13075,0.1366,0.15485,0.1492,0.1424
1331,0.121,0.145,0.13865,0.13735,0.14155,0.14565,0.1508,0.13955,0.1357,0.15955,0.135,0.1499
1332,0.10575,0.18075,0.15185,0.1542,0.1547,0.16455,0.1411,0.1414,0.156,0.1265,0.1341,0.13885
1333,0.24025,0.1332,0.15795,0.1391,0.1594,0.14095,0.1666,0.12785,0.14205,0.1585,0.14055,0.1438
1334,0.12375,0.16355,0.1503,0.1386,0.14385,0.155,0.13445,0.13835,0.13715,0.1423,0.1366,0.1403
1335,0.15295,0.1496,0.17125,0.1405,0.13915,0.142,0.1583,0.1404,0.1506,0.1748,0.1461,0.15025
1336,0.26175,0.1481,0.1378,0.15115,0.13205,0.13835,0.13485,0.1377,0.1554,0.17455,0.1433,0.1376
1337,0.1182,0.146,0.16525,0.13245,0.14775,0.1299,0.1251,0.17625,0.1554,0.13665,0.14695,0.14725000000000002
1338,0.1192,0.1486,0.1507,0.18085,0.1333,0.14715,0.14355,0.1309,0.1326,0.14305,0.13825,0.15460000000000002
1339,0.0786,0.1573,0.13715,0.13035,0.15205,0.1522,0.1557,0.17235,0.14075,0.1417,0.15325,0.14435
1340,0.1198,0.16155,0.13475,0.13735,0.1309,0.15095,0.16505,0.1379,0.1311,0.1362,0.136,0.1535
1341,0.19925,0.1449,0.17045,0.13745,0.1437,0.1423,0.14185,0.1539,0.14665,0.1532,0.1492,0.15345
1342,0.16405,0.14725,0.1736,0.1591,0.1385,0.1546,0.176,0.14225,0.151,0.17845,0.13695,0.15430000000000002
1343,0.15705,0.1354,0.17815,0.1871,0.1469,0.1502,0.1532,0.13755,0.13725,0.13235,0.1339,0.14725000000000002
1344,0.10345,0.13155,0.1497,0.1277,0.1373,0.15815,0.21975,0.1297,0.1743,0.15175,0.1424,0.14730000000000001
1345,0.11445,0.13565,0.1283,0.1548,0.1368,0.14225,0.16285,0.14095,0.14565,0.1313,0.1401,0.1497
1346,0.0977,0.1365,0.15015,0.138,0.2336,0.13595,0.1004,0.15415,0.13815,0.12705,0.15805,0.14815
1347,0.13885,0.14445,0.15345,0.1316,0.14375,0.1544,0.15655,0.15705,0.13965,0.14965,0.13985,0.153
1348,0.141,0.1412,0.13935,0.1316,0.16635,0.14865,0.1427,0.1432,0.1391,0.13035,0.14815,0.1527
1349,0.11695,0.1388,0.1598,0.14695,0.1576,0.1449,0.14275,0.1451,0.1458,0.14855,0.14055,0.1529
1350,0.1354,0.14025,0.1474,0.18855,0.172,0.1438,0.14005,0.1517,0.1418,0.1223,0.14685,0.1454
1351,0.1411,0.1474,0.15605,0.1528,0.1493,0.16665,0.13315,0.198,0.15205,0.1471,0.1292,0.14650000000000002
1352,0.19345,0.1422,0.1548,0.1236,0.205,0.1441,0.1351,0.13505,0.14765,0.13995,0.1409,0.1486
1353,0.13555,0.1606,0.1387,0.1533,0.1744,0.15015,0.1607,0.144,0.1464,0.09835,0.1445,0.1521
1354,0.0873,0.14025,0.14075,0.14485,0.1548,0.15175,0.13775,0.13735,0.1441,0.1489,0.153,0.15335000000000001
1355,0.12845,0.14435,0.16265,0.1472,0.13755,0.13725,0.2712,0.14115,0.1438,0.14175,0.1428,0.1589
1356,0.087,0.1422,0.143,0.12825,0.13445,0.1584,0.14015,0.1278,0.1508,0.13535,0.1534,0.1489
1357,0.06555,0.14385,0.13275,0.1391,0.13185,0.1457,0.1453,0.1244,0.145,0.13285,0.15815,0.17830000000000001
1358,0.10895,0.14185,0.1562,0.1375,0.12705,0.1507,0.12295,0.2348,0.14615,0.1441,0.1441,0.1575
1359,0.1355,0.14035,0.15615,0.1433,0.15275,0.1502,0.14985,0.1307,0.14545,0.16025,0.16915,0.14675000000000002
1360,0.1094,0.13895,0.1505,0.1348,0.1415,0.14045,0.11875,0.1345,0.13395,0.16055,0.1338,0.1443
1361,0.10405,0.13705,0.14905,0.15155,0.16315,0.1481,0.16825,0.1544,0.1377,0.30175,0.14845,0.14825000000000002
1362,0.1259,0.09145,0.15215,0.10455,0.19665,0.15015,0.1613,0.13935,0.14775,0.1479,0.16615,0.13725
1363,0.2543,0.136,0.14745,0.15075,0.16665,0.14175,0.12955,0.1603,0.15725,0.1259,0.1452,0.14435
1364,0.2024,0.127,0.14565,0.13895,0.1659,0.1366,0.12095,0.1416,0.14525,0.15825,0.14305,0.15030000000000002
1365,0.1375,0.13485,0.14135,0.1325,0.1491,0.14025,0.14355,0.152,0.14975,0.1283,0.16375,0.15445
1366,0.15895,0.1437,0.1555,0.14515,0.1438,0.14805,0.14705,0.1439,0.1762,0.1601,0.1472,0.14930000000000002
1367,0.13735,0.13375,0.1696,0.1512,0.1297,0.12635,0.1592,0.1254,0.15525,0.2436,0.13945,0.14665
1368,0.2053,0.14445,0.1399,0.1985,0.1672,0.14115,0.1463,0.1464,0.148,0.13635,0.15425,0.14995
1369,0.0935,0.14965,0.12875,0.178,0.1367,0.159,0.16485,0.15415,0.15375,0.161,0.1442,0.1531
1370,0.1381,0.13265,0.1334,0.14145,0.12805,0.1367,0.11745,0.1347,0.1696,0.1365,0.14975,0.14605
1371,0.09915,0.14435,0.14215,0.1209,0.13505,0.1407,0.1158,0.15605,0.14165,0.15935,0.1521,0.1554
1372,0.1453,0.1676,0.13805,0.18295,0.13035,0.1425,0.16345,0.159,0.14735,0.11795,0.12865,0.1491
1373,0.0815,0.13435,0.1326,0.1523,0.14285,0.1405,0.1293,0.1324,0.14905,0.1429,0.1435,0.13975
1374,0.08665,0.1613,0.152,0.129,0.1333,0.1377,0.16445,0.1333,0.14385,0.13785,0.1339,0.14895
1375,0.40845,0.14865,0.138,0.12625,0.1315,0.1497,0.15845,0.1416,0.1727,0.73365,0.13425,0.14375000000000002
1376,0.0964,0.1403,0.1569,0.14745,0.128,0.14495,0.1256,0.1389,0.1378,0.1567,0.15,0.1461
1377,0.15245,0.13305,0.1591,0.1209,0.1474,0.1448,0.20655,0.13165,0.16865,0.1378,0.1299,0.14865
1378,0.07655,0.14615,0.13075,0.12885,0.14245,0.1462,0.12895,0.13845,0.17085,0.16355,0.1528,0.14450000000000002
1379,0.1699,0.1494,0.14825,0.14565,0.13535,0.1422,0.1243,0.1414,0.15805,0.1741,0.13235,0.1472
1380,0.14655,0.134,0.15135,0.14345,0.13375,0.15055,0.13975,0.1277,0.1447,0.1177,0.13315,0.14475000000000002
1381,0.10415,0.14775,0.13665,0.15205,0.15845,0.1519,0.14045,0.13965,0.15745,0.14065,0.14955,0.14500000000000002
1382,0.1221,0.14365,0.14445,0.14785,0.1868,0.1348,0.13405,0.1408,0.12935,0.1406,0.14885,0.1439
1383,0.11445,0.14375,0.14985,0.1541,0.1506,0.13625,0.14065,0.16805,0.1448,0.14555,0.155,0.1509
1384,0.319,0.1504,0.1515,0.15135,0.14915,0.14345,0.1657,0.1433,0.1578,0.13,0.13665,0.1427
1385,0.09485,0.1389,0.1516,0.1423,0.13515,0.14495,0.1585,0.15345,0.15195,0.1363,0.1575,0.13865
1386,0.15855,0.14405,0.1673,0.1446,0.11855,0.1351,0.1504,0.18815,0.145,0.1504,0.16055,0.14035
1387,0.08345,0.1586,0.16295,0.12895,0.1796,0.14565,0.13685,0.15375,0.1448,0.13525,0.1382,0.14695
1388,0.154,0.12495,0.1415,0.12885,0.136,0.14275,0.1257,0.14835,0.13615,0.1288,0.13855,0.1532
1389,0.1555,0.15725,0.1483,0.12885,0.1262,0.1418,0.1243,0.13525,0.13765,0.1408,0.1374,0.15335000000000001
1390,0.198,0.13805,0.15245,0.1266,0.1498,0.13015,0.1495,0.1618,0.13515,0.1681,0.13945,0.14880000000000002
1391,0.1258,0.15005,0.1559,0.14515,0.14885,0.1527,0.1511,0.1452,0.15065,0.1636,0.14035,0.16875
1392,0.16025,0.3631,0.15925,0.16875,0.14225,0.14455,0.13355,0.14545,0.1504,0.1405,0.1476,0.1474
1393,0.1096,0.154,0.1522,0.1205,0.21855,0.143,0.17735,0.14325,0.1582,0.1339,0.1525,0.1434
1394,0.13855,0.1811,0.1575,0.1411,0.14505,0.15025,0.12605,0.1465,0.16575,0.15745,0.14415,0.14635
1395,0.0897,0.1408,0.14745,0.15945,0.16095,0.1625,0.142,0.1434,0.1408,0.1563,0.14835,0.1584
1396,0.1512,0.13225,0.15525,0.211,0.1553,0.15295,0.14,0.14385,0.14115,0.1358,0.1373,0.1442
1397,0.14895,0.1541,0.1386,0.1637,0.1441,0.15725,0.1391,0.16295,0.13545,0.1481,0.1456,0.14895
1398,0.09895,0.14055,0.1478,0.1272,0.14615,0.1378,0.1369,0.15745,0.14525,0.13315,0.1406,0.15480000000000002
1399,0.12805,0.15175,0.1419,0.1501,0.1482,0.1403,0.1497,0.13745,0.14645,0.12715,0.144,0.1557
1400,0.0958,0.13845,0.1366,0.1452,0.1521,0.13955,0.15035,0.13435,0.1405,0.1409,0.1465,0.14035
1401,0.1395,0.14625,0.1358,0.13305,0.16055,0.14395,0.1245,0.1583,0.14085,0.16725,0.14545,0.14245
1402,0.08275,0.1598,0.15365,0.14255,0.14475,0.1413,0.1513,0.1374,0.14455,0.1531,0.1542,0.14755000000000001
1403,0.2375,0.1443,0.143,0.14095,0.13655,0.14335,0.12745,0.13155,0.141,0.14465,0.1461,0.15055000000000002
1404,0.15235,0.1537,0.13535,0.12825,0.1324,0.14645,0.1398,0.1366,0.1425,0.152,0.1287,0.15235
1405,0.10585,0.14255,0.1343,0.1464,0.17405,0.16075,0.187,0.1494,0.14515,0.1203,0.15165,0.1491
1406,0.1055,0.13255,0.15,0.1698,0.1476,0.14205,0.15975,0.1419,0.1385,0.18685,0.13845,0.15360000000000001
1407,0.18585,0.11765,0.00855,0.1377,0.1471,0.1473,0.1378,0.13485,0.1448,0.1413,0.1474,0.14705000000000001
1408,0.11285,0.17985,0.1393,0.1405,0.13925,0.14475,0.14395,0.13905,0.15605,0.1537,0.13885,0.137
1409,0.10455,0.14115,0.14925,0.17055,0.1531,0.14215,0.14535,0.153,0.14735,0.18285,0.148,0.15135
1410,0.23105,0.1429,0.1438,0.14615,0.1373,0.14025,0.237,0.1427,0.157,0.1413,0.1484,0.14200000000000002
1411,0.18015,0.1552,0.14855,0.1399,0.14265,0.1495,0.1521,0.1452,0.14845,0.13435,0.13885,0.15205000000000002
1412,0.23805,0.14195,0.1609,0.12025,0.13325,0.14215,0.14695,0.1477,0.15825,0.14795,0.15225,0.1446
1413,0.1776,0.1463,0.13945,0.13595,0.13585,0.14285,0.13195,0.1549,0.167,0.23085,0.16225,0.1443
1414,0.173,0.14765,0.1319,0.2123,0.1297,0.14495,0.1645,0.1361,0.15325,0.16445,0.13805,0.13385
1415,0.09625,0.14055,0.13305,0.13325,0.14625,0.13635,0.12935,0.1411,0.13935,0.15575,0.145,0.14200000000000002
1416,0.22505,0.1271,0.15695,0.1396,0.16665,0.14015,0.13215,0.14565,0.1417,0.1528,0.14615,0.1562
1417,0.15455,0.165,0.14105,0.15685,0.1771,0.13425,0.1294,0.1483,0.15205,0.3618,0.1386,0.1442
1418,0.11315,0.0888,0.15025,0.12355,0.1521,0.1673,0.12415,0.1417,0.14395,0.1257,0.1354,0.15330000000000002
1419,0.11195,0.145,0.131,0.14545,0.14865,0.15425,0.14355,0.13405,0.15035,0.14145,0.14705,0.1396
1420,0.06775,0.14565,0.1506,0.1257,0.14435,0.14385,0.11785,0.154,0.1605,0.14875,0.14785,0.138
1421,0.1376,0.15195,0.1509,0.12775,0.1405,0.1605,0.14215,0.14045,0.13915,0.11415,0.14895,0.14445
1422,0.15755,0.14525,0.1209,0.16985,0.1308,0.1465,0.15825,0.1326,0.1518,0.16055,0.1518,0.15095
1423,0.06845,0.1412,0.14595,0.15945,0.14105,0.1681,0.13875,0.16325,0.15195,0.13665,0.1722,0.1477
1424,0.09215,0.16625,0.13835,0.12355,0.1487,0.1553,0.136,0.15075,0.1453,0.12495,0.1331,0.1516
1425,0.08385,0.1558,0.17745,0.14015,0.13015,0.13425,0.1435,0.1268,0.13715,0.1345,0.14805,0.1549
1426,0.1326,0.1477,0.147,0.24975,0.14585,0.14555,0.15995,0.14605,0.1387,0.15385,0.1481,0.15180000000000002
1427,0.15325,0.1459,0.1416,0.36395,0.14995,0.15505,0.12745,0.1558,0.14605,0.1319,0.1332,0.15885000000000002
1428,0.1514,0.1474,0.14635,0.1367,0.13245,0.1463,0.13345,0.14375,0.14915,0.12775,0.14715,0.15125
1429,0.06975,0.14175,0.13745,0.13935,0.14845,0.14315,0.11645,0.1471,0.14335,0.145,0.1452,0.1411
1430,0.19815,0.1529,0.12875,0.133,0.1421,0.1537,0.1586,0.16285,0.1423,0.12965,0.13855,0.14715
1431,0.09495,0.1343,0.1866,0.14865,0.1285,0.15255,0.1259,0.1379,0.1464,0.16055,0.1369,0.15080000000000002
1432,0.06295,0.1643,0.1431,0.11815,0.16235,0.1445,0.15785,0.1497,0.1407,0.1368,0.14635,0.13645000000000002
1433,0.09515,0.1475,0.13365,0.13365,0.14635,0.15285,0.1543,0.1429,0.14775,0.16065,0.1352,0.15380000000000002
1434,0.09715,0.16015,0.15255,0.14265,0.13265,0.1465,0.15355,0.16665,0.13925,0.13175,0.14595,0.15015
1435,0.08845,0.13605,0.15135,0.14885,0.1403,0.14925,0.1295,0.15455,0.1417,0.1534,0.14575,0.14985
1436,0.1764,0.1381,0.1493,0.1303,0.1545,0.1455,0.13795,0.13375,0.13625,0.14875,0.1318,0.14455
1437,0.13015,0.1549,0.1567,0.14555,0.1438,0.13805,0.1372,0.1308,0.1428,0.13925,0.1441,0.1396
1438,0.11335,0.1428,0.1311,0.1445,0.141,0.1531,0.11605,0.1503,0.13575,0.13565,0.15395,0.15135
1439,0.1638,0.1634,0.1391,0.11965,0.14965,0.16745,0.16965,0.1466,0.15045,0.15055,0.1288,0.13795000000000002
1440,0.14785,0.142,0.164,0.15475,0.1792,0.14265,0.1417,0.1309,0.1401,0.132,0.1433,0.13935
1441,0.46825,0.14,0.13915,0.12255,0.13275,0.14955,0.1532,0.1397,0.13795,0.1285,0.1456,0.14905000000000002
1442,0.1913,0.143,0.15145,0.13445,0.13865,0.1556,0.12475,0.1508,0.1527,0.1342,0.1339,0.14765
1443,0.1624,0.1391,0.1308,0.14725,0.1349,0.1464,0.13645,0.36875,0.1397,0.13525,0.14765,0.155
1444,0.111,0.1301,0.17445,0.1639,0.1405,0.14295,0.1447,0.1529,0.13985,0.18005,0.13855,0.14730000000000001
1445,0.1868,0.15885,0.14485,0.12745,0.13865,0.17835,0.14845,0.136,0.15465,0.1515,0.1294,0.1418
1446,0.17945,0.15035,0.2068,0.13475,0.15335,0.13115,0.13665,0.1395,0.1382,0.13585,0.1406,0.15315
1447,0.13055,0.1467,0.1459,0.14165,0.14055,0.143,0.13425,0.14875,0.1429,0.1585,0.14655,0.1448
1448,0.10615,0.1791,0.1763,0.15785,0.15255,0.134,0.13085,0.1552,0.2449,0.15505,0.1354,0.1419
1449,0.12065,0.15575,0.1571,0.1516,0.18345,0.16505,0.1364,0.15065,0.14265,0.16895,0.1547,0.1395
1450,0.18875,0.13285,0.1504,0.14435,0.13875,0.14765,0.1455,0.1373,0.13795,0.14415,0.14625,0.1393
1451,0.0981,0.1478,0.09705,0.162,0.14945,0.1412,0.1139,0.14525,0.14875,0.13935,0.15675,0.13965
1452,0.06605,0.1381,0.13745,0.1574,0.1556,0.1391,0.13515,0.1531,0.1528,0.1551,0.1354,0.1504
1453,0.1866,0.1609,0.1413,0.14655,0.14755,0.13785,0.1313,0.13,0.1525,0.13345,0.1551,0.15625
1454,0.1109,0.1535,0.14835,0.13705,0.158,0.138,0.1498,0.1564,0.14505,0.17995,0.15635,0.16095
1455,0.11455,0.15975,0.1415,0.17235,0.1457,0.14065,0.14645,0.16715,0.14215,0.1447,0.1317,0.14835
1456,0.0854,0.18885,0.14035,0.13135,0.1524,0.1345,0.1543,0.14905,0.15155,0.12525,0.1512,0.14805000000000001
1457,0.1022,0.18655,0.14285,0.14455,0.1308,0.1461,0.13265,0.1352,0.14055,0.14085,0.15905,0.13815
1458,0.23875,0.1569,0.14555,0.1702,0.178,0.13995,0.1653,0.16605,0.32275,0.13125,0.15805,0.13865
1459,0.08745,0.14375,0.142,0.13895,0.10005,0.13495,0.13565,0.14495,0.1494,0.1655,0.1474,0.14195000000000002
1460,0.1498,0.14705,0.1536,0.12305,0.1363,0.1527,0.1989,0.1584,0.15135,0.13705,0.1644,0.1443
1461,0.23355,0.1427,0.1499,0.1332,0.1389,0.14845,0.15295,0.1318,0.1349,0.1262,0.15385,0.13915
1462,0.22885,0.1569,0.14905,0.11415,0.13585,0.14815,0.13325,0.18405,0.13125,0.13845,0.14595,0.13870000000000002
1463,0.08325,0.1337,0.1373,0.13735,0.18265,0.1499,0.1457,0.15635,0.1489,0.1482,0.1487,0.1492
1464,0.0973,0.1431,0.13745,0.11505,0.2359,0.1406,0.2864,0.2319,0.14625,0.1384,0.1613,0.14595
1465,0.11205,0.14435,0.14365,0.19945,0.1438,0.14775,0.1166,0.12755,0.1521,0.1546,0.13745,0.14525000000000002
1466,0.16825,0.14825,0.1518,0.135,0.13795,0.1463,0.1226,0.15075,0.1436,0.13495,0.1652,0.14905000000000002
1467,0.0886,0.1594,0.1355,0.139,0.14755,0.14315,0.10895,0.1382,0.1525,0.1214,0.1487,0.14435
1468,0.1063,0.1458,0.15175,0.1366,0.14615,0.14645,0.14815,0.1399,0.14685,0.14015,0.1519,0.14350000000000002
1469,0.0578,0.14195,0.14125,0.1494,0.1347,0.212,0.16235,0.13815,0.14765,0.12585,0.1388,0.1492
1470,0.17645,0.13615,0.1471,0.1331,0.1384,0.15115,0.19745,0.14525,0.14955,0.14185,0.16225,0.14625000000000002
1471,0.12725,0.12245,0.14695,0.13695,0.1499,0.15645,0.146,0.1411,0.13185,0.1512,0.1409,0.14550000000000002
1472,0.10025,0.14755,0.1402,0.15925,0.146,0.1407,0.13205,0.1498,0.14505,0.144,0.1491,0.1492
1473,0.12485,0.13875,0.15545,0.13755,0.1401,0.13555,0.17615,0.1404,0.14645,0.12505,0.15165,0.1409
1474,0.16985,0.1429,0.1711,0.13735,0.1444,0.14125,0.14775,0.17125,0.1432,0.14915,0.1481,0.1558
1475,0.15645,0.1594,0.1444,0.12495,0.12875,0.1414,0.1384,0.1365,0.15725,0.1462,0.14585,0.1489
1476,0.19275,0.1418,0.16575,0.1809,0.1251,0.16355,0.1347,0.1379,0.1382,0.1437,0.1576,0.1393
1477,0.17895,0.14345,0.14275,0.15545,0.13455,0.1556,0.1552,0.1293,0.1356,0.15335,0.1479,0.1557
1478,0.1681,0.1403,0.14695,0.13615,0.178,0.1452,0.1448,0.14005,0.14225,0.15395,0.1529,0.13805
1479,0.1223,0.14345,0.1344,0.1734,0.1318,0.13415,0.14035,0.1418,0.1477,0.12745,0.1441,0.1444
1480,0.146,0.14585,0.1397,0.1325,0.1286,0.136,0.12775,0.12965,0.1723,0.12255,0.1455,0.1399
1481,0.0921,0.1246,0.14485,0.1533,0.14715,0.14865,0.14065,0.1464,0.1441,0.142,0.1759,0.15425
1482,0.15365,0.1474,0.30615,0.15075,0.14015,0.1407,0.1256,0.1358,0.1347,0.1401,0.1495,0.16010000000000002
1483,0.20155,0.1524,0.14575,0.1531,0.1651,0.1489,0.13635,0.13085,0.151,0.1402,0.1535,0.15030000000000002
1484,0.18885,0.1518,0.14525,0.245,0.13,0.151,0.16245,0.1463,0.153,0.15025,0.14195,0.13955
1485,0.1139,0.139,0.1477,0.13975,0.1355,0.13655,0.12615,0.14575,0.1652,0.1379,0.1495,0.1646
1486,0.1056,0.154,0.14075,0.16545,0.12695,0.1524,0.1349,0.15845,0.1497,0.1293,0.1282,0.1447
1487,0.1889,0.1396,0.14315,0.1779,0.139,0.1418,0.1314,0.1545,0.13985,0.14265,0.16095,0.15410000000000001
1488,0.1365,0.16715,0.14025,0.15485,0.15265,0.14755,0.1434,0.15,0.1369,0.15795,0.15635,0.1433
1489,0.1185,0.15785,0.1365,0.22325,0.15585,0.14555,0.151,0.13405,0.1488,0.14395,0.15715,0.15135
1490,0.2007,0.13805,0.1425,0.15005,0.12955,0.1588,0.1446,0.14485,0.14365,0.15585,0.1477,0.1436
1491,0.16105,0.15495,0.144,0.12515,0.14965,0.1531,0.1617,0.1398,0.14015,0.1159,0.162,0.13975
1492,0.57415,0.15055,0.1456,0.13755,0.13975,0.1576,0.1443,0.1347,0.1392,0.13725,0.14465,0.16215000000000002
1493,0.1027,0.14395,0.1691,0.1493,0.1385,0.1607,0.1689,0.14675,0.16675,0.1764,0.14345,0.1458
1494,0.1081,0.1379,0.15605,0.14945,0.1451,0.16005,0.13085,0.15575,0.14315,0.17835,0.1477,0.13470000000000001
1495,0.0769,0.11775,0.14145,0.15305,0.15915,0.1554,0.12885,0.1334,0.1567,0.14215,0.1632,0.16765000000000002
1496,0.16965,0.14895,0.14335,0.1807,0.13675,0.1388,0.1741,0.1587,0.15105,0.15515,0.14135,0.14020000000000002
1497,0.1448,0.1393,0.17795,0.12255,0.1389,0.14545,0.1767,0.14775,0.15165,0.1423,0.39365,0.16125
1498,0.1531,0.13805,0.1549,0.13575,0.13815,0.15025,0.13925,0.1652,0.14735,0.1788,0.142,0.1423
1499,0.0763,0.1499,0.18165,0.1394,0.1448,0.1461,0.13265,0.1408,0.1429,0.15435,0.14105,0.14935
1500,0.1051,0.14575,0.15765,0.15815,0.13255,0.1736,0.15295,0.1284,0.14695,0.163,0.149,0.1502
1501,0.1015,0.1819,0.14285,0.14415,0.1513,0.1568,0.13805,0.1562,0.1438,0.12695,0.13795,0.15535000000000002
1502,0.13565,0.1468,0.1529,0.13175,0.13425,0.15335,0.15215,0.13635,0.1434,0.15085,0.1311,0.1517
1503,0.2346,0.13905,0.14805,0.1159,0.1341,0.1499,0.17095,0.1578,0.1387,0.14265,0.1288,0.15280000000000002
1504,0.1299,0.14565,0.1401,0.12365,0.1374,0.13995,0.13915,0.13745,0.15095,0.14585,0.1501,0.15575
1505,0.1075,0.1584,0.1386,0.18225,0.13345,0.1461,0.14025,0.1449,0.14385,0.14045,0.15095,0.1509
1506,0.08865,0.15665,0.1424,0.14515,0.136,0.14125,0.14645,0.1522,0.13355,0.12915,0.14185,0.14915
1507,0.1063,0.14555,0.13915,0.14885,0.1404,0.1537,0.13325,0.15435,0.1533,0.1332,0.1555,0.14435
1508,0.12325,0.15095,0.1399,0.1509,0.1466,0.1448,0.12365,0.1876,0.14375,0.15,0.1422,0.1516
1509,0.1291,0.1535,0.1902,0.1269,0.14075,0.13955,0.136,0.13715,0.14405,0.14485,0.1508,0.1522
1510,0.16185,0.1446,0.1508,0.17725,0.15635,0.1432,0.13885,0.14035,0.1509,0.13885,0.15195,0.15510000000000002
1511,0.21495,0.136,0.1388,0.1381,0.1419,0.1525,0.1353,0.14175,0.139,0.1941,0.13635,0.14450000000000002
1512,0.0909,0.14495,0.14445,0.16125,0.15905,0.1591,0.14005,0.13745,0.13335,0.132,0.1644,0.15145
1513,0.07425,0.14715,0.16885,0.1218,0.15065,0.13495,0.14325,0.14105,0.18875,0.1666,0.1783,0.1438
1514,0.12285,0.16365,0.13955,0.14055,0.1451,0.1479,0.1754,0.1432,0.1442,0.14465,0.133,0.1446
1515,0.15725,0.1723,0.1515,0.19755,0.2695,0.148,0.14445,0.15345,0.1601,0.12735,0.14255,0.1332
1516,0.13515,0.14045,0.1451,0.1763,0.146,0.14025,0.1355,0.14115,0.15985,0.12335,0.14685,0.15735000000000002
1517,0.12325,0.14475,0.12835,0.1533,0.1509,0.14085,0.2646,0.151,0.1384,0.1505,0.1507,0.15655
1518,0.2845,0.13665,0.15445,0.1318,0.14065,0.1468,0.16365,0.16885,0.1364,0.1257,0.14,0.16
1519,0.10825,0.13385,0.14415,0.1389,0.14155,0.1416,0.1366,0.1572,0.1513,0.13455,0.14055,0.1532
1520,0.1296,0.1494,0.14045,0.165,0.14625,0.1436,0.1686,0.13965,0.1507,0.1581,0.14475,0.1423
1521,0.2172,0.1487,0.14075,0.17315,0.1389,0.14555,0.18705,0.13675,0.1577,0.13395,0.1492,0.13375
1522,0.10485,0.1326,0.14735,0.13875,0.1309,0.1513,0.21885,0.17615,0.143,0.1448,0.155,0.14465
1523,0.1417,0.14345,0.13055,0.19375,0.13285,0.15215,0.18265,0.1503,0.14435,0.13745,0.1434,0.14615
1524,0.1172,0.14345,0.1376,0.1447,0.15895,0.1438,0.1318,0.14245,0.1495,0.1549,0.13275,0.14525000000000002
1525,0.111,0.28035,0.1676,0.1261,0.14045,0.1479,0.13445,0.1357,0.14145,0.1529,0.1529,0.154
1526,0.15655,0.16145,0.185,0.1506,0.16165,0.14205,0.1381,0.13605,0.15155,0.1554,0.14635,0.14015
1527,0.12555,0.1433,0.1546,0.1123,0.14895,0.1419,0.13345,0.13885,0.1418,0.1311,0.1466,0.1416
1528,0.1545,0.17375,0.1343,0.19455,0.1822,0.13315,0.12505,0.15725,0.13835,0.13715,0.1403,0.16235
1529,0.1115,0.14545,0.14205,0.1211,0.13735,0.13875,0.1306,0.1602,0.13075,0.1507,0.1489,0.1467
1530,0.089,0.15425,0.1314,0.1354,0.14995,0.14515,0.16045,0.14525,0.1402,0.13705,0.1468,0.14815
1531,0.1208,0.1568,0.1415,0.12985,0.13975,0.1563,0.1449,0.13715,0.14245,0.15125,0.164,0.149
1532,0.2809,0.16155,0.14795,0.13195,0.1422,0.1519,0.1547,0.13335,0.149,0.14995,0.1438,0.13905
1533,0.19375,0.15235,0.1551,0.15115,0.1408,0.14665,0.15215,0.1395,0.15335,0.14475,0.134,0.14445
1534,0.0917,0.157,0.15655,0.16965,0.0863,0.1502,0.12425,0.1405,0.1345,0.12865,0.15185,0.1414
1535,0.1407,0.15115,0.14855,0.11075,0.1374,0.15795,0.1041,0.1518,0.1532,0.15115,0.13875,0.15560000000000002
1536,0.08535,0.1472,0.1505,0.13355,0.1379,0.1451,0.1532,0.13705,0.14395,0.13015,0.1331,0.14830000000000002
1537,0.07905,0.1481,0.15205,0.14205,0.13825,0.13615,0.1344,0.1459,0.1576,0.14675,0.1315,0.14805000000000001
1538,0.0957,0.141,0.14775,0.1966,0.16945,0.15675,0.15085,0.134,0.1386,0.17075,0.1623,0.14765
1539,0.184,0.15945,0.16085,0.1428,0.1606,0.1516,0.12305,0.1516,0.1634,0.11545,0.13865,0.15
1540,0.13805,0.1786,0.1455,0.13335,0.13445,0.1373,0.12265,0.14155,0.1391,0.19995,0.14255,0.14495
1541,0.28675,0.1414,0.1818,0.1395,0.1364,0.1407,0.1408,0.14785,0.14545,0.1385,0.12605,0.13955
1542,0.0811,0.14445,0.14955,0.13935,0.1469,0.1437,0.1274,0.13635,0.1491,0.1423,0.1431,0.1428
1543,0.2555,0.16305,0.15875,0.14805,0.16715,0.1373,0.1396,0.1419,0.1431,0.14715,0.13665,0.1524
1544,0.12115,0.1442,0.12715,0.13525,0.13775,0.1399,0.11995,0.1498,0.14,0.1707,0.143,0.15435000000000001
1545,0.2504,0.14345,0.15925,0.1233,0.1359,0.13175,0.1385,0.1488,0.16145,0.1344,0.1441,0.13705
1546,0.1413,0.1443,0.13715,0.14165,0.15445,0.14715,0.13495,0.132,0.14265,0.16075,0.1306,0.15810000000000002
1547,0.19475,0.14535,0.16305,0.147,0.1407,0.1467,0.2281,0.1406,0.14625,0.1406,0.15125,0.14825000000000002
1548,0.11385,0.13735,0.1637,0.1199,0.1335,0.1406,0.1449,0.13595,0.1513,0.18365,0.1429,0.1393
1549,0.0818,0.1458,0.14745,0.1618,0.14085,0.15785,0.1483,0.1467,0.15305,0.1156,0.13765,0.14475000000000002
1550,0.26255,0.15685,0.15705,0.16945,0.1309,0.1519,0.1255,0.14975,0.14935,0.15325,0.15715,0.13235
1551,0.20265,0.15455,0.1566,0.1377,0.1318,0.1552,0.12695,0.14225,0.13525,0.1578,0.14325,0.14625000000000002
1552,0.1135,0.15295,0.13135,0.1456,0.1452,0.1333,0.11575,0.1566,0.14055,0.1384,0.1342,0.14665
1553,0.13145,0.1368,0.1657,0.1346,0.15155,0.15395,0.1017,0.14075,0.1505,0.13865,0.1419,0.1567
1554,0.24395,0.1357,0.16465,0.1462,0.16125,0.14085,0.1581,0.1377,0.15085,0.1321,0.1635,0.14395
1555,0.22305,0.21725,0.15755,0.1275,0.1364,0.1411,0.1628,0.1657,0.1431,0.12435,0.12835,0.13870000000000002
1556,0.0602,0.1889,0.144,0.1578,0.15575,0.1462,0.1437,0.15285,0.1355,0.14275,0.14245,0.15255000000000002
1557,0.06275,0.14605,0.1579,0.11415,0.1445,0.14245,0.1757,0.14885,0.1517,0.16125,0.14725,0.14935
1558,0.1011,0.20825,0.1301,0.26625,0.1454,0.15715,0.1413,0.16505,0.14375,0.17085,0.1437,0.14150000000000001
1559,0.13385,0.1371,0.1548,0.1282,0.14435,0.1375,0.15165,0.1418,0.14765,0.13705,0.1347,0.1379
1560,0.10515,0.1543,0.14005,0.1392,0.1528,0.14645,0.156,0.14625,0.1542,0.1826,0.14475,0.157
1561,0.3174,0.14275,0.15225,0.1065,0.14975,0.1369,0.15195,0.1506,0.1426,0.1329,0.1323,0.1451
1562,0.101,0.1311,0.15305,0.15865,0.1472,0.13995,0.2144,0.18265,0.16125,0.14915,0.14445,0.15225
1563,0.19065,0.15685,0.1282,0.15195,0.16435,0.1439,0.1529,0.14985,0.1364,0.16085,0.1398,0.15235
1564,0.08595,0.14565,0.1365,0.11925,0.15475,0.1372,0.14515,0.1493,0.1438,0.1292,0.1304,0.1507
1565,0.08685,0.1724,0.13435,0.1311,0.13565,0.1477,0.11625,0.1379,0.15315,0.1506,0.15,0.15605
1566,0.17265,0.14005,0.1488,0.1264,0.14905,0.1562,0.1428,0.15785,0.13715,0.13185,0.16345,0.14335
1567,0.08845,0.14625,0.14055,0.1488,0.13255,0.1544,0.2159,0.14195,0.1521,0.21265,0.1573,0.14500000000000002
1568,0.1466,0.14375,0.15285,0.1513,0.15965,0.1253,0.13665,0.14305,0.16115,0.1499,0.13055,0.13685
1569,0.1132,0.14565,0.14835,0.13135,0.1392,0.1761,0.1408,0.14215,0.1387,0.14865,0.1574,0.1527
1570,0.06395,0.14155,0.136,0.13605,0.14025,0.1428,0.1356,0.15355,0.1574,0.1393,0.1349,0.15155000000000002
1571,0.11985,0.17965,0.13185,0.12335,0.15685,0.1442,0.128,0.15205,0.13925,0.1405,0.1455,0.14235
1572,0.17865,0.1449,0.15195,0.17655,0.1494,0.1737,0.1751,0.13855,0.1438,0.14605,0.14485,0.14985
1573,0.13915,0.1512,0.1446,0.1312,0.12605,0.14675,0.14935,0.12645,0.13855,0.13045,0.14595,0.14095000000000002
1574,0.18875,0.13865,0.1709,0.14555,0.1394,0.1509,0.1162,0.1602,0.1392,0.1438,0.12705,0.14825000000000002
1575,0.21825,0.1492,0.15445,0.16245,0.18445,0.14825,0.13555,0.15115,0.13965,0.1455,0.15635,0.15895
1576,0.23995,0.15525,0.14585,0.1452,0.15335,0.1571,0.1571,0.1655,0.1513,0.1259,0.13785,0.1423
1577,0.20255,0.1475,0.1541,0.13655,0.1286,0.1528,0.1482,0.1446,0.14655,0.12395,0.1467,0.15615
1578,0.1419,0.1544,0.16605,0.1257,0.14,0.13905,0.1295,0.1635,0.14895,0.16175,0.143,0.14385
1579,0.14835,0.15055,0.1348,0.141,0.13765,0.12785,0.12865,0.15365,0.14295,0.1663,0.1381,0.14715
1580,0.1074,0.1652,0.138,0.1837,0.1315,0.1505,0.1421,0.1595,0.1457,0.12225,0.16565,0.1409
1581,0.1725,0.1431,0.13855,0.13115,0.14625,0.1437,0.1354,0.127,0.13705,0.1637,0.1499,0.1517
1582,0.12445,0.1247,0.14585,0.143,0.1513,0.1432,0.143,0.13815,0.13885,0.1568,0.1353,0.15455000000000002
1583,0.0682,0.15365,0.15035,0.1265,0.1475,0.13395,0.1373,0.13105,0.1411,0.1528,0.1548,0.14185
1584,0.0872,0.173,0.1454,0.12015,0.14155,0.1545,0.11485,0.18375,0.14165,0.15785,0.1461,0.14685
1585,0.1737,0.1413,0.1459,0.16535,0.16435,0.1376,0.1466,0.14505,0.14205,0.1268,0.14485,0.1504
1586,0.13335,0.1433,0.13385,0.1387,0.13825,0.1562,0.1487,0.13995,0.14495,0.1187,0.1592,0.1535
1587,0.1399,0.1835,0.15825,0.13605,0.1395,0.1868,0.14,0.148,0.1751,0.1307,0.14245,0.15185
1588,0.1883,0.143,0.14935,0.1372,0.1414,0.15435,0.14425,0.14085,0.13975,0.15465,0.14175,0.1399
1589,0.07585,0.1574,0.14925,0.14245,0.1408,0.1121,0.1408,0.14685,0.14955,0.13465,0.1389,0.13965
1590,0.10615,0.15185,0.15205,0.1434,0.13925,0.149,0.12425,0.14095,0.14475,0.1325,0.161,0.14925
1591,0.123,0.14415,0.1399,0.1636,0.1429,0.1375,0.14085,0.1384,0.14535,0.14595,0.15385,0.1448
1592,0.06165,0.13855,0.16995,0.15175,0.1438,0.15195,0.1271,0.14805,0.138,0.1589,0.13645,0.14265
1593,0.17705,0.14185,0.17275,0.15505,0.11325,0.1669,0.15415,0.14075,0.15785,0.1295,0.1321,0.151
1594,0.10735,0.1392,0.15355,0.12875,0.17375,0.14765,0.1488,0.14035,0.1564,0.1882,0.1481,0.13905
1595,0.07115,0.164,0.16225,0.1268,0.1484,0.14405,0.1164,0.14175,0.14415,0.13945,0.1438,0.15180000000000002
1596,0.26645,0.1496,0.14595,0.13025,0.14595,0.14155,0.13505,0.1388,0.14145,0.1421,0.13535,0.13895000000000002
1597,0.0794,0.149,0.15085,0.1431,0.14015,0.1482,0.15365,0.1509,0.14025,0.1364,0.17545,0.14865
1598,0.09685,0.13185,0.13855,0.1308,0.14075,0.14705,0.14575,0.14205,0.1401,0.1231,0.15025,0.1408
1599,0.24285,0.14605,0.1561,0.13085,0.19485,0.1522,0.13195,0.14515,0.16705,0.1446,0.165,0.157
1600,0.1281,0.1406,0.1535,0.14015,0.16565,0.15005,0.1509,0.1403,0.1316,0.12335,0.13825,0.15745
1601,0.2072,0.1471,0.13595,0.14775,0.15235,0.1553,0.14515,0.1965,0.16175,0.1399,0.12865,0.14295
1602,0.21,0.1894,0.1669,0.16535,0.14495,0.14865,0.13525,0.13705,0.1427,0.116,0.18075,0.14850000000000002
1603,0.1922,0.16335,0.14205,0.13075,0.1472,0.14425,0.1462,0.2214,0.16105,0.1308,0.14725,0.1443
1604,0.24015,0.14615,0.1323,0.13565,0.1391,0.1412,0.13475,0.14175,0.15095,0.1471,0.14775,0.1491
1605,0.1138,0.1393,0.13555,0.1415,0.13115,0.14465,0.14025,0.14645,0.1405,0.13815,0.14105,0.14315
1606,0.10045,0.1536,0.14015,0.15995,0.16295,0.1483,0.1296,0.13525,0.13275,0.14335,0.159,0.1441
1607,0.0896,0.20575,0.16065,0.1143,0.1582,0.1469,0.168,0.152,0.13445,0.1229,0.14995,0.1517
1608,0.1441,0.152,0.4418,0.1379,0.1388,0.14905,0.1437,0.15315,0.1597,0.1441,0.1545,0.1492
1609,0.1379,0.14795,0.1509,0.1666,0.14205,0.1408,0.1385,0.13345,0.14305,0.14055,0.1421,0.14315
1610,0.1308,0.13995,0.15945,0.1347,0.15005,0.1447,0.13895,0.14475,0.1479,0.1401,0.14745,0.15555
1611,0.0626,0.152,0.13505,0.1497,0.1456,0.14265,0.13355,0.1359,0.17535,0.14825,0.1671,0.1398
1612,0.1086,0.16115,0.13545,0.13435,0.1356,0.1393,0.1461,0.1267,0.1455,0.1406,0.14825,0.15075
1613,0.14465,0.14825,0.1499,0.1273,0.13695,0.1502,0.13455,0.1625,0.1502,0.1369,0.16085,0.1521
1614,0.2216,0.13455,0.1556,0.1412,0.1396,0.1535,0.1511,0.15245,0.1537,0.1595,0.1439,0.15875
1615,0.17905,0.14315,0.13925,0.1474,0.1371,0.15545,0.12435,0.13715,0.1414,0.18335,0.1565,0.14800000000000002
1616,0.1344,0.1326,0.15385,0.12975,0.1507,0.1545,0.1257,0.13415,0.1513,0.1554,0.1711,0.1474
1617,0.2588,0.15165,0.1421,0.14975,0.1388,0.1475,0.148,0.14225,0.1481,0.12745,0.1654,0.1477
1618,0.1722,0.1355,0.1434,0.20955,0.1416,0.1518,0.13365,0.13085,0.1355,0.13665,0.13695,0.1626
1619,0.152,0.1479,0.1685,0.17875,0.1666,0.14095,0.13855,0.15545,0.13805,0.18165,0.1764,0.14665
1620,0.12795,0.13795,0.13235,0.14105,0.1481,0.1404,0.17355,0.1478,0.14395,0.1295,0.14295,0.14955000000000002
1621,0.0858,0.1312,0.1411,0.1538,0.15515,0.1438,0.11745,0.165,0.15235,0.12545,0.14265,0.14805000000000001
1622,0.0926,0.1392,0.162,0.13655,0.1453,0.1448,0.15605,0.1566,0.14255,0.1369,0.1441,0.1385
1623,0.1469,0.1377,0.1628,0.13225,0.14545,0.1463,0.15395,0.17945,0.1486,0.14265,0.138,0.14185
1624,0.0828,0.14885,0.1602,0.1129,0.1393,0.15415,0.1263,0.14785,0.15815,0.14175,0.1536,0.14445
1625,0.13545,0.1406,0.1616,0.1521,0.1442,0.14835,0.13955,0.1377,0.14765,0.13485,0.1437,0.15135
1626,0.1395,0.1517,0.1421,0.1369,0.1539,0.14005,0.1324,0.1571,0.1572,0.1169,0.152,0.1471
1627,0.15335,0.159,0.14895,0.1415,0.15905,0.12775,0.12715,0.1485,0.14535,0.1468,0.1379,0.1456
1628,0.1075,0.14735,0.15885,0.1368,0.12635,0.15545,0.2193,0.1465,0.148,0.276,0.1534,0.15395
1629,0.22545,0.15695,0.1369,0.1446,0.13405,0.1351,0.1544,0.1618,0.14075,0.15135,0.137,0.1418
1630,0.0985,0.15055,0.1416,0.15925,0.13475,0.14725,0.1416,0.1399,0.13935,0.1539,0.1516,0.16185000000000002
1631,0.18965,0.13935,0.16115,0.16655,0.14685,0.14575,0.1413,0.16575,0.14585,0.129,0.13145,0.13855
1632,0.0765,0.1608,0.14425,0.12245,0.15485,0.138,0.121,0.14865,0.14935,0.1465,0.1302,0.15545
1633,0.10645,0.17,0.1428,0.13845,0.1582,0.1372,0.1603,0.126,0.1619,0.348,0.1378,0.155
1634,0.0987,0.1334,0.15165,0.14985,0.14575,0.1461,0.1266,0.1568,0.1502,0.1483,0.1445,0.16045
1635,0.24155,0.14815,0.1437,0.1434,0.1405,0.1497,0.1329,0.1424,0.1453,0.16325,0.14975,0.14085
1636,0.1229,0.1353,0.13335,0.14925,0.10045,0.1287,0.1358,0.14185,0.1464,0.13945,0.1456,0.15225
1637,0.09875,0.1395,0.14335,0.12225,0.1299,0.14055,0.1169,0.15185,0.1529,0.13695,0.1355,0.14400000000000002
1638,0.1054,0.139,0.14755,0.13065,0.1587,0.15505,0.1164,0.1374,0.15495,0.1732,0.12755,0.1383
1639,0.14735,0.1568,0.14765,0.12105,0.1389,0.1838,0.1636,0.14395,0.1489,0.1256,0.1534,0.1547
1640,0.1279,0.14245,0.1434,0.15075,0.13785,0.16045,0.1495,0.1518,0.1436,0.14395,0.1483,0.15385000000000001
1641,0.19555,0.15055,0.1288,0.12445,0.13585,0.15815,0.13195,0.1507,0.1496,0.14035,0.15485,0.1442
1642,0.21475,0.1409,0.19655,0.14985,0.14585,0.13345,0.165,0.13395,0.13455,0.1457,0.16085,0.14575000000000002
1643,0.1339,0.1688,0.1372,0.14525,0.12595,0.1459,0.13575,0.1379,0.1414,0.15705,0.14535,0.1516
1644,0.02615,0.14835,0.1502,0.1865,0.13625,0.1566,0.1282,0.1489,0.14395,0.13745,0.1566,0.1469
1645,0.0832,0.16245,0.14285,0.094,0.14055,0.1573,0.1131,0.14135,0.172,0.1095,0.15015,0.14315
1646,0.1361,0.155,0.13915,0.14175,0.14735,0.14835,0.1476,0.1783,0.15045,0.12905,0.1494,0.15125
1647,0.3255,0.1674,0.14785,0.1355,0.13495,0.13675,0.13755,0.14075,0.1512,0.1319,0.14265,0.154
1648,0.14395,0.16015,0.1607,0.1425,0.1453,0.14,0.1251,0.1527,0.1474,0.1753,0.1491,0.14725000000000002
1649,0.1227,0.1642,0.1663,0.1569,0.1332,0.14725,0.1726,0.1441,0.1408,0.1612,0.14455,0.15035
1650,0.07025,0.14695,0.1551,0.18235,0.1497,0.16165,0.1998,0.14035,0.1403,0.1311,0.15845,0.16465000000000002
1651,0.09225,0.1394,0.26945,0.142,0.14235,0.1432,0.166,0.1372,0.1357,0.1415,0.16285,0.15975
1652,0.15065,0.1566,0.1548,0.14395,0.1457,0.15485,0.1595,0.14135,0.16275,0.1509,0.13515,0.14105
1653,0.13065,0.1462,0.15095,0.19675,0.1352,0.1566,0.1493,0.1681,0.15295,0.1124,0.1397,0.1519
1654,0.10945,0.15235,0.1487,0.16135,0.14035,0.13995,0.14395,0.14,0.13675,0.1563,0.1399,0.14325000000000002
1655,0.1328,0.15235,0.13595,0.1366,0.1299,0.13855,0.1099,0.12585,0.14995,0.14205,0.1452,0.1378
1656,0.12645,0.1473,0.13705,0.19065,0.15055,0.14825,0.13065,0.134,0.15335,0.141,0.13655,0.1443
1657,0.11915,0.1374,0.14485,0.1488,0.14395,0.15885,0.1477,0.13395,0.1454,0.1351,0.15365,0.14755000000000001
1658,0.06525,0.1438,0.1399,0.12785,0.15045,0.13705,0.13415,0.16655,0.14565,0.15395,0.1501,0.1456
1659,0.1785,0.1337,0.1393,0.15925,0.13785,0.14855,0.15245,0.14745,0.16385,0.14,0.1237,0.15655
1660,0.16535,0.1373,0.15925,0.13225,0.15085,0.14455,0.1686,0.13975,0.1395,0.1469,0.14975,0.13545000000000001
1661,0.15105,0.15925,0.1686,0.13915,0.17115,0.146,0.1278,0.25805,0.14975,0.13635,0.1292,0.14300000000000002
1662,0.2248,0.16265,0.14495,0.1291,0.1481,0.13905,0.12455,0.1407,0.16515,0.1564,0.148,0.14745
1663,0.1149,0.15115,0.14005,0.1503,0.1477,0.137,0.25365,0.1408,0.1333,0.13005,0.13715,0.14065
1664,0.1562,0.14975,0.1447,0.1225,0.1445,0.1358,0.11545,0.14285,0.1294,0.14405,0.1533,0.1492
1665,0.1421,0.1607,0.1523,0.11705,0.12195,0.14235,0.12865,0.1478,0.153,0.1743,0.15965,0.1625
1666,0.13305,0.16225,0.1323,0.1246,0.2018,0.14685,0.13365,0.16545,0.14935,0.1699,0.1492,0.14095000000000002
1667,0.11925,0.14745,0.14315,0.13095,0.13695,0.1493,0.13575,0.14565,0.15225,0.13925,0.153,0.1499
1668,0.08385,0.1392,0.1564,0.12985,0.14,0.1413,0.1554,0.13025,0.1505,0.13575,0.13625,0.1497
1669,0.2253,0.1405,0.14905,0.15615,0.1975,0.1431,0.1644,0.14195,0.14235,0.1357,0.1677,0.1462
1670,0.1633,0.1352,0.14315,0.1393,0.1483,0.1475,0.1416,0.1443,0.1474,0.14065,0.1426,0.14975
1671,0.0795,0.14175,0.1563,0.0773,0.13615,0.15515,0.15795,0.1719,0.1392,0.14385,0.16135,0.1437
1672,0.1757,0.15035,0.15765,0.1427,0.1587,0.1491,0.16275,0.12605,0.13745,0.1627,0.13915,0.14065
1673,0.1848,0.13195,0.1397,0.1396,0.2454,0.1471,0.1237,0.1425,0.13835,0.17225,0.155,0.1437
1674,0.14665,0.1414,0.13895,0.15365,0.14155,0.1393,0.1361,0.1448,0.14425,0.154,0.13825,0.1446
1675,0.0959,0.13775,0.14325,0.1494,0.1662,0.136,0.1567,0.1363,0.1421,0.1398,0.16255,0.1394
1676,0.1196,0.10075,0.13865,0.14195,0.1406,0.14545,0.1361,0.17965,0.15285,0.1388,0.1357,0.1426
1677,0.1301,0.15675,0.1421,0.1416,0.13115,0.1435,0.18405,0.14205,0.14415,0.1463,0.1529,0.1404
1678,0.16025,0.15155,0.1401,0.145,0.1404,0.1515,0.14445,0.13905,0.14265,0.14705,0.14305,0.161
1679,0.10535,0.156,0.15315,0.1424,0.1561,0.13175,0.1518,0.1409,0.15195,0.14195,0.13745,0.15145
1680,0.1144,0.16425,0.1402,0.136,0.1626,0.1504,0.15795,0.14775,0.14465,0.1536,0.13785,0.14930000000000002
1681,0.1604,0.1273,0.15145,0.1399,0.15445,0.14415,0.13995,0.14405,0.14095,0.1495,0.1494,0.1484
1682,0.1006,0.15425,0.1559,0.14975,0.1651,0.1383,0.17795,0.13845,0.14295,0.13975,0.16475,0.1496
1683,0.29935,0.1475,0.1705,0.13775,0.13825,0.14355,0.12245,0.1548,0.14095,0.13845,0.14665,0.1341
1684,0.1154,0.13915,0.15575,0.1548,0.14965,0.168,0.1376,0.14705,0.14445,0.141,0.1471,0.1545
1685,0.109,0.13045,0.14155,0.12385,0.1339,0.13645,0.13305,0.1453,0.1396,0.1081,0.1407,0.1534
1686,0.10895,0.15025,0.14435,0.12265,0.1328,0.1762,0.13125,0.1456,0.17395,0.12435,0.1362,0.13895000000000002
1687,0.12145,0.16625,0.16605,0.17475,0.13735,0.1549,0.14135,0.13575,0.1603,0.1598,0.1551,0.1403
1688,0.16875,0.14215,0.1392,0.15745,0.13245,0.14375,0.1447,0.15325,0.1699,0.1467,0.1382,0.14730000000000001
1689,0.1192,0.154,0.1566,0.14705,0.13465,0.14415,0.14775,0.137,0.13625,0.16975,0.14555,0.15510000000000002
1690,0.12115,0.13915,0.14615,0.13785,0.1407,0.1402,0.1379,0.1532,0.14385,0.1366,0.1538,0.1464
1691,0.2346,0.182,0.1503,0.14435,0.1336,0.1439,0.135,0.1676,0.15685,0.1298,0.15825,0.14850000000000002
1692,0.0764,0.14615,0.1403,0.116,0.15175,0.1464,0.2054,0.1429,0.145,0.13015,0.14315,0.1441
1693,0.06885,0.17675,0.158,0.1666,0.13575,0.1369,0.1259,0.14415,0.14635,0.1609,0.14335,0.14645
1694,0.19005,0.1481,0.1466,0.1475,0.1501,0.14955,0.1321,0.1318,0.14575,0.1455,0.1401,0.15035
1695,0.17085,0.14405,0.19775,0.2485,0.14075,0.1345,0.1447,0.146,0.1467,0.1436,0.1499,0.14155
1696,0.2557,0.14305,0.1429,0.14415,0.17575,0.1372,0.15345,0.14535,0.14255,0.1328,0.15075,0.1567
1697,0.14005,0.14775,0.12475,0.138,0.1378,0.14785,0.1298,0.13665,0.1553,0.12655,0.16245,0.1443
1698,0.61205,0.1551,0.13345,0.1569,0.1304,0.14205,0.19625,0.14805,0.1431,0.20445,0.14755,0.13945000000000002
1699,0.06605,0.153,0.1587,0.1688,0.1425,0.1483,0.1279,0.1406,0.1503,0.1389,0.1497,0.14300000000000002
1700,0.11225,0.14485,0.1448,0.14215,0.1772,0.14055,0.1435,0.14955,0.141,0.1499,0.1338,0.15225
1701,0.10375,0.1629,0.13175,0.14495,0.136,0.1382,0.1439,0.16615,0.134,0.1611,0.15145,0.13895000000000002
1702,0.06685,0.14,0.1542,0.136,0.1456,0.14135,0.14325,0.14375,0.1498,0.1375,0.13695,0.14205
1703,0.07655,0.14385,0.1746,0.1325,0.1559,0.14665,0.14545,0.1428,0.13875,0.1287,0.1483,0.1446
1704,0.58965,0.14125,0.1452,0.1434,0.1494,0.1515,0.1434,0.14705,0.1286,0.1593,0.1777,0.14405
1705,0.0859,0.14815,0.1409,0.1136,0.1424,0.1529,0.1368,0.14675,0.1429,0.14165,0.15575,0.1557
1706,0.62625,0.13315,0.1401,0.14515,0.14615,0.1454,0.1691,0.1535,0.15495,0.1295,0.1823,0.1461
1707,0.1059,0.1551,0.1426,0.12405,0.1322,0.1538,0.1344,0.14865,0.144,0.1328,0.1374,0.1622
1708,0.1783,0.1428,0.18005,0.1433,0.14245,0.15995,0.1718,0.13615,0.15015,0.13795,0.15115,0.14405
1709,0.10295,0.15615,0.14875,0.1487,0.18185,0.1609,0.1866,0.1333,0.0197,0.1327,0.1486,0.1579
1710,0.2351,0.14185,0.15615,0.12125,0.1656,0.14815,0.13225,0.1401,0.1449,0.19935,0.25155,0.15960000000000002
1711,0.18095,0.14995,0.1938,0.1365,0.14645,0.14135,0.13305,0.16475,0.1465,0.1429,0.1376,0.15355000000000002
1712,0.27255,0.13645,0.1338,0.12825,0.1662,0.13135,0.1147,0.13585,0.13395,0.12285,0.13815,0.13685
1713,0.1463,0.14175,0.1486,0.1313,0.12575,0.16355,0.1225,0.141,0.1391,0.1199,0.1495,0.14745
1714,0.1519,0.133,0.1542,0.15585,0.16705,0.16715,0.1501,0.1432,0.1449,0.1563,0.14375,0.14685
1715,0.25825,0.15995,0.16455,0.12675,0.1439,0.14385,0.1251,0.1331,0.14635,0.1342,0.15345,0.14730000000000001
1716,0.10435,0.13945,0.1477,0.1296,0.1938,0.14965,0.1399,0.15485,0.19085,0.12835,0.14115,0.14335
1717,0.11985,0.13105,0.15055,0.1561,0.13365,0.14395,0.1275,0.132,0.14085,0.155,0.16035,0.14425000000000002
1718,0.15825,0.13585,0.1465,0.1529,0.14465,0.1417,0.1225,0.14665,0.145,0.16995,0.158,0.14020000000000002
1719,0.07635,0.13595,0.1476,0.1344,0.12925,0.14825,0.14645,0.1385,0.14505,0.13455,0.1458,0.1534
1720,0.0992,0.14025,0.1562,0.1479,0.1471,0.149,0.14795,0.15395,0.1569,0.1513,0.14285,0.15755
1721,0.197,0.14455,0.17005,0.13005,0.1432,0.14335,0.15875,0.16125,0.1471,0.14875,0.1367,0.1371
1722,0.0662,0.161,0.14765,0.15195,0.1367,0.20455,0.1383,0.1523,0.147,0.1375,0.1612,0.14675000000000002
1723,0.06205,0.1309,0.1352,0.1479,0.1471,0.1395,0.159,0.1469,0.1606,0.1444,0.1424,0.15275
1724,0.1016,0.1781,0.1376,0.143,0.1512,0.14915,0.14435,0.1293,0.14935,0.16075,0.15195,0.1549
1725,0.11065,0.16675,0.1463,0.11975,0.1366,0.13445,0.1599,0.1656,0.144,0.18225,0.1594,0.1515
1726,0.12345,0.1654,0.15075,0.14285,0.15625,0.1409,0.13755,0.15725,0.14845,0.14835,0.143,0.1466
1727,0.16015,0.1384,0.1609,0.15815,0.14375,0.16295,0.1599,0.14675,0.1412,0.17735,0.1525,0.1429
1728,0.17555,0.137,0.14215,0.13345,0.13355,0.14195,0.12855,0.12945,0.1446,0.1484,0.1299,0.13915
1729,0.10775,0.15435,0.15365,0.1395,0.1925,0.1326,0.18255,0.1534,0.15905,0.1433,0.13235,0.14725000000000002
1730,0.08695,0.13815,0.1436,0.1154,0.14915,0.13765,0.1429,0.148,0.13455,0.27165,0.1528,0.1526
1731,0.12975,0.14245,0.1462,0.14695,0.16785,0.1433,0.1394,0.1492,0.1402,0.13405,0.1248,0.13675
1732,0.0972,0.14625,0.145,0.16675,0.1454,0.14225,0.1766,0.2387,0.14485,0.1432,0.27,0.1442
1733,0.1287,0.15325,0.14155,0.15555,0.1374,0.14905,0.13335,0.1431,0.14415,0.13575,0.14805,0.15985000000000002
1734,0.08265,0.1466,0.2773,0.1457,0.1472,0.13655,0.14685,0.1514,0.14555,0.146,0.14375,0.1457
1735,0.07595,0.13405,0.13735,0.11895,0.14175,0.15125,0.12875,0.1582,0.1497,0.13725,0.1633,0.1481
1736,0.3997,0.14105,0.1429,0.18555,0.13125,0.13955,0.17605,0.13175,0.1453,0.13775,0.1588,0.1509
1737,0.139,0.1578,0.13565,0.119,0.1501,0.14205,0.17535,0.1459,0.1425,0.15935,0.14215,0.14350000000000002
1738,0.16995,0.12995,0.1539,0.1369,0.14285,0.15035,0.1274,0.14565,0.13905,0.12725,0.1688,0.14455
1739,0.1083,0.16305,0.1501,0.11835,0.15895,0.15155,0.16285,0.1468,0.13905,0.1408,0.1475,0.14655
1740,0.23745,0.15305,0.1416,0.1847,0.13805,0.13885,0.13285,0.1441,0.143,0.16865,0.13825,0.1434
1741,0.138,0.13965,0.1443,0.1424,0.1537,0.143,0.14845,0.1384,0.1522,0.16765,0.1536,0.15325
1742,0.18715,0.13905,0.13975,0.13325,0.1443,0.13985,0.14515,0.1451,0.1523,0.14,0.14575,0.14750000000000002
1743,0.09745,0.15,0.1438,0.16655,0.14485,0.1504,0.14315,0.14265,0.1214,0.1454,0.15915,0.15335000000000001
1744,0.11175,0.15525,0.1458,0.1625,0.1365,0.1456,0.13375,0.138,0.16275,0.13245,0.15535,0.14515
1745,0.1242,0.1531,0.14455,0.1482,0.14035,0.14165,0.1647,0.14785,0.1568,0.1222,0.1249,0.15055000000000002
1746,0.14005,0.16175,0.14655,0.12985,0.1366,0.14065,0.13485,0.1339,0.14545,0.13185,0.145,0.15025
1747,0.1423,0.16255,0.14905,0.1403,0.14765,0.1425,0.1257,0.14765,0.1383,0.13875,0.1456,0.14055
1748,0.1651,0.14395,0.1618,0.12245,0.12595,0.13945,0.16895,0.1388,0.1615,0.13645,0.1424,0.13245
1749,0.1219,0.15905,0.14495,0.1216,0.15,0.1422,0.13605,0.1536,0.1462,0.13425,0.14865,0.154
1750,0.16565,0.14495,0.14825,0.098,0.14735,0.1659,0.13725,0.1306,0.1473,0.09795,0.139,0.14450000000000002
1751,0.13115,0.147,0.14045,0.13715,0.1404,0.1402,0.1444,0.14065,0.13995,0.13625,0.1384,0.15115
1752,0.1532,0.14765,0.14905,0.13265,0.13995,0.1355,0.18485,0.1725,0.1588,0.14515,0.1414,0.14895
1753,0.0845,0.17395,0.14145,0.1495,0.14885,0.1608,0.14555,0.13745,0.15585,0.1398,0.14635,0.1466
1754,0.1239,0.15095,0.1574,0.13545,0.16775,0.16015,0.1817,0.1442,0.13965,0.151,0.14695,0.14745
1755,0.1014,0.14915,0.13365,0.11525,0.1557,0.1473,0.12985,0.14025,0.14175,0.1456,0.1435,0.1442
1756,0.16505,0.1616,0.1287,0.195,0.2188,0.1596,0.1497,0.1391,0.14035,0.1425,0.15515,0.13620000000000002
1757,0.1398,0.13055,0.17055,0.14005,0.13625,0.1442,0.1319,0.1345,0.1361,0.14075,0.14765,0.14085
1758,0.1464,0.15045,0.15245,0.3217,0.1487,0.1384,0.12305,0.15925,0.15945,0.12945,0.1648,0.14935
1759,0.1222,0.15965,0.1506,0.13815,0.1344,0.1458,0.1419,0.14,0.13805,0.1348,0.14635,0.1428
1760,0.15665,0.1655,0.13825,0.15585,0.13515,0.142,0.1473,0.14495,0.15715,0.15835,0.13365,0.14635
1761,0.12285,0.163,0.1433,0.1722,0.14425,0.13855,0.15785,0.1545,0.1512,0.13535,0.1469,0.14745
1762,0.1623,0.13845,0.14615,0.15105,0.1416,0.1394,0.15355,0.1289,0.15455,0.13135,0.14015,0.14650000000000002
1763,0.13225,0.13765,0.1535,0.1292,0.13275,0.13635,0.1199,0.15925,0.1485,0.1302,0.14745,0.14515
1764,0.1369,0.1578,0.1562,0.13215,0.19725,0.14175,0.13935,0.1406,0.1408,0.1482,0.15685,0.14895
1765,0.12325,0.1456,0.14035,0.39485,0.191,0.13905,0.148,0.1384,0.14215,0.16655,0.1472,0.14035
1766,0.0885,0.1266,0.1547,0.14995,0.1295,0.1455,0.1438,0.1607,0.1433,0.1282,0.13235,0.14475000000000002
1767,0.1853,0.1562,0.18605,0.12305,0.1298,0.1316,0.13855,0.13355,0.13625,0.5799,0.1528,0.1589
1768,0.13785,0.145,0.1609,0.1333,0.1423,0.1364,0.176,0.13765,0.1524,0.1416,0.1455,0.15105000000000002
1769,0.2152,0.14585,0.16675,0.13325,0.15205,0.1504,0.1488,0.1428,0.15035,0.1303,0.15685,0.14695
1770,0.12535,0.15135,0.1465,0.11925,0.1439,0.1382,0.1166,0.14675,0.157,0.14185,0.1349,0.1545
1771,0.16,0.1428,0.14415,0.16435,0.1635,0.14745,0.14035,0.1433,0.1608,0.21935,0.1468,0.15205000000000002
1772,0.24095,0.14745,0.13435,0.1387,0.1405,0.1437,0.145,0.132,0.14865,0.1378,0.1584,0.14375000000000002
1773,0.15765,0.13535,0.1583,0.1248,0.14695,0.144,0.1343,0.2078,0.143,0.1331,0.14625,0.139
1774,0.09265,0.15795,0.1524,0.16685,0.14075,0.14525,0.15775,0.1335,0.1326,0.13905,0.14305,0.1408
1775,0.0912,0.2099,0.15145,0.1307,0.1374,0.142,0.1457,0.162,0.15195,0.1358,0.14535,0.1348
1776,0.0929,0.15675,0.14395,0.1365,0.14505,0.1475,0.1843,0.1337,0.1467,0.12085,0.1415,0.15380000000000002
1777,0.1219,0.14855,0.1365,0.1638,0.14895,0.14855,0.1489,0.1439,0.14035,0.1476,0.14245,0.1524
1778,0.1033,0.1573,0.13365,0.14075,0.12555,0.15845,0.14525,0.14565,0.15605,0.1673,0.13775,0.14935
1779,0.1816,0.15955,0.1524,0.1262,0.14505,0.16385,0.1589,0.14285,0.1502,0.1371,0.14395,0.157
1780,0.116,0.1526,0.13565,0.133,0.1294,0.13715,0.16505,0.1871,0.146,0.13715,0.1434,0.13985
1781,0.15555,0.1552,0.14755,0.1631,0.139,0.1395,0.1308,0.14115,0.13845,0.1372,0.15195,0.15365
1782,0.13,0.13545,0.1412,0.35185,0.13725,0.1382,0.1893,0.1641,0.15615,0.16805,0.155,0.15295
1783,0.07635,0.14685,0.152,0.1494,0.12105,0.1419,0.15445,0.14345,0.14205,0.15675,0.14615,0.1496
1784,0.1129,0.15295,0.14365,0.1503,0.16635,0.1428,0.24105,0.139,0.14015,0.13615,0.151,0.15835000000000002
1785,0.09555,0.1405,0.1521,0.1304,0.1328,0.15135,0.2042,0.1335,0.15015,0.146,0.1402,0.1449
1786,0.11605,0.15135,0.15395,0.1361,0.1528,0.15245,0.12545,0.13965,0.1555,0.13835,0.1496,0.14350000000000002
1787,0.19205,0.1413,0.15725,0.1397,0.14025,0.14895,0.14505,0.14115,0.14965,0.1502,0.1317,0.1568
1788,0.0617,0.15,0.1406,0.14715,0.14045,0.1463,0.1391,0.1456,0.13135,0.1521,0.1584,0.1515
1789,0.0,0.1438,0.152,0.12855,0.1585,0.1317,0.12305,0.14125,0.15985,0.13245,0.14515,0.14475000000000002
1790,0.2058,0.1537,0.1423,0.1507,0.1495,0.16035,0.1796,0.15465,0.13985,0.29355,0.145,0.14730000000000001
1791,0.1276,0.16795,0.1587,0.1528,0.1384,0.15,0.1647,0.12795,0.13745,0.16765,0.14585,0.14730000000000001
1792,0.11985,0.16755,0.15405,0.1577,0.16625,0.13785,0.1342,0.1396,0.15515,0.15485,0.1273,0.1501
1793,0.32675,0.1609,0.1571,0.1604,0.1371,0.1526,0.14755,0.15585,0.1529,0.14775,0.13655,0.14175000000000001
1794,0.11275,0.1584,0.13875,0.1263,0.13275,0.1471,0.1419,0.12675,0.1417,0.15045,0.1511,0.15845
1795,0.1537,0.13745,0.20645,0.1304,0.15495,0.14565,0.1205,0.1351,0.1409,0.1543,0.30615,0.14155
1796,0.1166,0.1526,0.15065,0.1157,0.1287,0.14195,0.1669,0.1278,0.14255,0.15375,0.1376,0.1428
1797,0.0987,0.1565,0.19615,0.13885,0.1739,0.1476,0.1413,0.14425,0.16015,0.1552,0.13305,0.1515
1798,0.137,0.14675,0.16415,0.12715,0.1353,0.1518,0.1764,0.14655,0.18895,0.1404,0.16285,0.14415
1799,0.1478,0.13685,0.151,0.1779,0.1209,0.1464,0.12485,0.16085,0.1417,0.1795,0.12515,0.14115
1800,0.1318,0.15705,0.14385,0.1227,0.1499,0.1414,0.1294,0.1568,0.1379,0.14045,0.1547,0.1517
1801,0.1328,0.1397,0.16095,0.12885,0.14305,0.147,0.1459,0.15635,0.15405,0.1702,0.14065,0.1452
1802,0.0941,0.1486,0.14995,0.12515,0.15275,0.1396,0.1355,0.15035,0.1554,0.12315,0.14625,0.1443
1803,0.10535,0.1341,0.1336,0.1415,0.15395,0.14115,0.2121,0.15405,0.14545,0.13295,0.15155,0.15810000000000002
1804,0.09915,0.13615,0.1444,0.166,0.14225,0.14625,0.1682,0.14225,0.1451,0.20205,0.1438,0.1529
1805,0.13205,0.14965,0.1609,0.1267,0.15365,0.1368,0.13485,0.14405,0.13175,0.1382,0.1425,0.15585000000000002
1806,0.0844,0.2279,0.15335,0.1325,0.1514,0.149,0.11895,0.14965,0.1469,0.1462,0.16385,0.13745000000000002
1807,0.11325,0.1578,0.1488,0.1064,0.14385,0.175,0.12665,0.14055,0.22015,0.155,0.14735,0.15545
1808,0.15595,0.1507,0.1367,0.124,0.1219,0.1483,0.1387,0.1611,0.1484,0.15425,0.13745,0.14405
1809,0.17075,0.16395,0.1318,0.1532,0.13465,0.1407,0.12495,0.15925,0.1426,0.13945,0.1428,0.14645
1810,0.16855,0.23615,0.1419,0.11765,0.1377,0.1906,0.1513,0.1447,0.1405,0.1465,0.15305,0.15005000000000002
1811,0.1377,0.15685,0.1467,0.1454,0.15665,0.1445,0.66105,0.15075,0.13815,0.1464,0.13425,0.1505
1812,0.11725,0.15615,0.14745,0.14665,0.136,0.149,0.15285,0.1338,0.1421,0.18275,0.15635,0.13905
1813,0.1782,0.1408,0.1619,0.134,0.14505,0.13875,0.15955,0.1338,0.1371,0.14315,0.1573,0.14605
1814,0.1081,0.15685,0.15365,0.14385,0.15295,0.1592,0.704,0.1236,0.1535,0.14405,0.1409,0.14265
1815,0.1098,0.1387,0.13655,0.1428,0.1232,0.13825,0.1179,0.1434,0.1432,0.1158,0.13545,0.14265
1816,0.08555,0.152,0.1501,0.1354,0.1358,0.154,0.15715,0.1372,0.1522,0.1661,0.14155,0.14705000000000001
1817,0.1241,0.13715,0.1463,0.1309,0.1442,0.14855,0.1235,0.14145,0.14825,0.1452,0.15085,0.1525
1818,0.1483,0.141,0.14055,0.14265,0.1414,0.1423,0.17485,0.12675,0.1596,0.1184,0.1536,0.1516
1819,0.0905,0.1467,0.1631,0.1582,0.12855,0.146,0.13795,0.13755,0.1623,0.17665,0.1447,0.14305
1820,0.1193,0.17325,0.1437,0.12515,0.13275,0.14315,0.1495,0.14435,0.13895,0.14465,0.1287,0.1474
1821,0.0,0.149,0.1486,0.15585,0.1313,0.22285,0.18575,0.13495,0.1733,0.18615,0.1445,0.1439
1822,0.13575,0.1381,0.15365,0.13315,0.13975,0.13915,0.1514,0.13505,0.14875,0.14215,0.16185,0.1492
1823,0.40935,0.2077,0.14045,0.1477,0.16775,0.1397,0.13435,0.15085,0.1558,0.1191,0.13775,0.15315
1824,0.08095,0.156,0.15205,0.18525,0.1456,0.15295,0.1273,0.142,0.14205,0.1408,0.13985,0.1428
1825,0.10095,0.14775,0.15445,0.12295,0.17465,0.14465,0.1265,0.1377,0.1549,0.1356,0.13495,0.14100000000000001
1826,0.19555,0.14295,0.1459,0.12275,0.13075,0.14405,0.13485,0.16615,0.14825,0.1287,0.14875,0.14055
1827,0.14115,0.14975,0.14185,0.1865,0.1308,0.1387,0.13545,0.1599,0.1365,0.1524,0.1375,0.14755000000000001
1828,0.40305,0.13015,0.23465,0.14015,0.1443,0.1454,0.1305,0.1527,0.1366,0.15535,0.14945,0.14545
1829,0.1864,0.1445,0.1641,0.15205,0.1463,0.1437,0.131,0.15825,0.13985,0.12985,0.1407,0.1531
1830,0.1839,0.14615,0.1779,0.14115,0.13795,0.1633,0.16025,0.14405,0.15175,0.1295,0.1455,0.13975
1831,0.12225,0.13885,0.1486,0.1467,0.1398,0.1479,0.147,0.14155,0.1392,0.15115,0.1358,0.15305000000000002
1832,0.0962,0.1378,0.16225,0.15265,0.1468,0.13435,0.12645,0.13195,0.14495,0.15365,0.14685,0.1584
1833,0.1272,0.1495,0.1517,0.1315,0.135,0.1506,0.1305,0.13535,0.26145,0.14335,0.13785,0.13775
1834,0.1656,0.1426,0.14765,0.13155,0.1435,0.1357,0.1702,0.14735,0.16385,0.1207,0.13985,0.14205
1835,0.19705,0.1393,0.15255,0.1319,0.1401,0.13145,0.1292,0.15585,0.129,0.15545,0.13865,0.1492
1836,0.0868,0.13695,0.1473,0.15785,0.16185,0.14355,0.1289,0.17285,0.1518,0.15295,0.13395,0.14285
1837,0.13225,0.16945,0.21195,0.1573,0.1339,0.15035,0.1445,0.1502,0.15665,0.14625,0.15055,0.14155
1838,0.14505,0.13855,0.14805,0.13205,0.17215,0.12685,0.14475,0.156,0.1477,0.14225,0.1511,0.15430000000000002
1839,0.10475,0.13645,0.17695,0.1426,0.13215,0.1298,0.14225,0.1829,0.1388,0.13855,0.1454,0.15225
1840,0.0992,0.16675,0.1629,0.12855,0.1832,0.14705,0.12455,0.13655,0.148,0.14335,0.15645,0.13870000000000002
1841,0.1578,0.1502,0.13015,0.13825,0.14425,0.15165,0.14135,0.13495,0.15295,0.1632,0.1499,0.14245
1842,0.2559,0.1408,0.17635,0.142,0.13465,0.13585,0.16035,0.1546,0.15185,0.132,0.16045,0.14125000000000001
1843,0.15435,0.14925,0.14505,0.1273,0.14525,0.1631,0.1275,0.143,0.13825,0.13805,0.14175,0.1457
1844,0.18435,0.1447,0.1683,0.16615,0.1509,0.15,0.13565,0.139,0.1407,0.15705,0.15745,0.14975
1845,0.08925,0.1423,0.14435,0.1376,0.15655,0.137,0.1251,0.14535,0.14815,0.1513,0.13885,0.1542
1846,0.1355,0.14585,0.2399,0.22365,0.15465,0.146,0.1527,0.14155,0.13635,0.13895,0.15895,0.15545
1847,0.1446,0.1278,0.214,0.13275,0.1536,0.1474,0.1452,0.16385,0.14645,0.17045,0.15545,0.14615
1848,0.0938,0.14235,0.1609,0.14285,0.13405,0.1303,0.1459,0.14345,0.1628,0.13855,0.15985,0.1477
1849,0.10935,0.1386,0.1468,0.1613,0.1389,0.1476,0.13385,0.1405,0.1447,0.1579,0.1462,0.13705
1850,0.09755,0.14215,0.13905,0.1657,0.13595,0.1432,0.16715,0.1433,0.1421,0.13085,0.1501,0.1583
1851,0.1267,0.17145,0.14525,0.2643,0.14835,0.1357,0.14215,0.1411,0.1438,0.15275,0.14125,0.1454
1852,0.1551,0.15015,0.15045,0.13555,0.1496,0.13985,0.14725,0.14205,0.1413,0.16125,0.1382,0.1552
1853,0.16255,0.14665,0.1387,0.12215,0.162,0.1431,0.1397,0.15865,0.15375,0.1449,0.15185,0.1467
1854,0.12025,0.15215,0.15275,0.1414,0.14145,0.1498,0.16075,0.14375,0.15435,0.13775,0.16215,0.1497
1855,0.2186,0.14355,0.16485,0.13075,0.1524,0.1444,0.1488,0.13995,0.14795,0.1614,0.1627,0.13345
1856,0.10195,0.13835,0.1579,0.1531,0.1505,0.13555,0.1263,0.1436,0.15945,0.1239,0.1561,0.14875
1857,0.1498,0.15875,0.1599,0.19285,0.13605,0.15405,0.1407,0.1287,0.13125,0.13665,0.13975,0.14145000000000002
1858,0.10555,0.14675,0.1502,0.2775,0.15795,0.15995,0.13175,0.1408,0.1458,0.1732,0.13745,0.13955
1859,0.22205,0.13555,0.1473,0.1286,0.1597,0.152,0.12965,0.14125,0.1645,0.14885,0.14675,0.14095000000000002
1860,0.13235,0.17855,0.1468,0.1177,0.1363,0.1477,0.1408,0.14505,0.14395,0.1432,0.1434,0.14425000000000002
1861,0.112,0.15425,0.126,0.155,0.1516,0.14785,0.12625,0.1339,0.14965,0.14405,0.16545,0.14500000000000002
1862,0.09355,0.158,0.15465,0.139,0.13795,0.1747,0.1383,0.13105,0.1462,0.13905,0.1459,0.14655
1863,0.1571,0.1438,0.16955,0.1772,0.151,0.15185,0.14025,0.14125,0.132,0.1715,0.1424,0.14880000000000002
1864,0.1727,0.1317,0.15225,0.14435,0.15035,0.16755,0.15635,0.1257,0.14785,0.1331,0.1465,0.1527
1865,0.14955,0.15605,0.14675,0.2118,0.15995,0.14775,0.1294,0.1561,0.1512,0.2074,0.1368,0.13525
1866,0.1774,0.15015,0.15975,0.1244,0.1494,0.1336,0.1249,0.135,0.1492,0.1316,0.1483,0.15435000000000001
1867,0.35855,0.17655,0.14075,0.13005,0.4826,0.15235,0.1537,0.14355,0.1432,0.13625,0.1571,0.15565
1868,0.1721,0.1499,0.1476,0.1201,0.1431,0.14355,0.13615,0.13715,0.1601,0.24475,0.1535,0.15130000000000002
1869,0.1187,0.14335,0.14845,0.1277,0.15605,0.15665,0.1183,0.15275,0.1427,0.1511,0.1446,0.1408
1870,0.0869,0.1462,0.1313,0.1456,0.14855,0.16445,0.13785,0.14485,0.1424,0.13885,0.13535,0.14800000000000002
1871,0.1815,0.1374,0.13005,0.13885,0.13675,0.14795,0.1257,0.15105,0.1406,0.1419,0.13835,0.14880000000000002
1872,0.10305,0.1719,0.1344,0.14905,0.14635,0.14645,0.15055,0.15225,0.14635,0.1344,0.13535,0.15115
1873,0.1214,0.13545,0.1321,0.1677,0.14745,0.15785,0.16965,0.14615,0.1419,0.181,0.1456,0.15460000000000002
1874,0.107,0.1971,0.14345,0.10115,0.14205,0.16925,0.15415,0.15655,0.1412,0.11925,0.1438,0.13920000000000002
1875,0.27875,0.15825,0.1772,0.1341,0.15185,0.14785,0.13655,0.1393,0.1547,0.10635,0.1485,0.1459
1876,0.256,0.14585,0.1573,0.15945,0.13965,0.1392,0.1348,0.15945,0.14225,0.2026,0.13305,0.15565
1877,0.1582,0.14465,0.14625,0.1267,0.13175,0.1331,0.1394,0.13605,0.15325,0.1511,0.15725,0.1598
1878,0.2908,0.1517,0.15735,0.1421,0.13055,0.13675,0.1258,0.13525,0.13475,0.1274,0.1375,0.1562
1879,0.15765,0.16545,0.1381,0.1606,0.1515,0.13605,0.14595,0.1509,0.1485,0.146,0.1381,0.15165
1880,0.10815,0.14335,0.16195,0.1389,0.1617,0.13715,0.1427,0.1403,0.148,0.15255,0.14675,0.14135
1881,0.16015,0.15535,0.1557,0.1336,0.14065,0.14255,0.13345,0.1405,0.14035,0.1361,0.14635,0.153
1882,0.06025,0.15595,0.14375,0.1516,0.1631,0.14515,0.13165,0.1408,0.14075,0.14665,0.15365,0.14375000000000002
1883,0.0916,0.1407,0.14855,0.1312,0.15075,0.14285,0.1288,0.13835,0.14575,0.15025,0.1292,0.14880000000000002
1884,0.39985,0.1551,0.15945,0.1567,0.1512,0.14595,0.14355,0.11105,0.1789,0.12945,0.1435,0.14715
1885,0.1124,0.1538,0.15895,0.15035,0.15695,0.1361,0.16545,0.1564,0.1637,0.1583,0.1593,0.1449
1886,0.16145,0.1438,0.14585,0.1486,0.1343,0.1316,0.181,0.1529,0.13705,0.13465,0.16215,0.1554
1887,0.3806,0.1463,0.14465,0.1305,0.13455,0.13485,0.12905,0.14125,0.131,0.3364,0.14915,0.13815
1888,0.12,0.1361,0.1562,0.1424,0.1488,0.14255,0.13835,0.1385,0.1467,0.1564,0.12545,0.1577
1889,0.0705,0.1453,0.14325,0.13895,0.1362,0.1472,0.15285,0.16255,0.16055,0.17925,0.12755,0.149
1890,0.14815,0.14325,0.1511,0.14255,0.13985,0.16495,0.1358,0.147,0.1506,0.15155,0.1579,0.14955000000000002
1891,0.2628,0.1494,0.15045,0.2009,0.1456,0.14665,0.15165,0.13195,0.14275,0.15785,0.14235,0.15335000000000001
1892,0.0887,0.136,0.15885,0.12605,0.1387,0.1733,0.15135,0.1631,0.13815,0.12475,0.1324,0.15635000000000002
1893,0.1612,0.14305,0.13865,0.1243,0.1377,0.1492,0.14655,0.19775,0.15935,0.13085,0.14785,0.13325
1894,0.12385,0.1399,0.1611,0.1375,0.1333,0.13995,0.15185,0.14765,0.1508,0.15115,0.15235,0.1474
1895,0.227,0.15255,0.1736,0.15765,0.13225,0.1482,0.1539,0.15275,0.1371,0.1437,0.15155,0.14485
1896,0.12405,0.14435,0.14505,0.13685,0.14875,0.1619,0.14305,0.1301,0.156,0.126,0.1411,0.15605
1897,0.2069,0.1624,0.14995,0.1235,0.1364,0.16975,0.1199,0.1655,0.1406,0.1535,0.1506,0.15265
1898,0.0956,0.1731,0.1389,0.1461,0.15875,0.1445,0.13995,0.13705,0.14355,0.11965,0.14935,0.15080000000000002
1899,0.191,0.14105,0.1559,0.37115,0.14345,0.14645,0.11515,0.14895,0.1662,0.14075,0.1474,0.15030000000000002
1900,0.11155,0.1427,0.1492,0.15815,0.12675,0.15775,0.14365,0.14055,0.1341,0.1429,0.12925,0.14695
1901,0.15025,0.14535,0.1514,0.1202,0.1355,0.1378,0.13925,0.14875,0.1431,0.1266,0.1546,0.14755000000000001
1902,0.17235,0.13965,0.1463,0.13595,0.1321,0.14545,0.1303,0.14095,0.13525,0.13085,0.13695,0.15
1903,0.12995,0.14295,0.1469,0.14405,0.13045,0.14595,0.1514,0.13825,0.1412,0.14045,0.1652,0.14825000000000002
1904,0.14265,0.14845,0.13995,0.154,0.1353,0.14635,0.1266,0.14305,0.14925,0.1301,0.1574,0.1379
1905,0.1046,0.15075,0.14945,0.1334,0.14605,0.15455,0.15655,0.17415,0.15365,0.1258,0.1428,0.14565
1906,0.0983,0.15165,0.1717,0.133,0.14045,0.1408,0.13055,0.14965,0.1511,0.1296,0.14525,0.14805000000000001
1907,0.17915,0.1472,0.149,0.12455,0.14175,0.1404,0.1435,0.1399,0.1525,0.1246,0.15255,0.14705000000000001
1908,0.0832,0.1513,0.13765,0.1687,0.1492,0.14965,0.135,0.1384,0.15035,0.12605,0.132,0.14850000000000002
1909,0.12765,0.14035,0.1431,0.13805,0.1773,0.1639,0.21085,0.1495,0.14155,0.14525,0.1508,0.15760000000000002
1910,0.09635,0.14735,0.15295,0.1387,0.13615,0.13855,0.1482,0.18115,0.14715,0.154,0.14925,0.15360000000000001
1911,0.1502,0.1585,0.1396,0.1238,0.14195,0.14905,0.1272,0.1595,0.1633,0.15055,0.1319,0.15180000000000002
1912,0.111,0.17125,0.14115,0.139,0.13565,0.16555,0.1647,0.15325,0.14845,0.1428,0.15275,0.15005000000000002
1913,0.13455,0.15005,0.1544,0.14405,0.13325,0.14215,0.13,0.14275,0.13925,0.14335,0.15565,0.16045
1914,0.2065,0.1356,0.15675,0.1727,0.16525,0.13625,0.14455,0.7204,0.14195,0.1881,0.1573,0.1532
1915,0.13355,0.1438,0.1489,0.13525,0.1444,0.1461,0.1262,0.16,0.1395,0.1478,0.13935,0.1454
1916,0.1694,0.13875,0.1412,0.13005,0.16025,0.17885,0.1377,0.15015,0.14215,0.13725,0.16645,0.13920000000000002
1917,0.1558,0.13605,0.1535,0.15195,0.14995,0.16965,0.14435,0.14635,0.156,0.1619,0.1602,0.14175000000000001
1918,0.0932,0.14295,0.1491,0.14125,0.14155,0.13535,0.12945,0.1458,0.14375,0.25805,0.13295,0.13355
1919,0.1684,0.15105,0.17105,0.1647,0.16015,0.14185,0.1441,0.13735,0.1579,0.13415,0.1401,0.15015
1920,0.15515,0.16485,0.16665,0.12005,0.15285,0.14585,0.1358,0.16475,0.14275,0.1425,0.1586,0.13175
1921,0.08475,0.14735,0.13895,0.14865,0.1408,0.149,0.1486,0.1364,0.1466,0.15995,0.1667,0.16135000000000002
1922,0.49265,0.17115,0.14685,0.1182,0.1478,0.15135,0.14425,0.1345,0.15165,0.1307,0.1654,0.14250000000000002
1923,0.10795,0.1474,0.1463,0.1256,0.15225,0.143,0.1878,0.13885,0.1453,0.1361,0.14455,0.14450000000000002
1924,0.18995,0.147,0.1404,0.11205,0.1368,0.1473,0.1414,0.14445,0.1498,0.1475,0.1412,0.1574
1925,0.12645,0.13745,0.1588,0.1709,0.1521,0.1364,0.1382,0.14535,0.14815,0.12735,0.14485,0.1441
1926,0.14205,0.3979,0.1539,0.1275,0.1306,0.13165,0.1599,0.13535,0.14635,0.13805,0.1616,0.14295
1927,0.09225,0.14665,0.15625,0.1456,0.15285,0.1453,0.15235,0.13815,0.1501,0.2359,0.20955,0.15115
1928,0.2655,0.1391,0.15225,0.13645,0.15365,0.1441,0.13875,0.1353,0.13785,0.1751,0.1432,0.1451
1929,0.09825,0.151,0.11875,0.1588,0.1529,0.1453,0.1176,0.1696,0.1432,0.1553,0.14555,0.14750000000000002
1930,0.11415,0.14545,0.1642,0.20695,0.16425,0.141,0.1418,0.1429,0.13565,0.17595,0.14475,0.1479
1931,0.20835,0.14195,0.13575,0.1361,0.1331,0.1473,0.1455,0.14975,0.1542,0.14415,0.13405,0.1532
1932,0.18365,0.14715,0.1599,0.1569,0.1484,0.23385,0.1387,0.14175,0.15035,0.1395,0.1849,0.1555
1933,0.12305,0.14855,0.1518,0.1491,0.1369,0.1467,0.14715,0.14755,0.14755,0.2135,0.1474,0.14755000000000001
1934,0.22905,0.14155,0.1298,0.15065,0.13615,0.1384,0.13375,0.145,0.16005,0.13715,0.15925,0.1449
1935,0.1735,0.1527,0.1577,0.13985,0.1379,0.16595,0.12235,0.14995,0.1452,0.1485,0.1447,0.14825000000000002
1936,0.12025,0.15375,0.15695,0.1298,0.13395,0.15345,0.14765,0.1452,0.1577,0.13165,0.15135,0.14415
1937,0.2135,0.13095,0.14855,0.13415,0.14385,0.13355,0.13505,0.1488,0.14425,0.1526,0.1505,0.157
1938,0.10175,0.1519,0.1504,0.13085,0.13115,0.1446,0.13135,0.1389,0.14225,0.1577,0.13905,0.13770000000000002
1939,0.1247,0.1562,0.1462,0.1417,0.16025,0.1472,0.12825,0.14945,0.1457,0.14655,0.1699,0.14795
1940,0.09785,0.13555,0.1326,0.1426,0.13855,0.1347,0.14685,0.15405,0.15545,0.1477,0.1575,0.1403
1941,0.16485,0.1462,0.21615,0.12505,0.15465,0.1389,0.1318,0.1675,0.14975,0.1842,0.16615,0.1462
1942,0.0941,0.1439,0.15615,0.13305,0.1399,0.14065,0.1426,0.13795,0.13435,0.1343,0.1506,0.1517
1943,0.18325,0.1431,0.15425,0.1137,0.14475,0.14955,0.1553,0.13615,0.142,0.1775,0.1545,0.1484
1944,0.06665,0.15895,0.1364,0.12135,0.14115,0.1449,0.14155,0.1471,0.1418,0.14795,0.1328,0.14935
1945,0.12755,0.1568,0.1521,0.13435,0.1482,0.12765,0.1411,0.14625,0.14145,0.1496,0.1543,0.14825000000000002
1946,0.2123,0.13095,0.16555,0.1204,0.15395,0.14235,0.1272,0.1418,0.14255,0.157,0.15985,0.13925
1947,0.1874,0.1396,0.15315,0.1389,0.13035,0.1383,0.1497,0.145,0.13505,0.153,0.1296,0.1449
1948,0.10955,0.1372,0.14755,0.18495,0.1961,0.14675,0.1413,0.18975,0.15855,0.11585,0.133,0.14600000000000002
1949,0.15025,0.1425,0.13455,0.1419,0.146,0.13465,0.1536,0.1532,0.15055,0.1579,0.1539,0.14905000000000002
1950,0.0989,0.1777,0.15015,0.1864,0.1471,0.1505,0.1273,0.13895,0.14315,0.14705,0.15055,0.14700000000000002
1951,0.15015,0.1561,0.1337,0.1379,0.13945,0.1456,0.1833,0.1371,0.1531,0.1336,0.192,0.1443
1952,0.1877,0.15945,0.13775,0.16425,0.13785,0.1315,0.2827,0.13435,0.1587,0.14435,0.13515,0.1469
1953,0.0873,0.1367,0.14705,0.131,0.15645,0.1367,0.13295,0.16115,0.14545,0.13095,0.1469,0.15165
1954,0.168,0.15415,0.15985,0.15265,0.1353,0.15265,0.1643,0.1664,0.13775,0.156,0.14265,0.1444
1955,0.17225,0.1416,0.1592,0.1474,0.14675,0.1459,0.14665,0.12605,0.1561,0.1471,0.14005,0.15525
1956,0.16165,0.1684,0.13685,0.1695,0.1293,0.15415,0.1433,0.14045,0.15365,0.145,0.14285,0.14515
1957,0.10585,0.14035,0.1511,0.13695,0.15395,0.1468,0.28915,0.13885,0.13625,0.1404,0.12545,0.13365000000000002
1958,0.15215,0.14235,0.1372,0.217,0.14935,0.1553,0.17135,0.15545,0.13725,0.14365,0.14285,0.14425000000000002
1959,0.1739,0.1574,0.1541,0.17865,0.13815,0.1343,0.1429,0.14155,0.1572,0.13975,0.1306,0.1436
1960,0.1589,0.1628,0.1536,0.1341,0.15385,0.14235,0.1463,0.15085,0.13905,0.15475,0.1519,0.1476
1961,0.89,0.1361,0.15475,0.18185,0.1307,0.1486,0.1232,0.132,0.15415,0.14765,0.1491,0.1492
1962,0.269,0.14365,0.15325,0.12745,0.1475,0.1449,0.1294,0.1304,0.1382,0.12545,0.14995,0.15745
1963,0.753,0.1429,0.14415,0.1502,0.1456,0.1525,0.153,0.15315,0.1426,0.14575,0.14815,0.15280000000000002
1964,0.1324,0.15455,0.1263,0.14255,0.1424,0.13605,0.15955,0.15415,0.1427,0.1446,0.15145,0.15495
1965,0.29155,0.20165,0.13935,0.14725,0.1259,0.16455,0.139,0.14195,0.15005,0.1315,0.1432,0.15665
1966,0.0985,0.1375,0.15545,0.12475,0.1462,0.1494,0.12745,0.14085,0.1345,0.13805,0.16525,0.14835
1967,0.10755,0.14365,0.14025,0.10905,0.13885,0.1504,0.15865,0.10955,0.15135,0.1808,0.13575,0.14650000000000002
1968,0.27575,0.13525,0.13905,0.1384,0.14015,0.15945,0.181,0.1378,0.12985,0.2953,0.1398,0.13935
1969,0.1048,0.1407,0.14215,0.13695,0.14205,0.13685,0.14225,0.40545,0.149,0.12435,0.1432,0.1441
1970,0.4194,0.15965,0.1498,0.153,0.1486,0.1495,0.1464,0.14605,0.1479,0.1473,0.13995,0.1476
1971,0.1835,0.16075,0.1295,0.1299,0.1194,0.1488,0.13835,0.14505,0.16125,0.19585,0.1673,0.1429
1972,0.11095,0.15805,0.1637,0.1421,0.1579,0.14135,0.1209,0.13355,0.13925,0.1554,0.14455,0.14825000000000002
1973,0.12605,0.163,0.1376,0.15055,0.1552,0.14145,0.1354,0.14705,0.1484,0.15795,0.1544,0.1444
1974,0.18975,0.144,0.15335,0.14315,0.1444,0.1479,0.1742,0.13675,0.16195,0.17455,0.1396,0.1471
1975,0.1527,0.14095,0.1483,0.16605,0.1415,0.14585,0.23395,0.13705,0.1486,0.13725,0.1316,0.14555
1976,0.21075,0.18205,0.1378,0.1238,0.25365,0.15735,0.14445,0.1378,0.1373,0.12245,0.14195,0.15435000000000001
1977,0.1558,0.16595,0.1555,0.1268,0.1294,0.13715,0.13335,0.1515,0.1404,0.1497,0.15455,0.14675000000000002
1978,0.11495,0.17215,0.152,0.11895,0.1916,0.1409,0.14705,0.1411,0.14335,0.14285,0.14265,0.15265
1979,0.12805,0.15255,0.1428,0.1487,0.1308,0.14745,0.17145,0.14055,0.13795,0.15695,0.19305,0.1468
1980,0.20755,0.143,0.1465,0.17065,0.1538,0.1385,0.1399,0.14655,0.1383,0.227,0.14885,0.1496
1981,0.3344,0.1687,0.14315,0.14805,0.1605,0.1676,0.1301,0.14,0.1479,0.12385,0.1417,0.14350000000000002
1982,0.14355,0.1617,0.14765,0.1337,0.1538,0.1464,0.1407,0.15285,0.1442,0.1225,0.1485,0.15155000000000002
1983,0.1714,0.1419,0.1563,0.18725,0.1508,0.1447,0.13145,0.1662,0.14495,0.17865,0.1642,0.15
1984,0.12425,0.13355,0.1464,0.1422,0.1416,0.14455,0.1362,0.1405,0.13885,0.14275,0.1313,0.13685
1985,0.0,0.1473,0.1473,0.12715,0.15625,0.1415,0.14395,0.16545,0.1415,0.1367,0.15435,0.15535000000000002
1986,0.085,0.1374,0.1462,0.15455,0.14445,0.13765,0.1403,0.15165,0.1448,0.12695,0.1423,0.1491
1987,0.1535,0.15525,0.14005,0.1318,0.15145,0.18305,0.14805,0.1671,0.15615,0.121,0.1498,0.1441
1988,0.1573,0.1438,0.15225,0.12885,0.1415,0.13895,0.14135,0.15895,0.14965,0.14085,0.1435,0.14975
1989,0.09205,0.16815,0.1529,0.13685,0.146,0.145,0.1121,0.1552,0.15675,0.12895,0.1349,0.1646
1990,0.102,0.1624,0.1403,0.1237,0.1366,0.13735,0.18025,0.1511,0.14265,0.1322,0.15475,0.1434
1991,0.1897,0.1296,0.1824,0.16035,0.13015,0.15465,0.1593,0.1609,0.1422,0.1504,0.1471,0.15195
1992,0.1074,0.127,0.153,0.1378,0.16415,0.14175,0.121,0.14115,0.1486,0.13305,0.1515,0.1479
1993,0.21205,0.14735,0.14685,0.1635,0.15315,0.1502,0.1289,0.1428,0.15345,0.13305,0.1628,0.1477
1994,0.09575,0.14015,0.14105,0.1645,0.1372,0.15995,0.1688,0.1385,0.1442,0.13425,0.14275,0.14365
1995,0.1193,0.14965,0.1446,0.1501,0.12125,0.15465,0.1561,0.13355,0.1416,0.13955,0.1467,0.14150000000000001
1996,0.1598,0.14575,0.12825,0.1305,0.16215,0.14865,0.1348,0.14065,0.1819,0.1547,0.15815,0.155
1997,0.1972,0.1287,0.1527,0.11885,0.1547,0.13595,0.15195,0.1362,0.1574,0.09765,0.1488,0.1381
1998,0.06045,0.15655,0.14185,0.13355,0.1397,0.1424,0.12845,0.14565,0.14795,0.14305,0.1597,0.1421
1999,0.15055,0.1407,0.15075,0.13625,0.1545,0.1341,0.15165,0.15795,0.1515,0.18275,0.1424,0.1461
