chain_id,iid,ula,uhmc_5,uhmc_10,uhmc_random,hmc_5,hmc_10,hmc_random,nuts
0,0.1477,0.11575,0.1411,0.1425,0.13095,0.12895,0.1402,0.1405,0.15085
1,0.14775,0.09985,0.1329,0.13395,0.1288,0.14395,0.1358,0.19775,0.1375
2,0.14865,0.1615,0.1619,0.1511,0.1349,0.13735,0.1361,0.12165,0.14385
3,0.1496,0.10225,0.1423,0.1313,0.13735,0.1134,0.13585,0.1416,0.13715
4,0.1481,0.1549,0.1508,0.14335,0.14875,0.146,0.15075,0.1449,0.1413
5,0.1465,0.09295,0.18035,0.15385,0.14925,0.1391,0.1511,0.13725,0.1426
6,0.14455,0.10515,0.1375,0.14845,0.14715,0.1527,0.13755,0.1736,0.15705
7,0.15115,0.13005,0.15345,0.16685,0.152,0.16005,0.1336,0.1428,0.1402
8,0.14605,0.1769,0.12725,0.13915,0.1496,0.1375,0.13495,0.13925,0.1427
9,0.1496,0.45755,0.1232,0.1644,0.1594,0.1293,0.15125,0.1467,0.1505
10,0.15045,0.1587,0.1304,0.1535,0.1414,0.13455,0.14405,0.13105,0.15005
11,0.1513,0.14135,0.1369,0.1453,0.14685,0.14015,0.1406,0.1265,0.1398
12,0.1495,0.10995,0.12905,0.15065,0.14835,0.1379,0.13715,0.1485,0.148
13,0.1525,0.14435,0.1304,0.13935,0.15925,0.13565,0.15495,0.14925,0.14595
14,0.1482,0.18325,0.1598,0.1457,0.1494,0.12975,0.1282,0.1382,0.1645
15,0.14745,0.32335,0.2216,0.1418,0.134,0.16215,0.13495,0.13325,0.1441
16,0.1476,0.15625,0.1348,0.1522,0.15175,0.15195,0.14025,0.1707,0.1461
17,0.1476,0.19175,0.12965,0.1432,0.14015,0.15555,0.1347,0.15485,0.1575
18,0.14845,0.11045,0.16075,0.1522,0.1367,0.1744,0.13845,0.1437,0.13855
19,0.1428,0.25515,0.13855,0.14225,0.15575,0.2484,0.1367,0.1241,0.1421
20,0.14995,0.14005,0.15285,0.147,0.14755,0.15875,0.14,0.0242,0.1374
21,0.1479,0.09135,0.133,0.1648,0.1814,0.12975,0.1422,0.1396,0.14505
22,0.1449,0.10955,0.15555,0.1395,0.1681,0.1658,0.13895,0.1461,0.1491
23,0.1482,0.29075,0.1224,0.13665,0.14425,0.157,0.1468,0.15025,0.13475
24,0.14815,0.96815,0.1511,0.1424,0.14075,0.12385,0.1236,0.11855,0.1505
25,0.14835,0.19365,0.15815,0.1448,0.28975,0.15305,0.16265,0.1439,0.15295
26,0.1506,0.13965,0.1512,0.25945,0.15605,0.1327,0.1542,0.1517,0.1471
27,0.14725,0.13835,0.1637,0.13045,0.1617,0.18345,0.14595,0.1319,0.1395
28,0.14325,0.1263,0.16785,0.14625,0.1527,0.1297,0.14455,0.12565,0.14145
29,0.1444,0.1393,0.692,0.17425,0.14055,0.1372,0.14025,0.1443,0.1464
30,0.14495,0.15545,0.2258,0.1364,0.18595,0.1501,0.1563,0.1553,0.13865
31,0.1462,0.0707,0.14135,0.1476,0.15785,0.1328,0.1432,0.15645,0.1471
32,0.1498,0.19885,0.13725,0.1554,0.16075,0.17875,0.14485,0.15055,0.1506
33,0.14725,0.08165,0.14865,0.1399,0.15075,0.1704,0.12625,0.1276,0.14445
34,0.14805,0.07825,0.15295,0.15,0.3445,0.13175,0.22095,0.24685,0.14315
35,0.1524,0.1419,0.14615,0.1504,0.13945,0.1468,0.13675,0.1262,0.1416
36,0.1453,0.4531,0.1347,0.14545,0.13925,0.1328,0.14315,0.128,0.14905
37,0.14395,0.1437,0.156,0.1585,0.1342,0.14565,0.1255,0.1531,0.14995
38,0.15035,0.14295,0.1307,0.16305,0.1878,0.1276,0.15865,0.1277,0.15415
39,0.1434,0.25,0.15305,0.1473,0.13325,0.16815,0.13535,0.17835,0.15095
40,0.14905,0.1362,0.1734,0.14895,0.14985,0.1633,0.1446,0.1559,0.14045
41,0.1544,0.1563,0.14855,0.2136,0.1563,0.1384,0.1517,0.1249,0.1368
42,0.14705,0.0932,0.164,0.1573,0.1592,0.14605,0.1307,0.1472,0.1455
43,0.14825,0.11285,0.12635,0.1649,0.13315,0.4211,0.13535,0.1207,0.15195
44,0.14745,0.10985,0.1475,0.15325,0.1335,0.13545,0.13725,0.13235,0.1523
45,0.1506,0.10165,0.12715,0.1513,0.12395,0.1393,0.15025,0.14955,0.1609
46,0.14735,0.13885,0.1488,0.14685,0.1343,0.1324,0.13135,0.13685,0.1434
47,0.14895,0.33335,0.13155,0.1984,0.12835,0.1402,0.13955,0.13965,0.15205
48,0.1468,0.10095,0.142,0.1816,0.14815,0.14525,0.16165,0.13505,0.1498
49,0.1511,0.1927,0.1903,0.1501,0.161,0.14585,0.15175,0.15185,0.14805
50,0.148,0.22105,0.1616,0.14665,0.14175,0.1517,0.1563,0.1461,0.1456
51,0.14605,0.087,0.1473,0.16215,0.1621,0.1411,0.13725,0.1384,0.16095
52,0.14555,0.3386,0.13935,0.1297,0.17725,0.13175,0.15775,0.1276,0.14655
53,0.14605,0.1858,0.12545,0.1671,0.14865,0.13535,0.14285,0.14175,0.1496
54,0.14465,0.11945,0.14025,0.15895,0.12585,0.1366,0.1314,0.14505,0.14945
55,0.14895,0.08165,0.12855,0.12415,0.1644,0.12755,0.13705,0.1204,0.1472
56,0.15075,0.18175,0.14145,0.1468,0.1759,0.1197,0.1397,0.1614,0.1529
57,0.14955,0.20335,0.1325,0.1331,0.1356,0.1466,0.1456,0.1242,0.1397
58,0.15155,0.09805,0.13845,0.144,0.1767,0.1597,0.1382,0.15885,0.13425
59,0.1527,0.19475,0.7342,0.14695,0.14515,0.15,0.1368,0.1328,0.15805
60,0.1488,0.1887,0.19875,0.1462,0.1498,0.1198,0.14205,0.132,0.1491
61,0.1502,0.1863,0.14055,0.15945,0.16075,0.2005,0.1394,0.1403,0.1452
62,0.1466,0.13055,0.1224,0.13975,0.14355,0.1447,0.18045,0.1342,0.14515
63,0.14965,0.1932,0.1288,0.1481,0.21955,0.1463,0.14205,0.18045,0.1379
64,0.14435,0.1318,0.1297,0.1387,0.13635,0.14365,0.16,0.12825,0.1472
65,0.1477,0.12135,0.14985,0.1498,0.14185,0.1281,0.1517,0.11985,0.1541
66,0.14865,0.05315,0.1499,0.14675,0.1574,0.13005,0.17325,0.1448,0.1421
67,0.1458,0.0985,0.15115,0.1369,0.1414,0.12555,0.1483,0.138,0.1428
68,0.14495,0.1202,0.1666,0.14815,0.15195,0.13405,0.1402,0.13235,0.1385
69,0.148,0.06955,0.15205,0.1365,0.18265,0.13,0.1351,0.13335,0.14945
70,0.14965,0.1129,0.13215,0.15305,0.1429,0.1307,0.14815,0.1641,0.14455
71,0.146,0.12125,0.1467,0.13835,0.12705,0.1291,0.14555,0.13125,0.1427
72,0.1481,0.13965,0.12775,0.1667,0.1447,0.12885,0.1394,0.14375,0.15675
73,0.14165,0.10785,0.15235,0.1384,0.13515,0.1347,0.1473,0.13575,0.15035
74,0.1488,0.09775,0.13875,0.16425,0.12615,0.1298,0.17005,0.13795,0.14435
75,0.1506,0.0922,0.14845,0.1592,0.15535,0.12905,0.1247,0.1388,0.1444
76,0.14365,0.1322,0.12795,0.1547,0.1484,0.1787,0.21865,0.15375,0.143
77,0.1459,0.1081,0.11185,0.13995,0.14585,0.13255,0.1393,0.1719,0.13565
78,0.15065,0.09375,0.1625,0.1349,0.119,0.133,0.13855,0.17325,0.1429
79,0.147,0.09255,0.13875,0.1371,0.1518,0.12775,0.1354,0.15145,0.1401
80,0.148,0.6363,0.16955,0.15395,0.15765,0.12785,0.1504,0.13395,0.1579
81,0.14675,0.15615,0.1357,0.1567,0.1456,0.1613,0.14165,0.1329,0.1512
82,0.1476,0.18665,0.1217,0.14095,0.1377,0.18375,0.1356,0.14575,0.1531
83,0.14715,0.47065,0.132,0.13015,0.1206,0.2694,0.13645,0.136,0.1432
84,0.1482,0.2017,0.1528,0.14865,0.1415,0.146,0.1372,0.191,0.1474
85,0.14725,0.9062,0.15525,0.1363,0.14055,0.1294,0.1426,0.14515,0.153
86,0.14875,0.1693,0.1288,0.14345,0.1497,0.18405,0.1216,0.1515,0.1494
87,0.14705,0.215,0.1325,0.13485,0.1499,0.1428,0.14975,0.1293,0.15065
88,0.1504,0.17925,0.14615,0.13565,0.1456,0.14735,0.14375,0.1482,0.1433
89,0.1478,0.15305,0.16965,0.15755,0.1234,0.1428,0.14675,0.15465,0.1545
90,0.14765,0.13065,0.16265,0.15845,0.14515,0.1519,0.14605,0.16945,0.1408
91,0.1373,0.13415,0.13505,0.17705,0.14295,0.14975,0.13465,0.1394,0.13775
92,0.14225,0.1197,0.1444,0.1488,0.12675,0.10735,0.1323,0.14215,0.15015
93,0.1453,0.2727,0.1403,0.1658,0.1439,0.14545,0.1768,0.1343,0.1531
94,0.1467,0.1101,0.1747,0.1364,0.1309,0.1328,0.13795,0.1349,0.14435
95,0.1483,0.0929,0.1524,0.14595,0.15895,0.1438,0.14695,0.1478,0.1459
96,0.14395,0.127,0.12965,0.1402,0.1423,0.14605,0.14815,0.189,0.1467
97,0.1454,0.0973,0.1594,0.14115,0.13945,0.1403,0.15605,0.13285,0.15885
98,0.1484,0.0771,0.13705,0.15445,0.2255,0.1258,0.15175,0.13905,0.14605
99,0.14705,0.15585,0.1336,0.14675,0.125,0.12405,0.17225,0.14785,0.1606
100,0.1469,0.12915,0.1372,0.1325,0.1393,0.1597,0.1503,0.1571,0.12545
101,0.14855,0.2082,0.1348,0.14965,0.1443,0.14745,0.17285,0.14395,0.1458
102,0.14355,0.09215,0.14745,0.23215,0.1482,0.15255,0.14995,0.1504,0.16405
103,0.14405,0.0613,0.1533,0.13355,0.13405,0.13615,0.1485,0.1429,0.1398
104,0.14385,0.1295,0.1562,0.13145,0.14165,0.13115,0.1549,0.1515,0.1406
105,0.14545,0.1454,0.17315,0.13315,0.1362,0.13495,0.13795,0.1246,0.1368
106,0.151,0.14095,0.14995,0.148,0.1403,0.1453,0.15615,0.11965,0.1538
107,0.15105,0.1178,0.1434,0.1289,0.14605,0.13335,0.1388,0.1423,0.1467
108,0.1466,0.1695,0.19035,0.19135,0.15185,0.1574,0.14365,0.1386,0.13935
109,0.1481,0.2247,0.13155,0.1785,0.1244,0.1529,0.1408,0.13825,0.1424
110,0.1459,0.1285,0.12845,0.16235,0.13985,0.14115,0.15705,0.1294,0.15085
111,0.148,0.12735,0.15015,0.15635,0.18855,0.12205,0.1745,0.12415,0.1481
112,0.14825,0.09235,0.1835,0.1739,0.159,0.13665,0.14555,0.1387,0.1488
113,0.1447,0.15625,0.1372,0.1555,0.14945,0.13365,0.13985,0.1484,0.1435
114,0.1457,0.1077,0.12885,0.1471,0.13295,0.1472,0.1417,0.1276,0.14315
115,0.15145,0.1114,0.1124,0.12925,0.1278,0.14505,0.1248,0.1593,0.13485
116,0.1442,0.207,0.13005,0.15745,0.15095,0.14985,0.1613,0.15445,0.1516
117,0.1503,0.20915,0.17515,0.1374,0.14945,0.11615,0.14405,0.1521,0.14715
118,0.14935,0.1482,0.123,0.153,0.1329,0.14155,0.1338,0.13975,0.157
119,0.148,0.15025,0.13625,0.1358,0.12635,0.13485,0.1373,0.13605,0.13745
120,0.1493,0.13085,0.1559,0.14655,0.1702,0.1305,0.17485,0.1402,0.16285
121,0.14515,0.42025,0.1496,0.1411,0.14985,0.12875,0.15625,0.1271,0.15915
122,0.14495,0.09875,0.1196,0.13005,0.1466,0.13065,0.12835,0.1327,0.1343
123,0.1491,0.1009,0.1431,0.1546,0.2359,0.1516,0.15055,0.16065,0.1603
124,0.1507,0.0875,0.1385,0.16805,0.13655,0.1546,0.13755,0.15505,0.1383
125,0.15095,0.25625,0.1449,0.15175,0.1526,0.1464,0.14135,0.2404,0.1507
126,0.14515,0.1312,0.13695,0.1495,0.1459,0.11465,0.1926,0.14765,0.1407
127,0.1487,0.1,0.1107,0.1345,0.13235,0.12985,0.15805,0.1558,0.14205
128,0.149,0.1315,0.1318,0.1358,0.20625,0.1262,0.1471,0.14315,0.14975
129,0.14975,0.0893,0.1509,0.15735,0.1316,0.1981,0.13645,0.1357,0.1409
130,0.14845,0.0986,0.13575,0.1376,0.15255,0.12235,0.1492,0.1689,0.13255
131,0.14705,0.31695,0.127,0.1671,0.12825,0.12805,0.13825,0.1605,0.16045
132,0.14875,0.18035,0.14955,0.19435,0.1393,0.14025,0.13375,0.13565,0.15555
133,0.1502,0.66245,0.14555,0.15695,0.1471,0.1409,0.1704,0.1555,0.1576
134,0.15115,0.1191,0.1998,0.14205,0.1418,0.12985,0.14645,0.1324,0.146
135,0.14825,0.11995,0.13055,0.153,0.13455,0.1429,0.13925,0.14945,0.14365
136,0.149,0.1191,0.13455,0.14425,0.14045,0.1497,0.15965,0.0847,0.13685
137,0.14695,0.1237,0.13295,0.14215,0.14795,0.11905,0.14965,0.16515,0.1453
138,0.15075,0.16325,0.15295,0.1421,0.15365,0.1695,0.1414,0.14685,0.1325
139,0.14645,0.189,0.1522,0.1659,0.14295,0.1332,0.15055,0.13415,0.14865
140,0.15045,0.102,0.12735,0.16245,0.1291,0.1541,0.1323,0.1268,0.13545
141,0.147,0.1359,0.1391,0.16655,0.1462,0.1344,0.1989,0.1479,0.15045
142,0.1471,0.1085,0.1357,0.13055,0.1522,0.1348,0.1454,0.11735,0.15505
143,0.1495,0.3443,0.16325,0.1401,0.12505,0.1374,0.1303,0.1362,0.1363
144,0.1466,0.1402,0.12715,0.1489,0.1912,0.1419,0.14105,0.15345,0.1502
145,0.1465,0.12285,0.1554,0.14715,0.1452,0.14185,0.1471,0.1259,0.15115
146,0.14765,0.11625,0.1347,0.1725,0.1582,0.1189,0.1502,0.1466,0.15325
147,0.14615,0.11585,0.14935,0.1559,0.1653,0.14355,0.1308,0.1406,0.14025
148,0.1488,0.11455,0.12455,0.1648,0.15525,0.126,0.13365,0.1271,0.16065
149,0.15115,0.1603,0.14545,0.1677,0.137,0.12735,0.1332,0.14795,0.1459
150,0.14785,0.23595,0.09765,0.1656,0.15465,0.14205,0.1365,0.1595,0.1505
151,0.14395,0.0883,0.13405,0.1619,0.14645,0.13465,0.1443,0.12995,0.1526
152,0.1481,0.09435,0.1248,0.14905,0.18975,0.1618,0.1327,0.1472,0.1506
153,0.14485,0.15165,0.1388,0.15505,0.14305,0.1503,0.1522,0.15545,0.1497
154,0.1485,0.1161,0.1635,0.13215,0.1404,0.13725,0.16195,0.1444,0.1557
155,0.14725,0.06195,0.15545,0.151,0.13735,0.16525,0.16705,0.14415,0.1409
156,0.14465,0.1337,0.12865,0.1515,0.17575,0.13485,0.1444,0.16975,0.1413
157,0.1472,0.15175,0.14285,0.1211,0.1422,0.1437,0.1348,0.14765,0.149
158,0.14675,0.08795,0.15905,0.18065,0.15825,0.13475,0.2139,0.1305,0.14885
159,0.1493,0.1296,0.141,0.13065,0.1591,0.15085,0.1394,0.14475,0.1481
160,0.15325,0.11115,0.13085,0.1534,0.15525,0.1469,0.1566,0.185,0.15265
161,0.1459,0.11645,0.15195,0.13755,0.15275,0.15395,0.16585,0.13885,0.153
162,0.15665,0.1664,0.22215,0.16085,0.1268,0.12865,0.1447,0.1394,0.1453
163,0.1509,0.2257,0.1542,0.14945,0.14095,0.121,0.1439,0.17155,0.1379
164,0.14825,0.07915,0.1469,0.15535,0.1464,0.1515,0.14455,0.12515,0.15915
165,0.1434,0.12085,0.16215,0.15175,0.147,0.126,0.15725,0.1539,0.14725
166,0.1446,0.1964,0.16435,0.14755,0.1471,0.1224,0.17535,0.15755,0.1731
167,0.14985,0.14205,0.1382,0.18605,0.1387,0.14155,0.1476,0.1364,0.1448
168,0.14435,0.16285,0.1479,0.1409,0.13785,0.12455,0.145,0.1302,0.1322
169,0.1492,0.0728,0.14255,0.16,0.14555,0.1398,0.1368,0.13185,0.1421
170,0.14705,0.10005,0.1484,0.1594,0.13465,0.1512,0.154,0.2619,0.14775
171,0.1485,0.0725,0.1445,0.15095,0.15605,0.1658,0.14155,0.14295,0.15365
172,0.1517,0.0965,0.1528,0.1408,0.14495,0.12485,0.14005,0.12725,0.1421
173,0.1499,0.1364,0.1574,0.14725,0.14115,0.1421,0.1507,0.14025,0.1523
174,0.1503,0.18565,0.1522,0.15345,0.1344,0.1346,0.1424,0.1359,0.1315
175,0.1456,0.11135,0.1436,0.14745,0.1378,0.1504,0.14305,0.13815,0.1508
176,0.1486,0.11865,0.17095,0.14035,0.15755,0.14875,0.14795,0.20925,0.14465
177,0.1473,0.36645,0.14665,0.14405,0.1568,0.1116,0.1347,0.13945,0.1396
178,0.146,0.1874,0.1201,0.1608,0.13705,0.1839,0.14155,0.1551,0.1507
179,0.146,0.0703,0.148,0.12985,0.1705,0.15955,0.1441,0.11975,0.13735
180,0.15485,0.2464,0.12125,0.16375,0.1515,0.1361,0.136,0.12825,0.1616
181,0.1476,0.1064,0.1314,0.16525,0.1447,0.1398,0.13845,0.13685,0.15275
182,0.1498,0.1496,0.14105,0.14345,0.15165,0.13605,0.1392,0.1472,0.14665
183,0.1478,0.13325,0.128,0.14805,0.14065,0.132,0.13595,0.11895,0.16115
184,0.14435,0.09745,0.132,0.16725,0.15065,0.1769,0.1482,0.12235,0.14355
185,0.14435,0.1837,0.1542,0.1319,0.1347,0.17965,0.1311,0.133,0.16405
186,0.1512,0.10635,0.13135,0.12675,0.15995,0.13085,0.1359,0.142,0.1427
187,0.1507,0.12765,0.13355,0.1425,0.14425,0.15575,0.1346,0.1372,0.13955
188,0.146,0.18045,0.1138,0.15485,0.1866,0.0409,0.13265,0.16215,0.168
189,0.1476,0.1537,0.15145,0.1352,0.1303,0.1592,0.13625,0.1158,0.1426
190,0.15135,0.12415,0.14025,0.14,0.1407,0.13685,0.1467,0.14295,0.14155
191,0.1504,0.1394,0.15755,0.16505,0.1324,0.1431,0.1594,0.14785,0.1505
192,0.14545,0.3531,0.2965,0.14835,0.15995,0.1217,0.1491,0.16105,0.14955
193,0.14355,0.16745,0.13125,0.1611,0.16055,0.13125,0.1507,0.1411,0.14775
194,0.147,0.192,0.14555,0.1452,0.14665,0.1368,0.1273,0.13035,0.14005
195,0.1486,0.16925,0.15665,0.1703,0.13085,0.1384,0.14005,0.33595,0.1461
196,0.1475,0.11095,0.14085,0.1509,0.13895,0.1178,0.13995,0.1456,0.14555
197,0.1485,0.0656,0.1356,0.14845,0.1402,0.1514,0.14015,0.16825,0.1591
198,0.14525,0.157,0.18955,0.136,0.13235,0.13095,0.14145,0.1432,0.1424
199,0.1443,0.1504,0.1419,0.14895,0.13705,0.13865,0.1333,0.12535,0.1389
200,0.1449,0.93565,0.15425,0.16535,0.13335,0.1345,0.14815,0.17915,0.1485
201,0.14575,0.0999,0.16305,0.14,0.1489,0.13925,0.17405,0.14485,0.1422
202,0.1489,0.04535,0.11905,0.1595,0.14075,0.10615,0.1319,0.12315,0.15745
203,0.1485,0.1022,0.1408,0.12805,0.1391,0.13745,0.1486,0.14875,0.14805
204,0.15055,0.373,0.1244,0.15485,0.1533,0.13835,0.1484,0.12575,0.15955
205,0.1501,0.13505,0.14285,0.15105,0.149,0.1351,0.1451,0.22495,0.1438
206,0.148,0.12465,0.16355,0.138,0.13345,0.14685,0.16535,0.1607,0.15075
207,0.147,0.1019,0.1526,0.1489,0.15075,0.13655,0.1537,0.1757,0.14755
208,0.148,0.10405,0.19125,0.13835,0.1405,0.1379,0.14025,0.1517,0.1357
209,0.1472,0.14955,0.12695,0.1452,0.1421,0.142,0.1411,0.12695,0.14525
210,0.1489,0.12215,0.1498,0.1533,0.13465,0.12605,0.1384,0.13935,0.1508
211,0.15,0.14455,0.1522,0.16095,0.16055,0.12525,0.1351,0.17455,0.1424
212,0.14575,0.19695,0.13155,0.14095,0.1725,0.12525,0.1479,0.13005,0.1412
213,0.1462,0.07845,0.1636,0.13865,0.1381,0.1737,0.13835,0.14575,0.13725
214,0.1527,0.23625,0.14155,0.1542,0.1401,0.15895,0.1357,0.12455,0.15115
215,0.14745,0.1088,0.14715,0.1409,0.14075,0.15725,0.15635,0.15165,0.15775
216,0.14585,0.2321,0.15605,0.14565,0.1432,0.1264,0.1334,0.138,0.14825
217,0.14795,0.13815,0.1503,0.1449,0.1296,0.1743,0.1484,0.1347,0.13995
218,0.1452,0.1353,0.11905,0.14655,0.16705,0.13915,0.15155,0.2457,0.1486
219,0.1532,0.14485,0.1219,0.13485,0.1157,0.1429,0.1607,0.13335,0.1514
220,0.14585,0.1869,0.1723,0.1794,0.1511,0.11975,0.1337,0.146,0.1433
221,0.14955,0.13515,0.1566,0.15705,0.14255,0.1309,0.1348,0.14255,0.13825
222,0.1465,0.4788,0.1562,0.19105,0.1734,0.15275,0.15075,0.15625,0.1523
223,0.1478,0.2839,0.16085,0.1298,0.12335,0.1387,0.1731,0.1442,0.14575
224,0.148,0.15805,0.1349,0.14285,0.16835,0.1896,0.1316,0.1433,0.14705
225,0.145,0.13435,0.1566,0.1388,0.1408,0.1528,0.13635,0.1397,0.1527
226,0.1479,0.18695,0.16545,0.15015,0.11005,0.15575,0.14235,0.13025,0.1392
227,0.14815,0.21945,0.129,0.1667,0.1183,0.13685,0.15045,0.1399,0.1459
228,0.1482,0.11775,0.1379,0.15845,0.12585,0.14235,0.13585,0.1386,0.15435
229,0.14955,0.112,0.1223,0.14355,0.1844,0.1375,0.13895,0.1374,0.1562
230,0.1484,0.1709,0.177,0.1635,0.15495,0.10705,0.14685,0.15045,0.13845
231,0.1482,0.05155,0.1367,0.13715,0.1405,0.1326,0.1427,0.12915,0.1523
232,0.15155,0.1341,0.1719,0.14605,0.12385,0.1249,0.2186,0.14175,0.1384
233,0.14835,0.08905,0.12235,0.1447,0.13825,0.1494,0.1365,0.15025,0.1525
234,0.14905,0.1623,0.1875,0.1415,0.133,0.1361,0.1321,0.11485,0.14475
235,0.1482,0.1477,0.1305,0.1354,0.13335,0.13845,0.14675,0.12805,0.14675
236,0.15235,0.09925,0.1315,0.13435,0.14605,0.1441,0.1358,0.1311,0.1428
237,0.15,0.09815,0.1977,0.1508,0.1349,0.1638,0.1453,0.1325,0.1525
238,0.14215,0.16755,0.19805,0.14235,0.1239,0.14685,0.14475,0.12405,0.148
239,0.1466,0.12435,0.14925,0.1346,0.16245,0.1475,0.14235,0.1398,0.15
240,0.14975,0.0924,0.1296,0.16085,0.16685,0.137,0.1426,0.1356,0.13595
241,0.14815,0.2065,0.11705,0.15115,0.1382,0.1367,0.1358,0.12735,0.1422
242,0.1509,0.1204,0.1308,0.14755,0.12035,0.1908,0.13955,0.13545,0.15055
243,0.1486,0.06785,0.1729,0.1382,0.1445,0.13475,0.13865,0.1662,0.16045
244,0.14955,0.2397,0.13965,0.14825,0.14815,0.18615,0.1461,0.13285,0.13925
245,0.1505,0.13875,0.12935,0.18925,0.1311,0.1534,0.1467,0.12405,0.14905
246,0.1455,0.10015,0.16035,0.16185,0.1768,0.41325,0.1354,0.14285,0.1483
247,0.14585,0.1026,0.15875,0.1538,0.1461,0.1522,0.1401,0.1338,0.1256
248,0.1467,0.1053,0.1464,0.1562,0.1502,0.1412,0.14275,0.12775,0.1482
249,0.14285,0.13955,0.1216,0.1465,0.1584,0.1408,0.1442,0.14545,0.15095
250,0.1426,0.13565,0.12975,0.1459,0.1349,0.15205,0.13935,0.1411,0.1516
251,0.14895,0.1177,0.12905,0.13975,0.114,0.1667,0.1625,0.13995,0.1484
252,0.14575,0.1591,0.12305,0.1382,0.14865,0.15605,0.17345,0.1596,0.1458
253,0.1455,0.06305,0.12835,0.15035,0.1206,0.1292,0.1455,0.1568,0.13645
254,0.1509,0.1164,0.15725,0.13075,0.15615,0.14725,0.1376,0.14165,0.1392
255,0.15075,0.1235,0.1696,0.13705,0.16205,0.14445,0.14105,0.1274,0.14405
256,0.1476,0.1332,0.1449,0.14295,0.1364,0.14,0.15415,0.1295,0.14415
257,0.1495,0.0893,0.1738,0.13885,0.131,0.13735,0.14105,0.1538,0.14885
258,0.1438,0.16325,0.15155,0.13845,0.13505,0.13675,0.149,0.14035,0.1529
259,0.14435,0.28265,0.13495,0.1436,0.1432,0.1473,0.14925,0.1671,0.1494
260,0.14945,0.81015,0.13535,0.13785,0.1346,0.12995,0.13015,0.1737,0.14185
261,0.14545,0.09355,0.14855,0.14975,0.142,0.15095,0.15085,0.14955,0.1513
262,0.1516,0.15975,0.14545,0.14915,0.145,0.18035,0.135,0.1296,0.16745
263,0.1465,0.0965,0.19255,0.1444,0.19765,0.1341,0.15715,0.1375,0.145
264,0.1521,0.20515,0.1388,0.1459,0.154,0.12985,0.1528,0.1335,0.13285
265,0.14705,0.08205,0.1712,0.1399,0.152,0.1251,0.173,0.15325,0.142
266,0.1496,0.184,0.1528,0.14935,0.15205,0.13745,0.14135,0.1492,0.14425
267,0.1474,0.2506,0.35615,0.157,0.14255,0.16065,0.15475,0.13415,0.13875
268,0.1494,0.09025,0.1407,0.17655,0.15305,0.144,0.1308,0.24265,0.1511
269,0.14865,0.2297,0.13355,0.15135,0.14035,0.38875,0.1209,0.1331,0.14325
270,0.14485,0.11245,0.15765,0.14175,0.1422,0.14615,0.15975,0.1409,0.1395
271,0.1485,0.11785,0.16095,0.1537,0.19805,0.13105,0.1407,0.12345,0.13955
272,0.14635,0.18295,0.15985,0.144,0.1421,0.16465,0.13675,0.1454,0.1653
273,0.14985,0.1711,0.1302,0.13975,0.16405,0.15955,0.1504,0.1355,0.1301
274,0.151,0.1134,0.1448,0.157,0.13095,0.1688,0.149,0.1744,0.13405
275,0.1471,0.127,0.1589,0.129,0.1669,0.1326,0.1631,0.1454,0.1488
276,0.1486,0.16025,0.17985,0.1427,0.14085,0.1465,0.1482,0.14565,0.1496
277,0.1478,0.1807,0.14595,0.1386,0.14605,0.15,0.15125,0.12645,0.14555
278,0.15155,0.11015,0.1347,0.16375,0.1898,0.13595,0.12725,0.22915,0.14175
279,0.1487,0.0534,0.1419,0.148,0.14785,0.19605,0.14835,0.18195,0.1582
280,0.14805,0.17235,0.1217,0.1614,0.1429,0.12915,0.1292,0.1416,0.15295
281,0.144,0.1562,0.24105,0.149,0.3149,0.12605,0.12575,0.14395,0.1574
282,0.15105,0.11445,0.1505,0.14435,0.1349,0.1446,0.13585,0.1397,0.15805
283,0.1506,0.08875,0.12965,0.15,0.14455,0.13345,0.1746,0.1446,0.13365
284,0.15105,0.19305,0.13385,0.1343,0.15315,0.1389,0.136,0.13815,0.15035
285,0.14855,0.3163,0.15805,0.14725,0.1399,0.1453,0.13065,0.1328,0.15
286,0.1522,0.15445,0.125,0.162,0.1381,0.13345,0.1033,0.1497,0.1432
287,0.1472,0.1442,0.14665,0.14635,0.13905,0.1098,0.127,0.178,0.1507
288,0.15065,0.09135,0.16805,0.1441,0.1383,0.1612,0.1401,0.12945,0.13575
289,0.14885,0.1338,0.1845,0.15645,0.13715,0.156,0.15195,0.1634,0.1528
290,0.1492,0.1541,0.14345,0.1644,0.1265,0.1441,0.13115,0.13345,0.1383
291,0.1502,1.0,0.14045,0.1572,0.1497,0.14395,0.15105,0.1554,0.14805
292,0.14395,0.28415,0.1585,0.17255,0.1335,0.13185,0.44565,0.1435,0.1447
293,0.1438,0.401,0.115,0.1549,0.1384,0.13685,0.146,0.162,0.1421
294,0.1449,0.11165,0.2149,0.1592,0.1289,0.1631,0.1591,0.1379,0.142
295,0.1483,0.12405,0.1262,0.1437,0.1323,0.13525,0.14,0.1269,0.15455
296,0.15245,0.1436,0.1219,0.14995,0.1351,0.1442,0.1524,0.13605,0.1549
297,0.14985,0.12895,0.0744,0.14775,0.1401,0.1621,0.1334,0.1355,0.14095
298,0.1457,0.15995,0.12215,0.14945,0.17265,0.1288,0.1428,0.1266,0.14455
299,0.14225,0.1143,0.13515,0.1536,0.13095,0.14015,0.13365,0.1384,0.15525
300,0.1452,0.0801,0.15725,0.13225,0.1738,0.1619,0.28115,0.1365,0.14775
301,0.1487,0.09785,0.13505,0.14205,0.1435,0.13805,0.12775,0.12365,0.14665
302,0.1502,0.09435,0.14265,0.14595,0.14,0.1231,0.1372,0.17855,0.15475
303,0.1446,0.117,0.1364,0.15005,0.1478,0.13365,0.18215,0.21535,0.15745
304,0.1453,0.1144,0.14335,0.17555,0.1548,0.1201,0.13015,0.13275,0.15145
305,0.1464,0.2184,0.1357,0.12395,0.1327,0.1232,0.21305,0.1548,0.15665
306,0.15485,0.66115,0.1477,0.1529,0.1375,0.1635,0.1544,0.1332,0.14655
307,0.1458,0.07255,0.1455,0.1391,0.141,0.13465,0.1343,0.1235,0.14225
308,0.1524,0.27325,0.1477,0.1513,0.12445,0.1514,0.13375,0.1415,0.13615
309,0.14415,0.1596,0.126,0.17155,0.14915,0.2215,0.13975,0.16655,0.13525
310,0.1466,0.10765,0.14275,0.1336,0.109,0.12555,0.1359,0.11895,0.1505
311,0.1533,0.10885,0.14435,0.1445,0.13405,0.16245,0.1261,0.1406,0.1504
312,0.14375,0.1229,0.1363,0.13485,0.13585,0.20585,0.1539,0.1257,0.1399
313,0.15055,0.07065,0.1691,0.12765,0.1232,0.1728,0.13275,0.15485,0.14975
314,0.1479,0.0822,0.1592,0.1449,0.1381,0.13415,0.1367,0.1454,0.13465
315,0.15535,0.1507,0.1287,0.13915,0.16165,0.27945,0.14245,0.16275,0.14005
316,0.14965,0.0793,0.1399,0.16025,0.13515,0.1616,0.13225,0.1332,0.1379
317,0.148,0.1104,0.1422,0.1925,0.1309,0.12245,0.1618,0.1924,0.15355
318,0.1462,0.1101,0.1564,0.1523,0.13375,0.13655,0.1308,0.2378,0.17345
319,0.1489,0.13205,0.1338,0.14315,0.1392,0.0998,0.1518,0.16305,0.14085
320,0.14225,0.12215,0.14405,0.15225,0.1286,0.14665,0.1313,0.1471,0.1549
321,0.14435,0.1486,0.13015,0.1714,0.1431,0.12645,0.1406,0.16005,0.1444
322,0.15095,0.1441,0.1389,0.13015,0.1213,0.1771,0.1709,0.1523,0.1551
323,0.14925,0.1411,0.1339,0.15125,0.14885,0.1197,0.13955,0.1396,0.1425
324,0.14535,0.16585,0.14605,0.14095,0.1712,0.13365,0.14935,0.15145,0.14985
325,0.1453,0.1173,0.14695,0.13035,0.159,0.1377,0.15785,0.3502,0.1545
326,0.14655,0.31475,0.15365,0.16225,0.1344,0.14305,0.13065,0.1502,0.14895
327,0.14935,0.21105,0.125,0.15855,0.1418,0.1571,0.1131,0.14,0.1451
328,0.149,0.10525,0.13605,0.1444,0.14475,0.1308,0.1386,0.1531,0.149
329,0.14575,0.11295,0.16575,0.14815,0.1382,0.12835,0.13725,0.147,0.1375
330,0.14665,0.2294,0.13275,0.1304,0.1389,0.1405,0.1397,0.1377,0.14765
331,0.1537,0.1538,0.17045,0.14365,0.1312,0.1213,0.1502,0.13745,0.1543
332,0.15105,0.1129,0.1338,0.183,0.1345,0.1339,0.1272,0.15205,0.1453
333,0.1458,0.1519,0.1468,0.1394,0.1729,0.17235,0.15645,0.12315,0.13955
334,0.14895,0.14855,0.13,0.14425,0.1327,0.128,0.17515,0.1232,0.14625
335,0.15065,0.7127,0.14035,0.15685,0.1466,0.13865,0.1371,0.17155,0.14645
336,0.14885,0.3311,0.1512,0.1897,0.16765,0.13325,0.23575,0.1531,0.1376
337,0.1504,0.15035,0.17345,0.14335,0.15255,0.15945,0.1389,0.1782,0.14035
338,0.14565,0.5504,0.1425,0.16035,0.145,0.1315,0.1319,0.14185,0.1458
339,0.1486,0.11865,0.1384,0.15295,0.1459,0.1495,0.1601,0.16285,0.14825
340,0.15015,0.1496,0.15715,0.14765,0.14055,0.1339,0.1449,0.13725,0.15085
341,0.14685,0.0958,0.16375,0.1584,0.13595,0.1365,0.1423,0.15255,0.14655
342,0.14465,0.1053,0.1449,0.1588,0.14065,0.1282,0.14335,0.14985,0.14655
343,0.1512,0.16425,0.146,0.1375,0.14,0.14035,0.16425,0.15215,0.1543
344,0.14715,0.1067,0.1534,0.137,0.13675,0.18115,0.16205,0.14045,0.1384
345,0.14755,0.12765,0.14505,0.1452,0.30625,0.145,0.1671,0.14885,0.1599
346,0.1473,0.08485,0.1448,0.1661,0.17805,0.14885,0.1427,0.14515,0.1497
347,0.149,0.20815,0.1295,0.136,0.13385,0.12425,0.19225,0.13855,0.148
348,0.1496,0.1054,0.14615,0.1543,0.1466,0.1257,0.15295,0.1428,0.14385
349,0.14635,0.2271,0.13035,0.1429,0.20725,0.12515,0.12735,0.14035,0.15185
350,0.1456,0.13325,0.1242,0.15265,0.15235,0.7067,0.13895,0.17445,0.1595
351,0.1458,0.08865,0.1459,0.15135,0.13685,0.14345,0.13725,0.14235,0.14155
352,0.1461,0.1196,0.13295,0.14425,0.12855,0.1439,0.13675,0.17075,0.15525
353,0.14335,0.19045,0.1532,0.1541,0.19965,0.13315,0.15425,0.1367,0.14765
354,0.1497,0.1345,0.1351,0.1407,0.1334,0.1427,0.1397,0.15925,0.14295
355,0.14495,0.08445,0.15975,0.1495,0.15305,0.14475,0.14295,0.14885,0.1453
356,0.14705,0.1196,0.14065,0.13935,0.13105,0.12885,0.12525,0.15135,0.146
357,0.145,0.1312,0.11135,0.16245,0.13295,0.1439,0.1349,0.14255,0.1436
358,0.14375,0.9417,0.1732,0.14205,0.12575,0.1277,0.1678,0.13105,0.14855
359,0.1484,0.19405,0.17715,0.1514,0.1754,0.14325,0.1439,0.14285,0.1372
360,0.1462,0.1888,0.13665,0.1567,0.14475,0.1518,0.1814,0.12955,0.14275
361,0.1475,0.079,0.1741,0.1492,0.16055,0.1213,0.14795,0.12295,0.14505
362,0.14645,0.14125,0.1355,0.13785,0.1464,0.13765,0.20325,0.14045,0.14685
363,0.1491,0.1092,0.16055,0.1816,0.14665,0.1297,0.1237,0.14265,0.1441
364,0.1523,0.1764,0.1402,0.14065,0.1268,0.1536,0.14895,0.13785,0.14335
365,0.15,0.08135,0.1171,0.1374,0.1558,0.12645,0.18515,0.14125,0.14335
366,0.14895,0.23645,0.1357,0.1459,0.14815,0.14505,0.1386,0.143,0.13835
367,0.14925,0.05655,0.14105,0.1558,0.15195,0.1444,0.04495,0.1348,0.14675
368,0.1495,0.14105,0.21305,0.1339,0.16405,0.1408,0.14615,0.1306,0.15535
369,0.1495,0.1928,0.1552,0.14065,0.13895,0.146,0.14735,0.1694,0.15095
370,0.1405,0.11085,0.1357,0.1597,0.1458,0.12425,0.14235,0.13955,0.1451
371,0.1428,0.1615,0.11665,0.14415,0.133,0.12675,0.15995,0.2083,0.141
372,0.14945,0.11285,0.1681,0.15915,0.14005,0.1406,0.1261,0.15635,0.146
373,0.1484,0.167,0.15155,0.13695,0.13545,0.1768,0.14975,0.13375,0.1464
374,0.1478,0.1241,0.12845,0.13375,0.1259,0.14725,0.1434,0.11825,0.1433
375,0.14885,0.1338,0.13785,0.13805,0.1557,0.1296,0.1289,0.1318,0.1471
376,0.14565,0.2442,0.17925,0.15935,0.13535,0.13795,0.14945,0.13895,0.14445
377,0.1476,0.14265,0.13915,0.15435,0.13085,0.1357,0.1365,0.1533,0.15115
378,0.147,0.12525,0.118,0.1415,0.1314,0.17505,0.1578,0.1602,0.129
379,0.146,0.14825,0.16785,0.1424,0.1351,0.1521,0.1303,0.11725,0.15045
380,0.1474,0.2142,0.1808,0.1425,0.13,0.14965,0.1449,0.1479,0.1403
381,0.1495,0.19225,0.16215,0.15395,0.1252,0.14225,0.133,0.1309,0.13935
382,0.14785,0.13775,0.14485,0.1556,0.1402,0.16575,0.15035,0.1394,0.1506
383,0.1483,0.1775,0.1353,0.1417,0.14665,0.1286,0.14405,0.1367,0.1571
384,0.1428,0.1125,0.13535,0.13845,0.134,0.17725,0.13285,0.13335,0.14135
385,0.1484,0.10435,0.13165,0.14265,0.1269,0.13185,0.1449,0.2041,0.13805
386,0.1503,0.15285,0.13505,0.14505,0.13465,0.12765,0.13345,0.12615,0.13635
387,0.15115,0.1184,0.1772,0.1419,0.1325,0.14855,0.15415,0.18675,0.1482
388,0.1466,0.0869,0.15795,0.15545,0.14635,0.1383,0.1292,0.1646,0.15645
389,0.1452,0.11255,0.1921,0.1509,0.1324,0.18715,0.1412,0.1422,0.1492
390,0.1489,0.1301,0.14845,0.1412,0.11405,0.1199,0.19875,0.25785,0.1424
391,0.15135,0.15315,0.13355,0.1712,0.13445,0.1358,0.1366,0.14325,0.1395
392,0.1528,0.09295,0.14225,0.1427,0.14485,0.13235,0.13555,0.1495,0.14665
393,0.1492,0.1594,0.134,0.1515,0.12575,0.1392,0.1357,0.1434,0.14085
394,0.14525,0.49705,0.14885,0.16225,0.133,0.20075,0.14335,0.148,0.1439
395,0.15015,0.1768,0.13635,0.1432,0.14525,0.1453,0.1355,0.1354,0.15025
396,0.1504,0.10705,0.14325,0.14385,0.22555,0.12975,0.13435,0.15095,0.1564
397,0.1456,0.07155,0.1579,0.1366,0.13785,0.15585,0.1423,0.15645,0.1391
398,0.1506,0.1571,0.14675,0.15585,0.1673,0.1487,0.16385,0.144,0.16005
399,0.1492,0.16445,0.1836,0.2419,0.1809,0.15465,0.1301,0.1732,0.14745
400,0.14625,0.18995,0.15645,0.16685,0.1384,0.27785,0.1588,0.13195,0.1529
401,0.1524,0.1599,0.1307,0.1556,0.13585,0.1735,0.12545,0.18905,0.14425
402,0.1452,0.08495,0.0718,0.1334,0.1435,0.14775,0.13925,0.1287,0.14815
403,0.14595,0.14395,0.12945,0.1449,0.1678,0.1482,0.14685,0.1484,0.15965
404,0.141,0.11875,0.14805,0.14005,0.1622,0.123,0.13395,0.1463,0.1404
405,0.1497,0.11435,0.20395,0.1448,0.12665,0.15165,0.15475,0.13615,0.14695
406,0.14695,0.24285,0.14385,0.1307,0.13365,0.1444,0.13565,0.14025,0.1515
407,0.1481,0.125,0.16165,0.14665,0.1163,0.12275,0.12995,0.1522,0.15625
408,0.14945,0.101,0.15885,0.1392,0.1383,0.13135,0.24195,0.1735,0.1471
409,0.1496,0.14665,0.1822,0.1421,0.1713,0.13885,0.1602,0.15065,0.1497
410,0.1477,0.1152,0.1321,0.1361,0.13895,0.1296,0.13945,0.17865,0.14625
411,0.15065,0.11985,0.14345,0.49775,0.14205,0.13455,0.13415,0.14415,0.14035
412,0.1473,0.11775,0.13405,0.14705,0.1416,0.167,0.146,0.043,0.15665
413,0.14605,0.24115,0.12305,0.13545,0.1483,0.12555,0.1468,0.1255,0.14275
414,0.14825,0.2614,0.1251,0.1641,0.1522,0.14365,0.13995,0.1604,0.1383
415,0.14655,0.20515,0.1313,0.1412,0.17335,0.1306,0.14525,0.13125,0.1456
416,0.14715,0.1501,0.1415,0.1435,0.14425,0.13085,0.1503,0.1534,0.14305
417,0.1473,0.17125,0.1438,0.15305,0.13785,0.17,0.13905,0.1385,0.1597
418,0.1466,0.11935,0.1279,0.142,0.13465,0.14925,0.15435,0.13785,0.15045
419,0.14415,0.1262,0.1654,0.14345,0.15755,0.1462,0.14535,0.1317,0.15365
420,0.1506,0.4682,0.18995,0.14235,0.1593,0.1396,0.16355,0.14565,0.15795
421,0.14835,0.0954,0.15165,0.1498,0.1585,0.1217,0.16365,0.1296,0.1393
422,0.1464,0.25855,0.1433,0.137,0.1342,0.11295,0.14205,0.14795,0.1509
423,0.14695,0.1039,0.1556,0.1564,0.1408,0.1392,0.1453,0.1588,0.14035
424,0.14685,0.12485,0.1612,0.15835,0.1387,0.147,0.14615,0.12885,0.1472
425,0.14765,0.26685,0.15365,0.1532,0.1495,0.1282,0.14035,0.15295,0.13835
426,0.14775,0.12825,0.1643,0.14135,0.14405,0.1505,0.1421,0.12425,0.1704
427,0.15295,0.101,0.1443,0.13545,0.15485,0.16795,0.13575,0.13915,0.15015
428,0.14425,0.11365,0.1135,0.1484,0.16115,0.13025,0.13905,0.16025,0.14975
429,0.148,0.1864,0.14815,0.15585,0.16395,0.1434,0.15215,0.1496,0.14955
430,0.153,0.11635,0.13745,0.14675,0.1241,0.12205,0.13955,0.1249,0.1702
431,0.1495,0.1786,0.1368,0.16935,0.1384,0.11515,0.13825,0.13435,0.1454
432,0.14515,0.07085,0.1238,0.1545,0.15355,0.12845,0.7412,0.12895,0.15115
433,0.14725,0.1229,0.14165,0.13935,0.12275,0.1259,0.12835,0.1578,0.1406
434,0.1453,0.11205,0.1357,0.10575,0.15575,0.15165,0.1622,0.15095,0.155
435,0.14535,0.1192,0.1815,0.1483,0.14865,0.14375,0.1346,0.13245,0.14735
436,0.1466,0.1063,0.1679,0.1405,0.1219,0.1656,0.1448,0.129,0.13785
437,0.15175,0.2828,0.13235,0.14765,0.1508,0.13505,0.1384,0.1331,0.15195
438,0.1525,0.2242,0.13625,0.16735,0.1294,0.13095,0.1252,0.1401,0.13635
439,0.1432,0.14185,0.13455,0.15335,0.13045,0.13855,0.1488,0.13375,0.13205
440,0.15075,0.18,0.0858,0.17085,0.1331,0.1575,0.1276,0.15655,0.13485
441,0.1484,0.1484,0.15655,0.15035,0.1339,0.13255,0.145,0.22075,0.15805
442,0.1508,0.05835,0.13105,0.14545,0.1565,0.1566,0.13055,0.13185,0.14905
443,0.14665,0.1664,0.1874,0.15565,0.1313,0.1358,0.15085,0.13235,0.1462
444,0.1455,0.1352,0.1578,0.14045,0.1526,0.14005,0.1469,0.1645,0.1426
445,0.14495,0.06715,0.14215,0.14835,0.13155,0.13165,0.14475,0.16105,0.1574
446,0.1518,0.14265,0.14745,0.1386,0.1366,0.14605,0.1383,0.14085,0.1347
447,0.1457,0.13525,0.1569,0.15135,0.13705,0.13555,0.15365,0.11555,0.1515
448,0.14565,0.19235,0.1454,0.1379,0.14045,0.13765,0.13815,0.1497,0.1457
449,0.15045,0.2121,0.1456,0.13935,0.1599,0.1319,0.14865,0.1482,0.1443
450,0.15025,0.1513,0.1276,0.1301,0.17,0.14975,0.14695,0.1505,0.14395
451,0.1437,0.1589,0.14205,0.13505,0.13635,0.11555,0.16175,0.16315,0.1425
452,0.14645,0.1523,0.13845,0.1643,0.13285,0.16235,0.14715,0.1467,0.1509
453,0.1398,0.11205,0.1534,0.165,0.13425,0.1283,0.1369,0.1638,0.14955
454,0.1475,0.0878,0.14645,0.1468,0.13475,0.1461,0.13265,0.1463,0.13845
455,0.15045,0.08805,0.15505,0.1885,0.18765,0.11995,0.13705,0.12645,0.14975
456,0.15085,0.13985,0.1568,0.1484,0.15245,0.13875,0.13325,0.1518,0.14535
457,0.1464,0.1394,0.13375,0.1336,0.1733,0.17055,0.1393,0.1306,0.15815
458,0.1467,1.0,0.12385,0.1518,0.14865,0.1312,0.14375,0.08935,0.14525
459,0.1519,0.1372,0.1565,0.1412,0.1618,0.13015,0.14805,0.13965,0.1401
460,0.1486,0.02595,0.15615,0.1407,0.1462,0.154,0.15265,0.14735,0.1445
461,0.14385,0.15185,0.1373,0.1453,0.14215,0.2171,0.15405,0.1744,0.15045
462,0.1441,0.09835,0.16795,0.1223,0.1554,0.13445,0.23555,0.14695,0.1485
463,0.1474,0.135,0.1381,0.1414,0.14265,0.15495,0.14135,0.1458,0.1474
464,0.1451,0.1886,0.1412,0.15095,0.14365,0.13965,0.1574,0.18015,0.1373
465,0.1445,0.0857,0.15165,0.1481,0.2193,0.16785,0.14625,0.13735,0.15055
466,0.14755,0.08835,0.1279,0.1546,0.14045,0.1288,0.1399,0.1774,0.14105
467,0.15115,0.1091,0.13655,0.1567,0.1568,0.16275,0.13295,0.12715,0.1493
468,0.1505,0.0853,0.1395,0.1424,0.1332,0.13,0.1495,0.1293,0.1473
469,0.14915,0.36775,0.1385,0.1842,0.0285,0.11565,0.142,0.1632,0.1378
470,0.14995,0.14055,0.16055,0.1417,0.13875,0.1442,0.13705,0.14025,0.14635
471,0.14815,0.10885,0.14205,0.1553,0.15435,0.13075,0.1503,0.1349,0.15865
472,0.1452,0.11135,0.13885,0.13935,0.1409,0.13205,0.1504,0.1586,0.14225
473,0.14765,0.1199,0.145,0.14735,0.15235,0.16295,0.14075,0.12645,0.14035
474,0.1496,0.0965,0.13975,0.145,0.1261,0.13075,0.13945,0.15135,0.14865
475,0.14895,0.1509,0.14665,0.1393,0.16825,0.1412,0.13925,0.1341,0.154
476,0.14775,0.2155,0.13795,0.13865,0.15475,0.1342,0.1514,0.1268,0.1436
477,0.147,0.1042,0.1422,0.14435,0.12765,0.1361,0.1488,0.1336,0.1482
478,0.14685,0.13705,0.1514,0.14685,0.29135,0.1435,0.18885,0.1434,0.1354
479,0.14475,0.16355,0.1859,0.14655,0.1353,0.13185,0.14755,0.129,0.14785
480,0.15075,0.14585,0.12935,0.14455,0.1233,0.22405,0.1419,0.18875,0.14245
481,0.1453,0.10685,0.1658,0.1693,0.145,0.1611,0.15605,0.15815,0.15485
482,0.15205,0.10675,0.18575,0.13075,0.1398,0.12815,0.16125,0.2794,0.1521
483,0.15125,0.09875,0.1617,0.14255,0.1239,0.14105,0.1451,0.13765,0.1533
484,0.1518,0.1205,0.1543,0.13555,0.1343,0.1556,0.14075,0.1548,0.1456
485,0.146,0.1219,0.13035,0.15365,0.17455,0.13515,0.1371,0.1494,0.1389
486,0.15185,0.12205,0.1384,0.14515,0.1643,0.13215,0.1403,0.14875,0.14275
487,0.14245,0.1173,0.14725,0.15745,0.18845,0.19205,0.202,0.13565,0.1545
488,0.1499,0.11365,0.1221,0.16855,0.16745,0.1384,0.1367,0.12755,0.14965
489,0.14655,0.09395,0.16075,0.1448,0.1627,0.1387,0.1604,0.13215,0.1458
490,0.14905,0.13395,0.1314,0.15295,0.1727,0.14545,0.15945,0.1401,0.1393
491,0.1493,0.1201,0.19215,0.1522,0.12775,0.1294,0.1394,0.1318,0.14085
492,0.14725,0.1671,0.1369,0.1411,0.1313,0.1295,0.1406,0.13805,0.143
493,0.1483,0.11495,0.1679,0.1596,0.13975,0.15595,0.1466,0.1351,0.1346
494,0.14945,0.22785,0.1357,0.1361,0.1468,0.1505,0.1262,0.1349,0.1513
495,0.1481,0.144,0.17025,0.15075,0.1435,0.12245,0.1361,0.1527,0.1424
496,0.1467,0.17205,0.1676,0.1345,0.1232,0.13165,0.1512,0.14925,0.1374
497,0.1512,0.08665,0.1556,0.15115,0.14205,0.1593,0.14685,0.1545,0.13625
498,0.1492,0.1447,0.1442,0.1453,0.14645,0.14175,0.13775,0.1311,0.1451
499,0.15205,0.094,0.13815,0.14085,0.2887,0.23985,0.13,0.149,0.14495
500,0.1494,0.1415,0.14825,0.1306,0.14575,0.142,0.15365,0.15075,0.1553
501,0.15105,0.1228,0.1299,0.13145,0.14545,0.1334,0.1421,0.1424,0.1557
502,0.1456,0.11735,0.1326,0.14365,0.1328,0.1414,0.1499,0.1224,0.18015
503,0.14265,0.11905,0.15105,0.1615,0.28695,0.1464,0.1347,0.17205,0.1533
504,0.14595,0.185,0.15765,0.1637,0.13115,0.1434,0.1375,0.1641,0.1525
505,0.148,0.1446,0.159,0.14125,0.1491,0.13255,0.16045,0.1389,0.14375
506,0.14385,0.10125,0.1473,0.15735,0.14345,0.1491,0.1384,0.1407,0.1433
507,0.14475,0.169,0.1454,0.12555,0.14965,0.2136,0.1441,0.16385,0.1434
508,0.1526,0.1295,0.14585,0.1448,0.19035,0.16435,0.1372,0.15005,0.14355
509,0.1491,0.14415,0.13865,0.1476,0.1414,0.1466,0.16495,0.14005,0.1511
510,0.1481,0.10785,0.1157,0.1443,0.1317,0.1514,0.1503,0.1372,0.153
511,0.1453,0.0601,0.13365,0.14635,0.1506,0.1464,0.1352,0.1344,0.1416
512,0.14185,0.1065,0.14395,0.1386,0.14105,0.1223,0.14145,0.11985,0.1474
513,0.14705,0.16635,0.1345,0.14235,0.1599,0.1186,0.1486,0.1452,0.14425
514,0.14675,0.1158,0.1176,0.14375,0.15435,0.1491,0.15985,0.136,0.15265
515,0.14375,0.09205,0.1304,0.15515,0.20155,0.13805,0.15225,0.12755,0.142
516,0.15015,0.11685,0.14135,0.14385,0.14555,0.14765,0.1413,0.1936,0.1494
517,0.1499,0.123,0.1687,0.14375,0.1439,0.12635,0.14115,0.14205,0.1575
518,0.14685,0.2624,0.1251,0.14965,0.14,0.15965,0.16385,0.13895,0.1496
519,0.1497,0.2235,0.1598,0.1607,0.134,0.1346,0.12825,0.1488,0.14265
520,0.14905,0.07695,0.12395,0.16,0.1747,0.14925,0.14175,0.1386,0.1479
521,0.14565,0.17545,0.13795,0.14945,0.1348,0.12575,0.1329,0.13185,0.1354
522,0.14585,0.1457,0.14135,0.13445,0.15125,0.1326,0.1478,0.1428,0.14875
523,0.147,0.07185,0.1614,0.1433,0.1404,0.15975,0.1508,0.1235,0.1427
524,0.14635,0.15965,0.18305,0.14425,0.1475,0.1399,0.13805,0.12865,0.15545
525,0.1423,0.1243,0.13645,0.14675,0.14185,0.12995,0.1308,0.13335,0.1509
526,0.1484,0.11385,0.16315,0.1435,0.1179,0.12635,0.13665,0.1379,0.14655
527,0.1462,0.0956,0.13575,0.15845,0.1366,0.1421,0.15125,0.15205,0.1395
528,0.14515,0.19825,0.15425,0.1252,0.15515,0.15505,0.1451,0.1359,0.1509
529,0.15095,0.1204,0.1499,0.1266,0.1283,0.1288,0.15525,0.13605,0.1452
530,0.15175,0.0857,0.14295,0.14715,0.14765,0.1317,0.1362,0.14185,0.1362
531,0.14955,0.0956,0.12625,0.1999,0.14585,0.1353,0.13705,0.14865,0.1445
532,0.14735,0.17345,0.1387,0.1357,0.1348,0.1563,0.1676,0.13975,0.15225
533,0.1486,0.16085,0.14105,0.1574,0.1295,0.14535,0.14075,0.1475,0.1569
534,0.152,0.197,0.1462,0.1671,0.134,0.1611,0.15965,0.1237,0.1451
535,0.14195,0.1394,0.26575,0.1542,0.11975,0.1258,0.1393,0.16125,0.1473
536,0.14535,0.22555,0.18795,0.14025,0.1356,0.14005,0.1409,0.1797,0.14405
537,0.1465,0.13925,0.149,0.1341,0.1398,0.17415,0.1423,0.13225,0.1419
538,0.1437,0.0839,0.14275,0.14845,0.1234,0.15145,0.1509,0.1111,0.1802
539,0.14485,0.0971,0.1407,0.1489,0.1294,0.14785,0.14155,0.12345,0.15785
540,0.15025,0.1532,0.1565,0.14965,0.1426,0.1231,0.13285,0.12105,0.1539
541,0.14475,0.09495,0.1414,0.14405,0.16525,0.1555,0.15815,0.1324,0.1452
542,0.14315,0.08505,0.13775,0.10115,0.33355,0.17185,0.20025,0.1138,0.1382
543,0.1464,0.1466,0.13735,0.15155,0.117,0.15235,0.17615,0.16495,0.2081
544,0.1488,0.1441,0.1514,0.1322,0.1644,0.1683,0.1501,0.1383,0.146
545,0.14775,0.1319,0.1451,0.17335,0.1362,0.13265,0.1369,0.13835,0.1445
546,0.1495,0.1331,0.11705,0.14515,0.1599,0.1469,0.14115,0.1685,0.13825
547,0.14745,0.1515,0.13495,0.15085,0.14195,0.12935,0.13265,0.13745,0.14535
548,0.1459,0.10585,0.1421,0.13605,0.13295,0.171,0.1328,0.13265,0.1376
549,0.14735,0.791,0.14895,0.1307,0.3764,0.13265,0.17315,0.136,0.1518
550,0.14945,0.20695,0.13175,0.1583,0.1841,0.16945,0.14405,0.16525,0.1369
551,0.1498,0.1973,0.1363,0.16785,0.1391,0.1398,0.1384,0.13725,0.1419
552,0.1446,0.0835,0.18885,0.14445,0.1285,0.13455,0.14395,0.1764,0.14935
553,0.14825,0.1701,0.1589,0.14235,0.14775,0.1724,0.1425,0.1433,0.1568
554,0.1488,0.1324,0.1427,0.15065,0.1368,0.16625,0.13255,0.1401,0.1409
555,0.14815,0.1357,0.1383,0.15065,0.1725,0.1443,0.6795,0.136,0.14765
556,0.15005,0.1566,0.1464,0.14515,0.12005,0.18105,0.1606,0.1485,0.1395
557,0.1453,0.15365,0.1356,0.13995,0.1286,0.1513,0.1465,0.12655,0.14685
558,0.1487,0.08225,0.1524,0.144,0.14425,0.22585,0.15835,0.15095,0.13945
559,0.1481,0.40265,0.14015,0.14825,0.12825,0.126,0.21525,0.13535,0.13285
560,0.14685,0.14495,0.13985,0.1481,0.1488,0.13215,0.15685,0.128,0.14565
561,0.1473,0.1328,0.14115,0.15185,0.15875,0.13105,0.16065,0.20815,0.1503
562,0.14885,0.09255,0.1402,0.12585,0.1618,0.15465,0.13895,0.17885,0.14665
563,0.15035,0.147,0.1892,0.15,0.14395,0.15405,0.14355,0.1429,0.1454
564,0.14745,0.0972,0.1646,0.15395,0.1817,0.1366,0.1453,0.1158,0.1441
565,0.14735,0.14155,0.1407,0.1474,0.14655,0.16185,0.13265,0.12095,0.1462
566,0.1438,0.1799,0.14335,0.1286,0.1763,0.1863,0.1359,0.13635,0.1531
567,0.15025,0.1978,0.13345,0.1577,0.1351,0.1346,0.1465,0.14455,0.1496
568,0.1478,0.13765,0.1271,0.15135,0.1395,0.1649,0.1402,0.14255,0.14045
569,0.14475,0.07305,0.08365,0.1395,0.1718,0.1507,0.1339,0.1344,0.14555
570,0.1453,0.09965,0.15765,0.15255,0.17755,0.13765,0.15865,0.1681,0.1433
571,0.1491,0.14785,0.12955,0.13205,0.1596,0.151,0.13635,0.12455,0.14805
572,0.1501,0.085,0.1161,0.14375,0.14515,0.1288,0.14255,0.1511,0.154
573,0.14975,0.15065,0.18525,0.1379,0.1503,0.3689,0.1432,0.12915,0.1474
574,0.14955,0.09245,0.1694,0.14655,0.1523,0.12735,0.1349,0.1638,0.15825
575,0.15295,0.1196,0.2445,0.1454,0.1567,0.1592,0.15755,0.1356,0.14265
576,0.1469,0.2061,0.12215,0.14065,0.13155,0.1732,0.1376,0.14005,0.1415
577,0.1469,0.14255,0.13865,0.1456,0.1559,0.13885,0.1337,0.13135,0.1514
578,0.1476,0.1586,0.13565,0.13935,0.14235,0.1779,0.1324,0.1297,0.1449
579,0.14575,0.13865,0.13905,0.1515,0.1403,0.14755,0.13725,0.16445,0.1398
580,0.14715,0.10935,0.1571,0.13335,0.1462,0.1274,0.1422,0.13675,0.14795
581,0.1467,0.10695,0.15845,0.1516,0.1243,0.1431,0.1305,0.1668,0.15055
582,0.14585,0.114,0.14095,0.16685,0.16895,0.1462,0.1304,0.13535,0.1474
583,0.1533,0.3008,0.11315,0.1579,0.14265,0.1333,0.1464,0.20395,0.14955
584,0.14155,0.1021,0.1337,0.1424,0.1388,0.1223,0.1377,0.1297,0.14355
585,0.15175,0.11125,0.1269,0.13755,0.1501,0.14395,0.1366,0.1197,0.1382
586,0.1489,0.11255,0.25935,0.1459,0.1345,0.13125,0.14445,0.14065,0.1517
587,0.14855,0.0854,0.15755,0.15475,0.13805,0.12,0.15125,0.13635,0.14465
588,0.147,0.1046,0.17345,0.14925,0.14555,0.14835,0.1505,0.1869,0.147
589,0.14515,0.09645,0.15665,0.13425,0.13815,0.13335,0.13765,0.1806,0.1488
590,0.14695,0.14505,0.17075,0.13675,0.35855,0.1606,0.1481,0.154,0.14815
591,0.1475,0.1084,0.153,0.14955,0.19725,0.1346,0.1423,0.12975,0.1555
592,0.14555,0.1427,0.16695,0.1294,0.1611,0.14825,0.1348,0.1536,0.14025
593,0.14815,0.17475,0.14895,0.1552,0.1219,0.16175,0.12775,0.148,0.15435
594,0.15025,0.0975,0.15145,0.15615,0.1628,0.16445,0.148,0.1571,0.1419
595,0.1499,0.09365,0.1597,0.19485,0.1451,0.13915,0.14725,0.1737,0.1453
596,0.147,0.13735,0.67915,0.14675,0.1469,0.1249,0.1364,0.13425,0.1589
597,0.1477,0.3502,0.12575,0.14515,0.13775,0.13705,0.1391,0.16015,0.15275
598,0.1486,0.2071,0.14835,0.16625,0.1749,0.1486,0.1351,0.13915,0.1417
599,0.14655,0.10755,0.20255,0.13285,0.1647,0.11715,0.1499,0.1386,0.14375
600,0.1423,0.1271,0.1366,0.15205,0.1586,0.12855,0.14215,0.15285,0.14225
601,0.14725,0.12635,0.1894,0.1435,0.16355,0.1271,0.1391,0.12955,0.13835
602,0.13855,0.1478,0.16425,0.2114,0.1641,0.13865,0.1496,0.1465,0.14985
603,0.1491,0.1052,0.14695,0.45405,0.148,0.1304,0.14075,0.17135,0.1346
604,0.14215,0.1041,0.13635,0.14495,0.1292,0.14605,0.13155,0.15625,0.14255
605,0.1516,0.16345,0.13005,0.13655,0.19785,0.135,0.1433,0.12175,0.168
606,0.14755,0.22445,0.1331,0.13845,0.1499,0.1295,0.14115,0.1437,0.1554
607,0.1411,0.06365,0.15315,0.15555,0.166,0.1453,0.14315,0.1304,0.14405
608,0.1514,0.1759,0.1569,0.15485,0.13255,0.15015,0.1729,0.1456,0.15135
609,0.14525,0.05795,0.146,0.1388,0.1164,0.1737,0.13585,0.1542,0.1485
610,0.14725,0.1803,0.15695,0.14095,0.1538,0.12855,0.1301,0.13795,0.1419
611,0.1486,0.20925,0.1685,0.14475,0.1472,0.1246,0.14185,0.17705,0.148
612,0.14775,0.1162,0.1471,0.17005,0.165,0.1549,0.14645,0.1346,0.155
613,0.14835,0.058,0.12945,0.16645,0.15055,0.137,0.15395,0.16325,0.1519
614,0.15045,0.101,0.13515,0.15105,0.1485,0.19695,0.1395,0.14875,0.1386
615,0.1483,0.2203,0.1333,0.1493,0.14135,0.18115,0.12835,0.13675,0.1485
616,0.14615,0.12695,0.16505,0.1423,0.1362,0.1527,0.15765,0.145,0.1436
617,0.1451,0.1509,0.1355,0.14635,0.13265,0.1407,0.134,0.13275,0.1468
618,0.1494,0.1091,0.151,0.1504,0.16735,0.1998,0.13765,0.1287,0.13995
619,0.14825,0.1027,0.15695,0.02845,0.13725,0.1481,0.16505,0.1551,0.14395
620,0.1493,0.16675,0.13605,0.15685,0.20725,0.15325,0.1619,0.1644,0.1429
621,0.14965,0.14545,0.12635,0.1349,0.13545,0.1597,0.14415,0.1354,0.14175
622,0.1441,0.0746,0.1576,0.1955,0.15425,0.13045,0.14985,0.12135,0.1456
623,0.14935,0.13445,0.13815,0.14,0.1505,0.15085,0.1443,0.14575,0.1382
624,0.14715,0.1251,0.13725,0.14715,0.1314,0.14345,0.12435,0.1382,0.1492
625,0.14535,0.22465,0.1307,0.1439,0.2157,0.1329,0.13565,0.12155,0.146
626,0.1447,0.13265,0.1509,0.14255,0.1489,0.1495,0.14115,0.1513,0.15055
627,0.14955,0.11675,0.16025,0.14985,0.14265,0.1504,0.16555,0.17605,0.1485
628,0.1433,0.1273,0.12095,0.12885,0.14375,0.1341,0.1535,0.1448,0.1487
629,0.14655,0.1169,0.1752,0.13825,0.12405,0.14825,0.1461,0.13905,0.14255
630,0.14915,0.2059,0.1304,0.1705,0.13425,0.1299,0.13605,0.15955,0.1506
631,0.15085,0.1835,0.1339,0.17425,0.14335,0.1292,0.1537,0.15345,0.14245
632,0.148,0.0671,0.12925,0.14625,0.14085,0.16255,0.1715,0.1423,0.1534
633,0.1451,0.19985,0.1434,0.1479,0.13615,0.1359,0.1438,0.14715,0.1368
634,0.15175,0.1605,0.16715,0.1705,0.15425,0.1346,0.14395,0.13135,0.14115
635,0.14895,0.28305,0.1195,0.14335,0.1483,0.13145,0.13815,0.123,0.13955
636,0.1464,0.08875,0.13215,0.15085,0.15095,0.1396,0.14275,0.1473,0.1516
637,0.1513,0.1089,0.1359,0.1414,0.14605,0.12485,0.12845,0.13025,0.15875
638,0.14965,0.1438,0.1312,0.1851,0.1535,0.1325,0.1475,0.13895,0.1595
639,0.14975,0.16345,0.1402,0.149,0.12995,0.13635,0.1541,0.12885,0.14215
640,0.14125,0.01395,0.0347,0.1492,0.14025,0.16295,0.1527,0.14975,0.1435
641,0.1451,0.1453,0.1539,0.1502,0.15755,0.13495,0.15145,0.14695,0.1526
642,0.15155,0.1247,0.16265,0.1791,0.15555,0.13695,0.15695,0.1724,0.1451
643,0.14665,0.1164,0.1869,0.36005,0.1346,0.1167,0.14095,0.13385,0.14955
644,0.1451,0.09395,0.13505,0.14515,0.1653,0.157,0.1394,0.15115,0.14335
645,0.14235,0.1697,0.1525,0.1712,0.13505,0.1254,0.14875,0.16515,0.1519
646,0.1455,0.10355,0.1381,0.14585,0.132,0.16315,0.1391,0.13685,0.1524
647,0.1485,0.08295,0.1481,0.1488,0.2705,0.1281,0.13765,0.1599,0.139
648,0.1454,0.117,0.1326,0.13705,0.1438,0.1443,0.1412,0.1413,0.1463
649,0.14875,0.25,0.1421,0.1607,0.1342,0.1181,0.1363,0.15425,0.1408
650,0.1484,0.13175,0.1688,0.1319,0.1351,0.159,0.1987,0.14545,0.1461
651,0.1462,0.1148,0.1264,0.1422,0.1397,0.14705,0.14585,0.18485,0.1569
652,0.1455,0.1574,0.16345,0.13635,0.132,0.13935,0.13825,0.13715,0.15005
653,0.14735,0.1294,0.12425,0.1394,0.14045,0.13555,0.1512,0.1745,0.14475
654,0.1497,0.13025,0.21425,0.1487,0.1453,0.15125,0.14875,0.15045,0.14545
655,0.14875,0.11015,0.167,0.14625,0.12645,0.121,0.18735,0.15295,0.14095
656,0.14595,0.13725,0.14645,0.152,0.1498,0.1429,0.1328,0.1317,0.14605
657,0.1467,0.0835,0.1431,0.1342,0.13525,0.20655,0.15275,0.13455,0.15755
658,0.1447,0.8762,0.15185,0.17715,0.16115,0.13915,0.14595,0.1465,0.1507
659,0.1461,0.2342,0.12285,0.17475,0.13685,0.1495,0.2099,0.1276,0.13415
660,0.1467,0.06455,0.1918,0.1437,0.1359,0.1391,0.15065,0.1346,0.15575
661,0.1478,0.232,0.12315,0.1346,0.13755,0.15075,0.13935,0.14345,0.138
662,0.14695,0.1847,0.1767,0.164,0.1444,0.1453,0.1421,0.124,0.1469
663,0.15025,0.1343,0.1329,0.15175,0.15735,0.14425,0.1534,0.13435,0.14315
664,0.1483,0.1561,0.18975,0.14005,0.1483,0.1639,0.1239,0.13935,0.15025
665,0.14175,0.1276,0.14355,0.15,0.14415,0.10645,0.13475,0.1433,0.14525
666,0.14325,0.0823,0.15075,0.1566,0.1418,0.1455,0.13685,0.14975,0.1419
667,0.1485,0.1455,0.16365,0.1325,0.1699,0.13285,0.91615,0.11485,0.16035
668,0.14965,0.11385,0.161,0.145,0.1703,0.12815,0.1276,0.27865,0.14685
669,0.14895,0.0852,0.1612,0.1447,0.14545,0.14535,0.1354,0.18885,0.13965
670,0.1461,0.105,0.15145,0.13225,0.13145,0.14035,0.1343,0.13915,0.1526
671,0.14845,0.12845,0.13575,0.14095,0.14975,0.1334,0.1504,0.14055,0.15
672,0.14685,0.113,0.12155,0.14765,0.1233,0.12765,0.15875,0.1319,0.13785
673,0.1439,0.17885,0.13555,0.14765,0.14325,0.16955,0.1394,0.14045,0.1435
674,0.1453,0.20365,0.18145,0.13725,0.1431,0.1802,0.14155,0.13525,0.1489
675,0.1495,0.1541,0.15015,0.16155,0.13805,0.1356,0.1371,0.143,0.14125
676,0.14565,0.0824,0.1342,0.15565,0.14885,0.14125,0.1412,0.13335,0.1432
677,0.15055,0.20435,0.1211,0.14415,0.1412,0.14195,0.13925,0.12945,0.1438
678,0.14945,0.1018,0.15975,0.14305,0.15145,0.1245,0.14205,0.1465,0.1582
679,0.14745,0.21355,0.1417,0.1362,0.1687,0.1653,0.1536,0.13495,0.153
680,0.1474,0.0962,0.14555,0.16075,0.1341,0.17615,0.1341,0.18065,0.1485
681,0.14575,0.12505,0.13645,0.13655,0.146,0.11885,0.15465,0.1416,0.14915
682,0.1498,0.2294,0.1178,0.1517,0.16995,0.1369,0.1412,0.2303,0.14315
683,0.1499,0.06935,0.14755,0.13955,0.13725,0.1605,0.1327,0.1546,0.1434
684,0.15065,0.14355,0.14135,0.14205,0.1472,0.16835,0.1376,0.1277,0.149
685,0.14635,0.125,0.12165,0.1411,0.1535,0.13865,0.14965,0.1382,0.1533
686,0.1474,0.0867,0.1589,0.176,0.13755,0.1417,0.1391,0.1586,0.14775
687,0.14775,0.11025,0.16505,0.1447,0.1429,0.14115,0.14675,0.1384,0.13795
688,0.14455,0.13805,0.1282,0.15355,0.14345,0.17625,0.1223,0.1377,0.1461
689,0.14695,0.11165,0.14085,0.1354,0.1134,0.1329,0.1459,0.131,0.1492
690,0.1474,0.10445,0.1352,0.13735,0.13535,0.15665,0.13895,0.1311,0.1409
691,0.1448,0.184,0.14825,0.14815,0.13475,0.14845,0.18525,0.1379,0.1353
692,0.1487,0.18995,0.1591,0.1449,0.14225,0.1199,0.1426,0.13365,0.15125
693,0.15205,0.10855,0.124,0.14775,0.1612,0.15025,0.18925,0.14805,0.1421
694,0.1506,0.0786,0.1528,0.15905,0.4667,0.1274,0.14175,0.20695,0.1463
695,0.15305,0.0799,0.1452,0.15965,0.1569,0.1271,0.1219,0.15205,0.1446
696,0.1486,0.1108,0.1504,0.1452,0.17195,0.1363,0.16145,0.12895,0.1487
697,0.15045,0.14015,0.1322,0.13445,0.139,0.15105,0.11075,0.13345,0.14655
698,0.14845,0.22635,0.1448,0.14875,0.1714,0.16665,0.138,0.13535,0.15315
699,0.152,0.21545,0.1528,0.1313,0.16735,0.13515,0.13965,0.15375,0.1471
700,0.15075,0.0855,0.1421,0.15135,0.14025,0.14205,0.1435,0.14865,0.15175
701,0.14705,0.1171,0.12775,0.1325,0.18465,0.14735,0.1489,0.15055,0.14755
702,0.1462,0.14015,0.075,0.14945,0.17055,0.1623,0.1411,0.12975,0.14645
703,0.14845,0.1545,0.1386,0.14595,0.15925,0.13915,0.13425,0.17555,0.1473
704,0.1457,0.14985,0.17475,0.1351,0.14755,0.1348,0.1634,0.14245,0.1434
705,0.146,0.1306,0.15135,0.13825,0.1341,0.1223,0.1328,0.1734,0.1508
706,0.1479,0.1241,0.1518,0.13055,0.12575,0.1254,0.14385,0.1356,0.14775
707,0.15075,0.10485,0.14015,0.15015,0.15465,0.1295,0.1536,0.1206,0.13715
708,0.15105,0.0757,0.14685,0.14665,0.12925,0.1421,0.1464,0.1286,0.14945
709,0.14555,0.10715,0.1473,0.14365,0.13765,0.1837,0.4004,0.14155,0.13565
710,0.1457,0.1491,0.1436,0.17365,0.1525,0.15505,0.13535,0.14755,0.15695
711,0.14515,0.0968,0.1535,0.14645,0.1186,0.16135,0.1401,0.1685,0.15075
712,0.14775,0.117,0.13555,0.1581,0.1719,0.1298,0.1383,0.1433,0.1819
713,0.14355,0.118,0.1213,0.13435,0.1343,0.19605,0.14695,0.145,0.15295
714,0.149,0.25485,0.225,0.15625,0.1402,0.1308,0.1513,0.15515,0.15995
715,0.1431,0.24525,0.12125,0.1343,0.1375,0.1345,0.17745,0.145,0.15175
716,0.1462,0.13135,0.13615,0.1347,0.1341,0.08825,0.14715,0.14925,0.1497
717,0.15055,0.12875,0.1185,0.139,0.15275,0.1603,0.1246,0.15415,0.1378
718,0.14935,0.12055,0.1374,0.3077,0.13405,0.1474,0.13835,0.1397,0.1507
719,0.14565,0.0936,0.43585,0.14395,0.124,0.195,0.13575,0.1706,0.1492
720,0.148,0.16445,0.1041,0.13295,0.16025,0.14065,0.1424,0.1975,0.1442
721,0.14615,0.15825,0.13765,0.1586,0.20605,0.1419,0.15415,0.15885,0.1502
722,0.1484,0.1808,0.12055,0.14685,0.1518,0.09405,0.1522,0.1391,0.14195
723,0.1488,0.12775,0.17325,0.1492,0.1791,0.13765,0.1333,0.15025,0.14195
724,0.1473,0.1757,0.18705,0.1413,0.13875,0.1297,0.13765,0.13855,0.1601
725,0.14595,0.0998,0.14065,0.14585,0.14455,0.1291,0.1615,0.12215,0.13725
726,0.1459,0.0748,0.15505,0.13775,0.14755,0.1262,0.13235,0.1169,0.1357
727,0.14715,0.11125,0.17335,0.15745,0.13865,0.1265,0.1755,0.1358,0.15475
728,0.1468,0.0608,0.15015,0.15365,0.1275,0.1292,0.1385,0.17655,0.15
729,0.1495,0.15895,0.11855,0.14745,0.1562,0.1345,0.1702,0.12435,0.14475
730,0.1457,0.1663,0.13975,0.155,0.16715,0.1868,0.13965,0.1638,0.1463
731,0.14535,0.17335,0.17985,0.2027,0.12315,0.18885,0.1295,0.1433,0.1393
732,0.1509,0.1459,0.13895,0.13345,0.15555,0.126,0.14095,0.16405,0.15045
733,0.14535,0.09085,0.1407,0.1494,0.1471,0.1979,0.1544,0.12425,0.1595
734,0.1447,0.10405,0.1195,0.1596,0.13875,0.13405,0.14775,0.13345,0.14065
735,0.1471,0.11875,0.1357,0.1466,0.13775,0.13055,0.1258,0.1453,0.1424
736,0.1457,0.13765,0.1464,0.14125,0.1351,0.14085,0.13775,0.13265,0.14665
737,0.14785,0.24085,0.1543,0.1419,0.15515,0.128,0.14235,0.12605,0.13945
738,0.1483,0.10305,0.16895,0.1475,0.1579,0.1547,0.14165,0.1303,0.13855
739,0.1499,0.1299,0.12845,0.1554,0.18025,0.1403,0.1953,0.1358,0.15845
740,0.146,0.10035,0.1498,0.15655,0.14705,0.21895,0.13315,0.1406,0.188
741,0.1492,0.24385,0.13655,0.1452,0.12675,0.15165,0.14565,0.16555,0.136
742,0.14955,0.1161,0.15565,0.15785,0.1252,0.13645,0.14115,0.1644,0.1572
743,0.1505,0.0994,0.1371,0.14985,0.16895,0.1336,0.14185,0.1363,0.1745
744,0.14675,0.2052,0.14565,0.18155,0.1637,0.15665,0.13635,0.1982,0.15285
745,0.14395,0.14785,0.1378,0.12925,0.2195,0.14775,0.14305,0.12305,0.1454
746,0.14585,0.0907,0.1353,0.1285,0.14405,0.15855,0.14145,0.15325,0.14445
747,0.146,0.12115,0.1468,0.14255,0.1316,0.13535,0.14235,0.1452,0.14855
748,0.1511,0.1424,0.15495,0.1338,0.11885,0.30805,0.15385,0.15315,0.14475
749,0.1453,0.14295,0.14385,0.14425,0.11775,0.17795,0.1444,0.1447,0.1383
750,0.14715,1.0,0.15845,0.1569,0.14665,0.1386,0.13905,0.13305,0.14065
751,0.14485,0.19465,0.14155,0.15195,0.14095,0.14525,0.16895,0.12265,0.1365
752,0.146,0.16815,0.1136,0.16025,0.16235,0.131,0.1398,0.1588,0.17785
753,0.14985,0.17235,0.143,0.1613,0.14045,0.14255,0.14895,0.14475,0.1472
754,0.14955,0.14025,0.14265,0.1515,0.1262,0.13095,0.14895,0.16805,0.1423
755,0.1477,0.13775,0.1573,0.14985,0.13945,0.11095,0.12355,0.1411,0.15845
756,0.14495,0.1703,0.1361,0.1585,0.1224,0.14825,0.14135,0.13515,0.1434
757,0.1494,0.2579,0.12355,0.1312,0.1611,0.11015,0.149,0.1373,0.1573
758,0.1497,0.13985,0.1514,0.1781,0.1312,0.1414,0.144,0.12705,0.15165
759,0.1459,0.19025,0.13535,0.14175,0.15565,0.1413,0.1511,0.1366,0.1542
760,0.15115,0.08335,0.13875,0.1413,0.15905,0.1758,0.13395,0.14955,0.15
761,0.1479,0.22965,0.1303,0.1529,0.13295,0.01985,0.12755,0.14135,0.1626
762,0.14955,0.07405,0.1408,0.13955,0.1411,0.1377,0.15215,0.14705,0.1556
763,0.14455,0.1223,0.13985,0.14545,0.14955,0.129,0.1731,0.13215,0.14045
764,0.15165,0.12055,0.18475,0.1378,0.1584,0.13425,0.187,0.1227,0.15105
765,0.1527,0.1216,0.1486,0.1322,0.13825,0.14695,0.15795,0.1505,0.1496
766,0.14855,0.1207,0.138,0.14275,0.1448,0.12935,0.16305,0.1439,0.147
767,0.14785,0.10285,0.13785,0.1669,0.1505,0.1352,0.1661,0.13105,0.1363
768,0.1489,0.1675,0.1466,0.1342,0.1372,0.1439,0.13935,0.15055,0.15965
769,0.1483,0.14595,0.1302,0.13455,0.13975,0.162,0.1399,0.1243,0.1412
770,0.14975,0.1859,0.1421,0.138,0.1663,0.1328,0.167,0.1468,0.14265
771,0.14625,0.1023,0.14205,0.14385,0.13495,0.142,0.1518,0.1868,0.1479
772,0.14615,0.17015,0.14195,0.16,0.14965,0.15205,0.1508,0.15665,0.1461
773,0.1495,0.12745,0.1301,0.1399,0.14635,0.1014,0.15145,0.113,0.15285
774,0.14685,0.1046,0.13865,0.13905,0.1755,0.14575,0.1342,0.14975,0.1278
775,0.14745,1.0,0.154,0.14995,0.14735,0.17475,0.1503,0.1561,0.1645
776,0.14775,0.23665,0.14695,0.13205,0.1478,0.12535,0.14445,0.16245,0.13275
777,0.1464,0.09635,0.1165,0.15265,0.17495,0.12495,0.14075,0.13165,0.15645
778,0.1476,0.13505,0.19735,0.1386,0.14675,0.14955,0.1341,0.1269,0.14695
779,0.1476,0.1321,0.1239,0.1333,0.14615,0.1233,0.1471,0.1339,0.1562
780,0.15075,0.1627,0.1644,0.12655,0.1241,0.14615,0.1541,0.13625,0.14775
781,0.15025,0.16445,0.12405,0.14655,0.1326,0.1263,0.1429,0.1199,0.13185
782,0.14545,0.1275,0.15295,0.14915,0.1601,0.14635,0.15715,0.1374,0.14625
783,0.14725,0.11785,0.16965,0.14095,0.1356,0.1316,0.1351,0.1403,0.15395
784,0.1491,0.09885,0.1506,0.3401,0.1359,0.15995,0.13975,0.15235,0.1304
785,0.1479,0.0948,0.1258,0.1447,0.1343,0.12925,0.1329,0.1376,0.14945
786,0.1468,0.208,0.20425,0.18595,0.14165,0.16035,0.15635,0.14805,0.1502
787,0.1454,0.08015,0.12835,0.131,0.1172,0.1464,0.14325,0.1588,0.1525
788,0.14485,0.1154,0.1402,0.1321,0.18995,0.12055,0.15685,0.12095,0.15235
789,0.1444,0.12735,0.142,0.16895,0.1277,0.15465,0.16945,0.13685,0.1437
790,0.14365,0.21125,0.13845,0.15915,0.1628,0.15555,0.14205,0.12605,0.13835
791,0.14705,0.13775,0.1444,0.153,0.1363,0.151,0.14455,0.14935,0.1441
792,0.14795,0.1461,0.148,0.15725,0.1601,0.11925,0.15445,0.1337,0.1556
793,0.14875,0.10295,0.1439,0.1408,0.17255,0.1375,0.15425,0.13945,0.1382
794,0.1509,0.20725,0.1424,0.1518,0.1657,0.1826,0.147,0.1614,0.14545
795,0.14545,0.0896,0.1424,0.17765,0.148,0.1925,0.14015,0.13105,0.14755
796,0.15345,0.137,0.14325,0.14265,0.1433,0.1457,0.14415,0.15055,0.1378
797,0.14535,0.10745,0.15965,0.1519,0.12855,0.1496,0.15985,0.12475,0.1427
798,0.14485,0.0825,0.13535,0.1313,0.14985,0.13285,0.13795,0.1458,0.1491
799,0.15195,0.1106,0.2149,0.13195,0.14295,0.1233,0.13345,0.1252,0.1261
800,0.1469,0.1646,0.12615,0.1499,0.17355,0.17065,0.1422,0.1345,0.1464
801,0.1427,0.0702,0.15475,0.15435,0.14405,0.1265,0.15455,0.13015,0.1494
802,0.1484,0.27315,0.1463,0.17325,0.1468,0.2179,0.1506,0.12895,0.14195
803,0.14545,0.1097,0.13275,0.14135,0.1478,0.1251,0.1348,0.1517,0.14085
804,0.1463,0.1267,0.1287,0.15505,0.1402,0.1492,0.14725,0.13555,0.1394
805,0.1487,0.17305,0.1463,0.15235,0.14075,0.17465,0.14775,0.1366,0.14375
806,0.1457,0.1232,0.13165,0.15275,0.13825,0.14605,0.1554,0.11455,0.15195
807,0.1469,0.0772,0.1106,0.1565,0.13315,0.15645,0.2048,0.1444,0.142
808,0.15185,0.12615,0.1471,0.1422,0.13635,0.12405,0.1399,0.136,0.14915
809,0.1506,0.14235,0.15645,0.14985,0.1566,0.14295,0.13415,0.1551,0.14455
810,0.14805,0.278,0.1473,0.1578,0.1334,0.1978,0.16215,0.12005,0.1407
811,0.147,0.1593,0.18135,0.1584,0.24545,0.15805,0.17005,0.1424,0.1401
812,0.15235,0.09625,0.13445,0.1318,0.15265,0.14865,0.13435,0.1598,0.15225
813,0.1455,0.1102,0.1437,0.17195,0.143,0.137,0.13525,0.15965,0.14995
814,0.1456,0.0908,0.19375,0.14325,0.1289,0.12795,0.1352,0.16345,0.1487
815,0.1465,0.0889,0.15325,0.1436,0.13295,0.1606,0.139,0.1528,0.1527
816,0.1465,0.06935,0.2219,0.14565,0.1503,0.14335,0.2025,0.12125,0.13895
817,0.1443,0.1907,0.1311,0.18305,0.16295,0.1568,0.1659,0.1481,0.1543
818,0.1482,0.1056,0.14075,0.1577,0.12925,0.13245,0.13555,0.1443,0.1441
819,0.1472,0.07495,0.15505,0.14305,0.144,0.15585,0.15635,0.12685,0.16315
820,0.1472,0.23345,0.1445,0.14305,0.145,0.16365,0.1539,0.13865,0.13785
821,0.1487,0.1249,0.12295,0.14155,0.1506,0.1618,0.1522,0.1461,0.1473
822,0.1491,0.0775,0.17215,0.14765,0.14675,0.134,0.13535,0.127,0.14545
823,0.1464,0.1618,0.1334,0.15075,0.1348,0.1631,0.1357,0.13475,0.1456
824,0.14755,0.1262,0.13875,0.15155,0.1337,0.12945,0.14595,0.153,0.15095
825,0.1481,0.12965,0.15575,0.1358,0.16055,0.1496,0.1435,0.14505,0.1502
826,0.15135,0.16255,0.1349,0.1384,0.16735,0.1376,0.12915,0.2359,0.1482
827,0.14775,0.1016,0.1445,0.13915,0.186,0.1341,0.1472,0.16655,0.15155
828,0.1454,0.1437,0.18,0.1339,0.13555,0.1329,0.1408,0.12655,0.13815
829,0.15015,0.0859,0.18155,0.1335,0.1379,0.14755,0.1514,0.2105,0.14045
830,0.14825,0.11905,0.1751,0.1496,0.23445,0.1559,0.14015,0.14775,0.14565
831,0.14275,0.1864,0.13265,0.15495,0.1322,0.16285,0.1473,0.21715,0.2675
832,0.14755,0.247,0.1466,0.1416,0.14455,0.15095,0.13375,0.12475,0.1507
833,0.14615,0.1093,0.12475,0.1475,0.15,0.12405,0.1502,0.1314,0.15355
834,0.14755,0.1527,0.14135,0.15665,0.13675,0.13875,0.1529,0.146,0.14905
835,0.1497,0.10655,0.1935,0.14165,0.1475,0.1449,0.1555,0.12015,0.1286
836,0.14855,0.1008,0.1238,0.1631,0.15885,0.13515,0.12735,0.13985,0.15005
837,0.1455,0.16055,0.1254,0.14885,0.149,0.14595,0.14645,0.1344,0.15135
838,0.14435,0.31705,0.14165,0.15155,0.15155,0.14865,0.1544,0.1564,0.1451
839,0.1427,0.0853,0.1389,0.1604,0.17815,0.12945,0.1653,0.1539,0.1467
840,0.1474,0.1847,0.14505,0.14455,0.142,0.1555,0.1416,0.1359,0.146
841,0.15135,0.1163,0.1748,0.1493,0.15465,0.14395,0.1642,0.1856,0.12985
842,0.1511,0.075,0.18065,0.15135,0.1698,0.1353,0.1485,0.13805,0.15255
843,0.1472,0.16215,0.17625,0.15095,0.15335,0.12685,0.14375,0.14235,0.15665
844,0.1479,0.19615,0.13225,0.16045,0.1387,0.1147,0.1356,0.16595,0.14755
845,0.1459,0.10475,0.1587,0.15035,0.138,0.1475,0.1539,0.1396,0.14355
846,0.1484,0.18245,0.13925,0.1328,0.13145,0.1441,0.14125,0.12935,0.14825
847,0.1515,0.2719,0.1355,0.13985,0.157,0.19785,0.14195,0.12565,0.14705
848,0.14965,0.1147,0.12795,0.1513,0.15275,0.12765,0.15295,0.148,0.1432
849,0.15085,0.09595,0.17115,0.1475,0.13545,0.1433,0.13825,0.14865,0.1406
850,0.1469,0.1251,0.26685,0.13975,0.15575,0.11945,0.1368,0.16585,0.14705
851,0.14645,0.1287,0.1336,0.14465,0.21225,0.1301,0.1458,0.13205,0.1473
852,0.14665,0.10805,0.1303,0.149,0.13885,0.1166,0.1518,0.1242,0.1429
853,0.1496,0.13435,0.13555,0.1582,0.17795,0.12195,0.14245,0.18645,0.1435
854,0.14945,0.16875,0.13715,0.15055,0.17265,0.12145,0.1595,0.12045,0.1419
855,0.14575,0.1156,0.1529,0.1935,0.13975,0.12825,0.1402,0.15285,0.1408
856,0.15015,0.1352,0.12385,0.13095,0.15485,0.1427,0.14895,0.1426,0.1454
857,0.1475,0.1461,0.13185,0.13015,0.1425,0.10615,0.1426,0.1518,0.1638
858,0.147,0.1062,0.19925,0.2189,0.13035,0.2252,0.15135,0.1448,0.14315
859,0.1493,0.10505,0.1586,0.1774,0.13305,0.13305,0.139,0.15195,0.12725
860,0.1464,0.1946,0.13325,0.15355,0.14355,0.13675,0.13775,0.14765,0.16195
861,0.1485,0.06385,0.14875,0.14525,1.0,0.1449,0.14975,0.1455,0.1452
862,0.1477,0.0838,0.1115,0.1451,0.1485,0.1296,0.13785,0.14615,0.1534
863,0.1492,0.15185,0.1874,0.161,0.1284,0.1241,0.1345,0.147,0.16375
864,0.14565,0.116,0.1213,0.14295,0.13745,0.15115,0.15065,0.1405,0.15045
865,0.14675,0.2496,0.138,0.14655,0.13345,0.1366,0.13945,0.1336,0.1572
866,0.1469,0.1909,0.12825,0.14025,0.13195,0.1324,0.1277,0.1381,0.14465
867,0.15155,0.1194,0.14815,0.1458,0.154,0.1252,0.28975,0.1413,0.1619
868,0.14455,0.1623,0.1558,0.13165,0.15005,0.15,0.1373,0.13425,0.14435
869,0.146,0.1762,0.1819,0.15555,0.16225,0.1304,0.12635,0.13955,0.1366
870,0.1435,0.1024,0.16515,0.1318,0.18785,0.1359,0.14125,0.1495,0.15485
871,0.15115,0.19025,0.14755,0.1473,0.12975,0.1686,0.1373,0.12985,0.1455
872,0.1477,0.11555,0.1642,0.1486,0.1335,0.12355,0.13925,0.12845,0.1464
873,0.14515,0.1193,0.12075,0.17035,0.13685,0.12745,0.15065,0.1732,0.15385
874,0.1486,0.13255,0.20585,0.146,0.1506,0.13335,0.1517,0.16195,0.14745
875,0.14815,0.1276,0.1836,0.1509,0.1344,0.13225,0.1434,0.10445,0.1453
876,0.14755,0.1588,0.13665,0.14225,0.14425,0.2097,0.1426,0.13015,0.14895
877,0.14715,0.1162,0.12985,0.1608,0.4037,0.1216,0.16915,0.14285,0.14765
878,0.14745,0.10775,0.1248,0.1334,0.1526,0.14845,0.13925,0.1356,0.14585
879,0.14795,0.17055,0.14415,0.1722,0.14245,0.14345,0.1311,0.1498,0.1487
880,0.1498,0.1276,0.14535,0.1366,0.16015,0.1536,0.1771,0.19505,0.13765
881,0.14405,0.09395,0.1323,0.1589,0.36005,0.12065,0.16885,0.14525,0.15205
882,0.15085,0.1152,0.12955,0.14525,0.1512,0.1376,0.1451,0.1741,0.1525
883,0.1474,0.0643,0.14235,0.1542,0.1397,0.1453,0.13395,0.1816,0.15475
884,0.14705,0.15465,0.13615,0.1523,0.1497,0.15655,0.12855,0.1841,0.15185
885,0.14785,0.1564,0.13615,0.15025,0.1301,0.134,0.14645,0.1537,0.1597
886,0.14615,0.25725,0.1443,0.1487,0.175,0.186,0.13815,0.18575,0.1545
887,0.15105,0.10465,0.1376,0.14775,0.1546,0.14975,0.1532,0.14785,0.1527
888,0.14675,0.08315,0.13835,0.1519,0.14175,0.1298,0.1335,0.1454,0.14675
889,0.14525,0.14725,0.1159,0.1461,0.13325,0.1549,0.14815,0.17305,0.13515
890,0.15205,0.1528,0.165,0.1407,0.1587,0.1113,0.143,0.1521,0.1494
891,0.14865,0.1878,0.13255,0.1444,0.16075,0.1527,0.17775,0.1544,0.14385
892,0.14835,0.1695,0.14925,0.14225,0.15645,0.157,0.1502,0.14525,0.1452
893,0.1499,0.0954,0.1544,0.13505,0.22275,0.1274,0.13995,0.13405,0.1528
894,0.15145,0.1495,0.1566,0.1441,0.1252,0.1536,0.13355,0.13265,0.14625
895,0.15375,0.1467,0.16325,0.1418,0.14605,0.1659,0.14335,0.15855,0.1623
896,0.1499,0.1158,0.1358,0.1333,0.19605,0.1242,0.15585,0.1307,0.15125
897,0.14485,0.12455,0.14675,0.15055,0.1365,0.13125,0.15035,0.14525,0.14645
898,0.14955,0.14495,0.1523,0.1526,0.1443,0.1196,0.13725,0.1242,0.13895
899,0.14305,0.21865,0.1609,0.14305,0.13605,0.13905,0.14425,0.133,0.14145
900,0.1456,0.14325,0.26885,0.136,0.1571,0.1235,0.13955,0.1323,0.13455
901,0.14575,0.22885,0.14105,0.13335,0.1425,0.14305,0.14125,0.1356,0.149
902,0.14935,0.15525,0.12955,0.1387,0.16,0.1286,0.1485,0.14955,0.1372
903,0.14635,0.1206,0.1337,0.1673,0.14405,0.12675,0.21555,0.12515,0.1492
904,0.1488,0.09145,0.13815,0.1384,0.1615,0.1177,0.1374,0.13765,0.16005
905,0.14585,0.24305,0.17415,0.14495,0.13705,0.13835,0.1719,0.13955,0.1459
906,0.14795,0.13515,0.13975,0.1407,0.1366,0.122,0.1312,0.14435,0.1531
907,0.1519,0.1271,0.1631,0.15555,0.1486,0.14315,0.1364,0.1196,0.14405
908,0.1485,0.0861,0.1288,0.1354,0.141,0.13325,0.1347,0.1541,0.1393
909,0.1471,0.11385,0.1193,0.1388,0.125,0.1556,0.1234,0.15365,0.1517
910,0.15285,0.06635,0.15295,0.1445,0.1932,0.1389,0.14125,0.1315,0.15225
911,0.14565,0.15275,0.14795,0.19915,0.1296,0.1502,0.13605,0.14255,0.1469
912,0.1458,0.1662,0.15495,0.13725,0.16845,0.12755,0.14135,0.14,0.14425
913,0.152,0.1254,0.13945,0.28815,0.1424,0.1431,0.13295,0.17565,0.142
914,0.14565,0.14045,0.13115,0.1575,0.14255,0.13535,0.1358,0.13515,0.1542
915,0.144,0.0901,0.1491,0.1807,0.1427,0.12685,0.1636,0.1391,0.14555
916,0.1476,0.19075,0.16035,0.18995,0.12855,0.1528,0.14375,0.13465,0.14965
917,0.1484,0.1635,0.1678,0.1514,0.1431,0.16325,0.1318,0.1491,0.1433
918,0.15,0.20445,0.1316,0.14525,0.1453,0.17285,0.14865,0.16695,0.1504
919,0.15495,0.0934,0.1457,0.14615,0.14965,0.1504,0.13455,0.1359,0.14275
920,0.14455,0.29055,0.14665,0.15195,0.1468,0.1425,0.14765,0.1383,0.1337
921,0.14805,0.16965,0.1532,0.1343,0.1427,0.1222,0.1557,0.13955,0.1462
922,0.1496,0.17415,0.14855,0.14655,0.1465,0.1466,0.1395,0.14915,0.21625
923,0.149,0.2788,0.1411,0.142,0.15185,0.1457,0.13395,0.14995,0.1557
924,0.1505,0.1073,0.1532,0.1633,0.1504,0.1714,0.13785,0.13255,0.15055
925,0.1475,0.0834,0.1556,0.13305,0.15205,0.14585,0.15025,0.13775,0.1598
926,0.14855,0.57395,0.1304,0.14325,0.1374,0.1298,0.17425,0.1538,0.15105
927,0.1498,0.2667,0.12985,0.199,0.12605,0.13285,0.14,0.14425,0.1414
928,0.1478,0.1975,0.14275,0.15685,0.16485,0.12825,0.13705,0.1416,0.15345
929,0.14705,0.17025,0.22525,0.14445,0.1684,0.14545,0.13655,0.1228,0.14815
930,0.1447,0.1904,0.14635,0.15835,0.13205,0.1265,0.13855,0.15215,0.14135
931,0.14675,0.37595,0.13715,0.17995,0.13955,0.12715,0.1382,0.1312,0.13965
932,0.14815,0.1614,0.14805,0.1346,0.1299,0.19685,0.12985,0.1489,0.1639
933,0.14875,0.1309,0.17185,0.14505,0.15555,0.24345,0.16265,0.15205,0.14615
934,0.1472,0.057,0.1642,0.14985,0.1868,0.15255,0.13995,0.14765,0.14735
935,0.1518,0.15035,0.1351,0.13965,0.1328,0.16185,0.15595,0.13115,0.15155
936,0.1456,0.1817,0.16955,0.1474,0.1778,0.13055,0.15605,0.11555,0.142
937,0.1505,0.09525,0.15295,0.1498,0.1422,0.14085,0.13055,0.1303,0.15365
938,0.1534,0.1008,0.1445,0.14955,0.13585,0.18395,0.1395,0.16555,0.152
939,0.1439,0.1237,0.1539,0.13505,0.15045,0.1313,0.13565,0.12665,0.13635
940,0.1473,0.0902,0.15455,0.14685,0.1585,0.1419,0.17705,0.1315,0.1447
941,0.146,0.1114,0.1515,0.1392,0.1648,0.193,0.18605,0.13625,0.13615
942,0.1488,0.12745,0.1491,0.1382,0.1352,0.14495,0.13785,0.16865,0.14095
943,0.14965,0.09335,0.1352,0.13685,0.1372,0.1963,0.14435,0.16475,0.14075
944,0.147,0.1214,0.1269,0.1506,0.16635,0.14925,0.16745,0.168,0.15055
945,0.14485,0.17905,0.1588,0.1556,0.1599,0.135,0.14785,0.14435,0.1477
946,0.1507,0.28625,0.1113,0.1516,0.13865,0.14495,0.13695,0.15425,0.1494
947,0.1468,0.2073,0.1476,0.14355,0.1421,0.13245,0.1425,0.13635,0.1469
948,0.1501,0.155,0.14205,0.16115,0.1645,0.13225,0.1562,0.1476,0.1591
949,0.1464,0.22685,0.13615,0.15495,0.17305,0.13595,0.12955,0.1244,0.14455
950,0.1457,0.11785,0.14085,0.13605,0.1496,0.16235,0.16145,0.1243,0.1401
951,0.15155,1.0,0.1295,0.16815,0.2108,0.14445,0.1339,0.1694,0.1353
952,0.14555,0.10875,0.1277,0.1498,0.1477,0.1482,0.14325,0.11745,0.146
953,0.14555,0.1008,0.13325,0.14825,0.14015,0.1459,0.1387,0.14755,0.15385
954,0.1528,0.1495,0.14265,0.14565,0.13945,0.1293,0.1531,0.1653,0.14945
955,0.1471,0.0624,0.1619,0.15865,0.1648,0.24845,0.1364,0.1395,0.1371
956,0.1498,0.0811,0.14515,0.1452,0.1827,0.14225,0.1397,0.12545,0.14665
957,0.14715,0.16245,0.14225,0.15345,0.1423,0.1424,0.16005,0.15335,0.14165
958,0.14775,0.15835,0.13855,0.1345,0.1598,0.1408,0.1407,0.1662,0.15315
959,0.1477,0.11685,0.1875,0.16245,0.1488,0.1247,0.14485,0.11925,0.15035
960,0.15105,0.0807,0.1193,0.15455,0.1254,0.13915,0.1407,0.1393,0.1512
961,0.1496,0.21225,0.15005,0.13665,0.1451,0.1154,0.12525,0.1604,0.1529
962,0.14975,0.3889,0.14685,0.136,0.13425,0.17455,0.1446,0.12775,0.14725
963,0.1455,0.18085,0.158,0.1358,0.1346,0.1347,0.155,0.1491,0.1359
964,0.1493,0.14535,0.17285,0.1471,0.2048,0.1305,0.15075,0.1586,0.1543
965,0.15195,0.0848,0.2726,0.15315,0.14745,0.1664,0.17925,0.1207,0.14955
966,0.14975,0.13005,0.12295,0.1497,0.13015,0.1285,0.1461,0.14445,0.1507
967,0.14515,0.1265,0.14905,0.14445,0.1541,0.1338,0.1468,0.13055,0.1448
968,0.1485,0.2228,0.1712,0.1629,0.1095,0.13195,0.1445,0.1278,0.1413
969,0.1486,0.15005,0.15045,0.1549,0.1293,0.1284,0.15975,0.1729,0.1384
970,0.1454,0.1175,0.14445,0.1506,0.1461,0.1333,0.1687,0.13555,0.1366
971,0.1469,0.12445,0.1655,0.1565,0.1375,0.15455,0.137,0.1325,0.1402
972,0.14515,0.09505,0.1467,0.16005,0.15205,0.1512,0.13165,0.15895,0.14265
973,0.14675,0.1069,0.1351,0.14765,0.21295,0.16465,0.15095,0.15475,0.15065
974,0.14325,0.09245,0.13865,0.1537,0.1676,0.13275,0.137,0.16455,0.14585
975,0.14725,0.1137,0.1215,0.1422,0.14875,0.15465,0.20045,0.12245,0.14345
976,0.1471,0.15275,0.14635,0.16505,0.14275,0.1376,0.1488,0.13575,0.15715
977,0.14495,0.08915,0.1225,0.17,0.1303,0.1392,0.1445,0.1426,0.14835
978,0.1451,0.1367,0.14545,0.1454,0.15805,0.1371,0.1306,0.14095,0.1512
979,0.1416,0.1196,0.1285,0.13975,0.17075,0.15455,0.1656,0.1433,0.1497
980,0.14755,0.2569,0.13165,0.16475,0.1371,0.1447,0.1448,0.1357,0.1454
981,0.1454,0.1632,0.1564,0.1487,0.13195,0.1327,0.138,0.12875,0.1474
982,0.1476,0.16255,0.15355,0.15115,0.13945,0.14255,0.1297,0.1472,0.15355
983,0.1517,0.10615,0.13505,0.1607,0.16875,0.1228,0.14905,0.13825,0.14515
984,0.14535,0.10655,0.12555,0.15395,0.1593,0.23345,0.1296,0.134,0.13765
985,0.1494,0.1491,0.16565,0.15495,0.1398,0.1261,0.1365,0.16395,0.15265
986,0.14895,0.67585,0.15915,0.1444,0.1581,0.1911,0.236,0.13735,0.135
987,0.15255,0.15085,0.1479,0.14815,0.13215,0.133,0.1293,0.14485,0.14655
988,0.15205,0.16515,0.1402,0.1266,0.1378,0.13705,0.14775,0.14775,0.14375
989,0.1481,0.344,0.14795,0.15745,0.1601,0.12125,0.1346,0.145,0.1429
990,0.1468,0.14285,0.1421,0.1465,0.15895,0.13545,0.13695,0.15335,0.1552
991,0.14995,0.22925,0.13955,0.15845,0.14375,0.15855,0.15,0.1381,0.14505
992,0.1449,0.0944,0.1562,0.1358,0.1426,0.14055,0.15255,0.12525,0.15695
993,0.143,0.0727,0.16945,0.1405,0.1608,0.13625,0.14605,0.13735,0.1361
994,0.14275,0.10635,0.1524,0.14795,0.1332,0.12195,0.1607,0.1557,0.15525
995,0.14405,0.10535,0.2155,0.1555,0.1308,0.1473,0.1301,0.1444,0.1257
996,0.1493,0.0875,0.1299,0.13585,0.1802,0.1772,0.15025,0.1423,0.1414
997,0.14935,0.1178,0.1158,0.1435,0.1624,0.143,0.1242,0.15665,0.143
998,0.1459,0.10555,0.14375,0.14575,0.12075,0.1415,0.12815,0.13015,0.14845
999,0.1507,0.1179,0.1302,0.12905,0.14135,0.1528,0.14105,0.14255,0.14165
1000,0.1472,0.25775,0.1252,0.1618,0.20105,0.15735,0.13265,0.1197,0.13875
1001,0.14805,0.11145,0.15825,0.13695,0.1659,0.1669,0.14445,0.1402,0.5469
1002,0.15005,0.1149,0.1473,0.1503,0.13285,0.13255,0.14535,0.1441,0.1528
1003,0.1487,0.10525,0.138,0.1359,0.1454,0.12295,0.1229,0.1384,0.1367
1004,0.14965,0.19285,0.1655,0.1285,0.12495,0.1309,0.1414,0.1388,0.13435
1005,0.14745,0.20045,0.34315,0.14565,0.16545,0.11375,0.13405,0.13805,0.1493
1006,0.1506,0.11355,0.1323,0.1385,0.14695,0.12125,0.14955,0.14225,0.15015
1007,0.1459,0.28855,0.12785,0.1487,0.16145,0.14955,0.15,0.134,0.14785
1008,0.14625,0.0983,0.1321,0.15145,0.1751,0.22435,0.1345,0.16135,0.1642
1009,0.1507,0.1206,0.1628,0.142,0.1276,0.1283,0.1549,0.1351,0.1419
1010,0.1466,0.5113,0.1526,0.13515,0.1381,0.14875,0.1338,0.15045,0.1491
1011,0.1491,0.13965,0.14605,0.15305,0.17595,0.1471,0.13675,0.15305,0.1577
1012,0.1491,0.40245,0.123,0.1336,0.14305,0.174,0.13025,0.1598,0.16075
1013,0.14755,0.1045,0.16,0.1445,0.13125,0.15365,0.13905,0.12795,0.148
1014,0.1504,0.1852,0.13215,0.1505,0.16875,0.15485,0.14595,0.12395,0.1492
1015,0.14905,0.0828,0.1593,0.19255,0.13345,0.1356,0.1376,0.1907,0.14205
1016,0.1463,0.0899,0.13455,0.2182,0.1616,0.13315,0.14905,0.1757,0.13685
1017,0.1471,0.0862,0.1557,0.14395,0.15925,0.1318,0.1576,0.1262,0.1367
1018,0.14425,0.1508,0.1418,0.13295,0.13735,0.12675,0.14685,0.14045,0.15065
1019,0.1497,0.12495,0.1491,0.1489,0.18725,0.15065,0.16855,0.1401,0.14675
1020,0.15145,0.0983,0.15225,0.1329,0.14555,0.14645,0.14275,0.15535,0.14335
1021,0.14525,0.15945,0.14115,0.15055,0.1504,0.1282,0.1393,0.1525,0.14715
1022,0.1501,0.07305,0.1359,0.15995,0.12865,0.122,0.16125,0.1311,0.1401
1023,0.14995,0.13975,0.14435,0.133,0.1526,0.15145,0.1405,0.14805,0.13935
1024,0.1445,0.1884,0.13415,0.12785,0.1661,0.16285,0.13685,0.13345,0.15435
1025,0.1461,0.21145,0.14695,0.1596,0.16215,0.14945,0.1418,0.1374,0.15545
1026,0.1451,0.10955,0.13555,0.1404,0.1528,0.1534,0.13975,0.1446,0.14065
1027,0.1472,0.1523,0.12905,0.14715,0.1613,0.1884,0.1565,0.1494,0.1424
1028,0.14685,0.0864,0.146,0.1378,0.1414,0.1413,0.13775,0.11655,0.1485
1029,0.15065,0.141,0.1431,0.14245,0.12015,0.1399,0.1469,0.13025,0.1599
1030,0.1463,0.1361,0.14075,0.16035,0.1563,0.13335,0.1591,0.1285,0.1512
1031,0.1482,0.0942,0.1571,0.153,0.14105,0.14675,0.1419,0.14995,0.1444
1032,0.1444,0.1033,0.13925,0.1362,0.1268,0.16335,0.1504,0.1059,0.1452
1033,0.14685,0.2324,0.13445,0.1496,0.16045,0.148,0.17225,0.15005,0.15465
1034,0.1477,0.16845,0.1309,0.1602,0.12915,0.1406,0.13865,0.15905,0.1404
1035,0.14755,0.1696,0.1688,0.1534,0.1295,0.1385,0.1419,0.1533,0.15035
1036,0.14915,0.2854,0.1516,0.1371,0.1501,0.1487,0.15655,0.1561,0.1463
1037,0.14415,0.16235,0.12705,0.15155,0.16145,0.12335,0.1564,0.1435,0.15075
1038,0.14435,0.2118,0.12155,0.14395,0.13555,0.14165,0.1494,0.1303,0.1437
1039,0.15115,0.30065,0.16465,0.15925,0.1351,0.13995,0.1386,0.143,0.15025
1040,0.1455,0.09595,0.18695,0.1334,0.1501,0.12935,0.14015,0.1389,0.15585
1041,0.14835,0.12815,0.1391,0.13725,0.14895,0.12135,0.15455,0.1346,0.14375
1042,0.15035,0.1192,0.1878,0.14905,0.1717,0.13415,0.13945,0.17595,0.1421
1043,0.14895,0.13135,0.13125,0.1445,0.1686,0.12925,0.1887,0.14045,0.13955
1044,0.1464,0.1114,0.1495,0.1567,0.1515,0.1356,0.14065,0.1329,0.1553
1045,0.14415,0.0813,0.12905,0.16025,0.16205,0.15305,0.16195,0.1389,0.15935
1046,0.14655,0.11985,0.1666,0.14335,0.1629,0.1129,0.14515,0.1559,0.15025
1047,0.14275,0.13905,0.14965,0.1587,0.13605,0.16065,0.1594,0.16055,0.15965
1048,0.14395,0.17975,0.1452,0.13845,0.1504,0.13735,0.1563,0.12495,0.15465
1049,0.1475,0.12275,0.1463,0.1533,0.1371,0.1267,0.1401,0.141,0.1387
1050,0.1431,0.1896,0.17105,0.1621,0.14095,0.16735,0.1455,0.12655,0.14285
1051,0.14425,0.0971,0.1699,0.15195,0.1564,0.14045,0.13725,0.14255,0.1447
1052,0.1474,0.09335,0.15935,0.16915,0.1359,0.1361,0.148,0.1265,0.14765
1053,0.14425,0.1677,0.1455,0.1481,0.12385,0.14505,0.1459,0.1385,0.13355
1054,0.1452,0.1158,0.14665,0.1907,0.13515,0.1483,0.1503,0.1401,0.1447
1055,0.1465,0.0915,0.1458,0.17685,0.1434,0.13945,0.1549,0.14725,0.1445
1056,0.146,0.1028,0.14805,0.14915,0.16965,0.13645,0.1446,0.1595,0.1352
1057,0.1443,0.1686,0.15325,0.1397,0.16195,0.15955,0.15135,0.1383,0.1563
1058,0.15075,0.15955,0.144,0.15105,0.1408,0.13735,0.13985,0.1717,0.13775
1059,0.1474,0.1787,0.15805,0.15485,0.1533,0.15695,0.13365,0.1256,0.13425
1060,0.1463,0.10565,0.12485,0.16445,0.15175,0.14975,0.1676,0.13925,0.14165
1061,0.14765,0.08395,0.1611,0.1447,0.14775,0.14975,0.1411,0.1355,0.1398
1062,0.15135,0.05845,0.1398,0.15425,0.1334,0.14895,0.1436,0.1483,0.149
1063,0.1483,0.11495,0.12815,0.1307,0.13235,0.1374,0.1535,0.1723,0.1412
1064,0.14595,0.08945,0.1225,0.15395,0.1279,0.1203,0.2249,0.12275,0.14875
1065,0.1473,0.09045,0.15235,0.15945,0.1475,0.13275,0.14145,0.15345,0.14375
1066,0.14865,0.326,0.19275,0.16705,0.1629,0.1566,0.1498,0.13275,0.14695
1067,0.1495,0.2352,0.13285,0.15025,0.1796,0.1859,0.1499,0.1478,0.14775
1068,0.1475,0.0763,0.21215,0.1328,0.15065,0.1133,0.15805,0.139,0.15295
1069,0.1485,0.10165,0.12295,0.13595,0.1679,0.1557,0.185,0.15185,0.1498
1070,0.1472,0.08905,0.1381,0.14735,0.1531,0.11935,0.1953,0.17195,0.1471
1071,0.14435,0.3059,0.15145,0.1503,0.13575,0.12545,0.14395,0.13825,0.14355
1072,0.14325,0.11275,0.1547,0.1541,0.15195,0.10155,0.14115,0.15425,0.1437
1073,0.15165,0.1156,0.1608,0.144,0.12385,0.14605,0.1399,0.13165,0.1436
1074,0.1455,0.0824,0.11775,0.14415,0.15835,0.25605,0.1353,0.16965,0.14745
1075,0.14815,0.1722,0.14755,0.1505,0.15135,0.12845,0.14745,0.1615,0.14945
1076,0.14875,0.1502,0.1439,0.1337,0.15235,0.13685,0.1975,0.1301,0.15155
1077,0.1452,0.13175,0.1601,0.1367,0.1645,0.1341,0.1388,0.13315,0.1407
1078,0.15,0.29525,0.13415,0.1543,0.13615,0.1376,0.136,0.1796,0.15735
1079,0.14495,0.11675,0.1512,0.14595,0.1552,0.15475,0.1646,0.131,0.13785
1080,0.1434,0.1181,0.12575,0.14285,0.13535,0.13255,0.13725,0.14065,0.1541
1081,0.1517,0.10695,0.14945,0.15655,0.1281,0.1647,0.14345,0.1361,0.1578
1082,0.15095,0.07215,0.16435,0.14065,0.14675,0.13995,0.1328,0.18195,0.14545
1083,0.14605,0.17085,0.14025,0.1454,0.15385,0.14475,0.13625,0.1305,0.1424
1084,0.14355,0.2128,0.13995,0.13535,0.1479,0.1346,0.1347,0.14815,0.14745
1085,0.1484,0.09805,0.23455,0.14435,0.14595,0.1805,0.14955,0.12975,0.1412
1086,0.14495,0.1164,0.1607,0.1332,0.15045,0.12085,0.13945,0.1556,0.14545
1087,0.1474,0.1071,0.1297,0.1476,0.13695,0.1409,0.14975,0.16545,0.15445
1088,0.1517,0.1965,0.1416,0.15,0.1537,0.1504,0.1449,0.1559,0.1624
1089,0.1482,0.0867,0.1315,0.13315,0.143,0.1496,0.14405,0.15075,0.1499
1090,0.1471,0.19765,0.13375,0.13975,0.1377,0.1466,0.15775,0.14175,0.1509
1091,0.15065,0.13995,0.15325,0.18005,0.1437,0.159,0.1516,0.15405,0.14685
1092,0.14575,0.0723,0.1416,0.14755,0.1478,0.15495,0.1391,0.1686,0.15225
1093,0.146,0.10175,0.33,0.1693,0.15415,0.1371,0.1383,0.14005,0.14655
1094,0.1416,0.22985,0.17235,0.1497,0.13165,0.2007,0.13715,0.12525,0.1492
1095,0.1495,0.1513,0.144,0.1468,0.16305,0.12925,0.1466,0.14425,0.1542
1096,0.15415,0.07745,0.1555,0.1372,0.1455,0.12455,0.12585,0.15105,0.15035
1097,0.14955,0.16735,0.1348,0.1679,0.14155,0.14785,0.15735,0.16865,0.14575
1098,0.149,0.1327,0.1447,0.13095,0.131,0.15945,0.15475,0.144,0.14275
1099,0.14405,0.1146,0.1728,0.16525,0.2344,0.1379,0.16025,0.14955,0.13895
1100,0.1431,0.1157,0.1252,0.14115,0.1585,0.1272,0.1563,0.14675,0.15145
1101,0.15165,0.09295,0.1304,0.2689,0.1326,0.27805,0.20915,0.1459,0.15465
1102,0.15085,0.1263,0.14865,0.15885,0.1384,0.11565,0.14755,0.19025,0.14485
1103,0.1443,0.15145,0.14465,0.148,0.2007,0.1685,0.13785,0.1388,0.15935
1104,0.1491,0.1397,0.14135,0.1433,0.1754,0.1209,0.1448,0.12935,0.143
1105,0.14855,0.0819,0.18435,0.16265,0.14005,0.1601,0.13775,0.1412,0.14445
1106,0.1522,0.0808,0.5415,0.1431,0.13325,0.12375,0.13705,0.15305,0.14855
1107,0.15525,0.0877,0.1904,0.14575,0.14555,0.14585,0.12735,0.1364,0.1364
1108,0.1499,0.07105,0.14465,0.2323,0.137,0.1667,0.1384,0.1473,0.15065
1109,0.1529,0.0987,0.1657,0.1364,0.13335,0.13835,0.15325,0.1244,0.1509
1110,0.1486,0.1609,0.2099,0.15665,0.1445,0.142,0.1572,0.12705,0.14885
1111,0.14885,0.14175,0.1455,0.1493,0.29685,0.1779,0.13905,0.1421,0.1506
1112,0.14705,0.0848,0.1324,0.1608,0.13205,0.14655,0.13195,0.15275,0.14125
1113,0.1494,0.08365,0.134,0.1496,0.1338,0.14285,0.1394,0.13345,0.14715
1114,0.1488,0.0638,0.13375,0.14695,0.1427,0.12,0.1403,0.1565,0.15065
1115,0.14515,0.1395,0.1729,0.14855,0.17965,0.13405,0.1375,0.1471,0.1362
1116,0.14765,0.1388,0.14715,0.13265,0.14245,0.1189,0.13805,0.1247,0.14125
1117,0.1549,0.14265,0.1322,0.14215,0.31,0.1678,0.14255,0.12765,0.14425
1118,0.1483,0.0733,0.13475,0.1471,0.1585,0.1388,0.13505,0.20165,0.14845
1119,0.14495,0.0924,0.13975,0.14845,0.1458,0.1228,0.15365,0.13365,0.15905
1120,0.1392,0.13465,0.1568,0.14965,0.1318,0.12615,0.14855,0.1547,0.14555
1121,0.14735,0.1442,0.14965,0.13715,0.1397,0.13575,0.1432,0.1248,0.13655
1122,0.15005,0.3646,0.1744,0.1506,0.1421,0.1416,0.1346,0.14715,0.14625
1123,0.1455,0.15495,0.17235,0.13515,0.13585,0.11725,0.16235,0.1503,0.1422
1124,0.1453,0.3447,0.1614,0.14715,0.2151,0.1258,0.13725,0.141,0.1525
1125,0.14565,0.07765,0.1233,0.1882,0.13875,0.12925,0.13935,0.1617,0.1437
1126,0.1464,0.1246,0.17855,0.1924,0.1393,0.13925,0.14035,0.17875,0.1398
1127,0.1409,0.1244,0.1519,0.18,0.13635,0.12125,0.14835,0.1344,0.15775
1128,0.1524,0.10915,0.13145,0.15685,0.14035,0.15095,0.13685,0.14095,0.15075
1129,0.1479,0.1257,0.12165,0.14455,0.1584,0.1544,0.1392,0.12985,0.15635
1130,0.14685,0.0814,0.26635,0.1496,0.124,0.15505,0.1406,0.12595,0.14195
1131,0.1448,0.13145,0.1514,0.14005,0.13285,0.13465,0.15615,0.16195,0.1525
1132,0.14805,0.1863,0.13675,0.14285,0.1794,0.14345,0.14275,0.18205,0.15475
1133,0.1465,0.08445,0.1345,0.1588,0.1604,0.1259,0.13505,0.14405,0.1427
1134,0.14705,0.1543,0.1497,0.1681,0.19625,0.13955,0.13585,0.1735,0.1481
1135,0.1455,0.0863,0.1405,0.1355,0.143,0.13265,0.14695,0.1503,0.14135
1136,0.1508,0.1367,0.33595,0.152,0.1535,0.11745,0.13705,0.14675,0.1445
1137,0.14985,0.1744,0.14195,0.14295,0.1377,0.1436,0.14615,0.1367,0.1505
1138,0.15165,0.1041,0.1422,0.1531,0.1446,0.1394,0.1455,0.1319,0.1552
1139,0.1502,0.20485,0.13765,0.1436,0.1339,0.1593,0.18755,0.1498,0.14125
1140,0.14655,0.0881,0.1491,0.15705,0.14125,0.14365,0.1359,0.1581,0.146
1141,0.15045,0.14045,0.17895,0.13895,0.155,0.1678,0.14675,0.1375,0.15625
1142,0.1526,0.1561,0.1603,0.149,0.1246,0.17265,0.13985,0.13075,0.14895
1143,0.1457,0.1533,0.1291,0.15325,0.14645,0.1857,0.14855,0.1258,0.1573
1144,0.1503,0.09965,0.1604,0.1616,0.1491,0.14345,0.18745,0.16575,0.1436
1145,0.15515,0.13695,0.14065,0.1479,0.1268,0.1376,0.1421,0.14255,0.15905
1146,0.14665,0.13965,0.148,0.13975,0.18325,0.14355,0.1344,0.13425,0.148
1147,0.1484,0.14275,0.1318,0.1732,0.14005,0.136,0.161,0.1178,0.14745
1148,0.1508,0.1007,0.13415,0.13915,0.14815,0.15795,0.1691,0.15375,0.1591
1149,0.15015,0.15305,0.1451,0.1479,0.17595,0.15305,0.12645,0.12255,0.13225
1150,0.14815,0.09275,0.14595,0.2457,0.1451,0.1565,0.1505,0.17075,0.1371
1151,0.14805,0.1251,0.1291,0.1449,0.1551,0.1745,0.15115,0.1394,0.15595
1152,0.1525,0.0942,0.15335,0.15595,0.129,0.1268,0.1372,0.12485,0.1507
1153,0.14735,0.08805,0.1324,0.1428,0.1152,0.1305,0.17045,0.1438,0.15425
1154,0.14725,0.0909,0.13075,0.14305,0.1909,0.1801,0.13845,0.12855,0.1399
1155,0.1429,0.1385,0.1435,0.13525,0.15625,0.146,0.1363,0.1378,0.13935
1156,0.14655,0.1429,0.12335,0.14855,0.1476,0.13055,0.15115,0.14315,0.14505
1157,0.147,0.20635,0.1599,0.16245,0.1298,0.15675,0.14065,0.12765,0.14425
1158,0.14655,0.1915,0.1451,0.14935,0.14615,0.12875,0.15285,0.1392,0.15275
1159,0.1465,0.169,0.14745,0.14585,0.14055,0.1464,0.15915,0.1468,0.1436
1160,0.14995,0.14025,0.1526,0.1461,0.1308,0.1328,0.13975,0.21785,0.1444
1161,0.1475,0.0908,0.15515,0.1522,0.13995,0.1391,0.13665,0.1392,0.14465
1162,0.15085,0.081,0.13965,0.14835,0.1527,0.128,0.16275,0.17025,0.14175
1163,0.14705,0.11685,0.1362,0.1445,0.16055,0.14645,0.1623,0.14965,0.1393
1164,0.14685,0.1215,0.15145,0.1489,0.13315,0.164,0.13315,0.1407,0.16345
1165,0.14655,0.10395,0.1518,0.13935,0.15945,0.14755,0.13275,0.1361,0.15115
1166,0.1484,0.1267,0.1535,0.16305,0.13155,0.1402,0.146,0.1477,0.14685
1167,0.14725,0.1094,0.20345,0.1539,0.147,0.1698,0.1347,0.12725,0.1417
1168,0.1447,0.1049,0.18485,0.1427,0.1349,0.13225,0.1569,0.1324,0.15795
1169,0.14735,0.081,0.1477,0.14565,0.16375,0.13555,0.13625,0.1061,0.1491
1170,0.1506,0.1013,0.1536,0.15515,0.13815,0.15545,0.14465,0.15105,0.1488
1171,0.14575,0.1177,0.13675,0.13815,0.1253,0.1275,0.1489,0.12885,0.1436
1172,0.14855,0.59535,0.12725,0.1406,0.13575,0.1259,0.14195,0.1297,0.15515
1173,0.15215,0.08265,0.2169,0.1442,0.2508,0.14195,0.1387,0.1324,0.1511
1174,0.14685,0.08055,0.1269,0.13145,0.14005,0.1317,0.1609,0.1373,0.14845
1175,0.14965,0.11465,0.13155,0.15165,0.1463,0.1495,0.1453,0.12645,0.15105
1176,0.1491,0.1267,0.2369,0.1434,0.1519,0.1603,0.1331,0.12885,0.1512
1177,0.14695,0.1093,0.1379,0.14965,0.14975,0.13305,0.1541,0.1191,0.1464
1178,0.1456,0.1283,0.12285,0.14065,0.14165,0.13105,0.1354,0.1568,0.1441
1179,0.14665,0.1139,0.1449,0.1274,0.14795,0.15735,0.14335,0.126,0.1515
1180,0.14905,0.14435,0.15425,0.1831,0.15435,0.1444,0.1632,0.16015,0.1282
1181,0.1493,0.0843,0.121,0.14105,0.1451,0.15315,0.1379,0.15945,0.13815
1182,0.1509,0.14805,0.13585,0.148,0.1872,0.1437,0.13985,0.1548,0.1379
1183,0.1459,0.24775,0.15335,0.15985,0.1464,0.14525,0.14015,0.14255,0.1633
1184,0.1519,0.16955,0.1514,0.1585,0.15245,0.129,0.12395,0.12335,0.1466
1185,0.1454,0.11695,0.13825,0.1694,0.16025,0.1704,0.1473,0.13455,0.1453
1186,0.1453,0.14305,0.1567,0.1377,0.1356,0.13145,0.1469,0.15245,0.14465
1187,0.14675,0.1388,0.1283,0.1538,0.16035,0.12525,0.14155,0.1493,0.14525
1188,0.1458,0.1094,0.1562,0.15225,0.1339,0.1328,0.13145,0.1434,0.13745
1189,0.1451,0.164,0.1412,0.13965,0.1334,0.1354,0.1373,0.16985,0.1414
1190,0.14555,0.09,0.1625,0.15645,0.15725,0.1298,0.16565,0.13265,0.1425
1191,0.14785,0.1935,0.19685,0.14185,0.13165,0.16115,0.1613,0.16295,0.1415
1192,0.145,0.1128,0.1384,0.1411,0.0222,0.12205,0.13335,0.12595,0.1537
1193,0.14505,0.12465,0.1557,0.16535,0.1354,0.13135,0.1233,0.14735,0.15355
1194,0.14675,0.28485,0.17175,0.14235,0.14845,0.1552,0.14395,0.14315,0.14085
1195,0.14855,0.11205,0.14195,0.13725,0.13885,0.1653,0.1295,0.125,0.13275
1196,0.14615,0.09605,0.18465,0.1553,0.13665,0.157,0.143,0.15225,0.16295
1197,0.1484,0.2005,0.18675,0.13485,0.1483,0.1252,0.13435,0.14845,0.15545
1198,0.14275,0.14925,0.16455,0.14115,0.1607,0.1495,0.1344,0.13,0.16005
1199,0.14495,0.1163,0.16065,0.15175,0.14535,0.13315,0.16375,0.14205,0.1379
1200,0.1484,0.4803,0.16075,0.151,0.1483,0.16795,0.15845,0.1323,0.13675
1201,0.14865,0.11065,0.12565,0.13635,0.1122,0.1708,0.13965,0.1272,0.1475
1202,0.14455,0.17905,0.1438,0.13825,0.16015,0.1519,0.14025,0.14155,0.14785
1203,0.14585,0.07475,0.14595,0.1413,0.16265,0.1775,0.1583,0.14215,0.1392
1204,0.1502,0.23745,0.14405,0.1309,0.1466,0.14865,0.14075,0.18695,0.14495
1205,0.1459,0.38985,0.13835,0.14955,0.14035,0.14345,0.14935,0.14735,0.15275
1206,0.1498,0.1616,0.26825,0.16455,0.13495,0.11855,0.1627,0.1257,0.1534
1207,0.1529,0.12625,0.01385,0.14895,0.1575,0.207,0.14135,0.1395,0.173
1208,0.14585,0.17175,0.15645,0.15015,0.1598,0.1144,0.13025,0.1288,0.15015
1209,0.14795,0.0897,0.1328,0.1507,0.15865,0.14045,0.2581,0.1199,0.1462
1210,0.1489,0.10095,0.1436,0.1469,0.16965,0.1378,0.163,0.1545,0.1479
1211,0.14675,0.1192,0.1294,0.1687,0.14165,0.1168,0.12845,0.13455,0.14035
1212,0.1474,0.21125,0.15525,0.13695,0.2047,0.1377,0.13425,0.15685,0.1334
1213,0.14705,0.1266,0.119,0.1489,0.13465,0.13355,0.1314,0.1377,0.15485
1214,0.1509,0.1091,0.1284,0.14605,0.15115,0.14145,0.13825,0.13085,0.1472
1215,0.14825,0.17665,0.11305,0.14075,0.1506,0.1237,0.1405,0.1454,0.15135
1216,0.14845,0.1613,0.14065,0.13275,0.1853,0.18215,0.14475,0.1445,0.14275
1217,0.14435,0.1579,0.1432,0.1347,0.16175,0.13015,0.1297,0.15895,0.15395
1218,0.14685,0.08535,0.1378,0.1517,0.1312,0.15875,0.14605,0.12185,0.14475
1219,0.14925,0.1241,0.14715,0.15005,0.13245,0.13625,0.12115,0.09875,0.14745
1220,0.1434,0.10435,0.1914,0.13295,0.15965,0.11925,0.1483,0.16515,0.15875
1221,0.14695,0.0892,0.1246,0.14375,0.14195,0.13515,0.14565,0.13185,0.1515
1222,0.1467,0.08505,0.14085,0.1368,0.16545,0.1214,0.14125,0.155,0.14245
1223,0.1516,0.0799,0.129,0.1397,0.16525,0.0,0.1671,0.1509,0.14185
1224,0.14715,0.20475,0.12255,0.14135,0.1319,0.1316,0.13385,0.1304,0.15805
1225,0.14645,0.14365,0.1457,0.17055,0.13995,0.13255,0.13905,0.1378,0.14805
1226,0.1501,0.22465,0.1236,0.14855,0.15225,0.11765,0.1448,0.14095,0.1389
1227,0.1481,0.1564,0.14225,0.14785,0.1739,0.1389,0.1453,0.14075,0.1492
1228,0.14295,0.13295,0.14295,0.1662,0.14745,0.13405,0.1465,0.1569,0.1388
1229,0.1477,0.156,0.14095,0.1516,0.1512,0.13,0.14145,0.1482,0.15355
1230,0.1476,0.15075,0.1772,0.15335,0.1547,0.1508,0.1528,0.13515,0.147
1231,0.14995,0.10445,0.151,0.16085,0.1325,0.13545,0.137,0.1282,0.13295
1232,0.1504,0.1187,0.11335,0.1457,0.1301,0.24095,0.13255,0.12605,0.1431
1233,0.14755,0.11385,0.2963,0.1402,0.1574,0.1414,0.14595,0.1335,0.1522
1234,0.1486,0.13105,0.1541,0.15305,0.1513,0.13075,0.1267,0.1553,0.14675
1235,0.1527,0.1707,0.1622,0.1417,0.1397,0.14765,0.1428,0.1283,0.15195
1236,0.1495,0.1331,0.16585,0.16025,0.1337,0.12265,0.1426,0.12315,0.14285
1237,0.1492,0.1347,0.15365,0.1557,0.15325,0.12375,0.1416,0.13615,0.1538
1238,0.1504,0.0868,0.1385,0.15455,0.13455,0.1509,0.1282,0.1412,0.1522
1239,0.14865,0.1044,0.16695,0.15045,0.16555,0.15465,0.14325,0.18415,0.14605
1240,0.14355,0.1708,0.14445,0.14135,0.13465,0.1155,0.15275,0.1923,0.1425
1241,0.14545,0.7974,0.15205,0.16785,0.1397,0.16475,0.14365,0.13085,0.14985
1242,0.14725,0.14195,0.1398,0.16265,0.1492,0.1572,0.15,0.1362,0.1375
1243,0.14995,0.1352,0.1889,0.15115,0.1463,0.12525,0.1327,0.144,0.1544
1244,0.1455,0.07295,0.1791,0.1519,0.14525,0.1262,0.1426,0.14,0.154
1245,0.14775,0.16255,0.11655,0.1506,0.1337,0.12815,0.13905,0.14875,0.14865
1246,0.149,0.1554,0.14265,0.14415,0.159,0.2166,0.14635,0.1358,0.16455
1247,0.146,0.19155,0.22565,0.13665,0.19365,0.12615,0.14155,0.138,0.1491
1248,0.14665,0.08775,0.13265,0.68985,0.15995,0.1327,0.13655,0.15635,0.1482
1249,0.14845,0.14755,0.1206,0.15615,0.14445,0.12485,0.1425,0.12565,0.1375
1250,0.1434,0.09265,0.1508,0.15615,0.19125,0.1437,0.13335,0.1204,0.14815
1251,0.1497,0.11335,0.12835,0.1521,0.13135,0.12265,0.14595,0.1451,0.14875
1252,0.1513,0.1051,0.15525,0.1586,0.14275,0.1262,0.1503,0.14045,0.147
1253,0.1497,0.1194,0.15235,0.15,0.1489,0.14005,0.1774,0.1482,0.1395
1254,0.1401,0.08435,0.14455,0.14875,0.1329,0.13195,0.14725,0.13165,0.1557
1255,0.15055,0.18305,0.13325,0.13615,0.1538,0.12885,0.17745,0.17285,0.1469
1256,0.1473,0.2111,0.16565,0.1325,0.1323,0.13265,0.14485,0.2054,0.1356
1257,0.1466,0.08745,0.14855,0.13925,0.1933,0.14485,0.14665,0.192,0.14085
1258,0.1469,0.10145,0.14445,0.14125,0.17705,0.1288,0.1353,0.14825,0.13405
1259,0.1471,0.081,0.13135,0.1613,0.1551,0.13285,0.15685,0.1402,0.1463
1260,0.14905,0.16295,0.14615,0.15785,0.14895,0.13785,0.13175,0.11655,0.14775
1261,0.1446,0.18095,0.2022,0.1397,0.1697,0.1259,0.14375,0.12675,0.15115
1262,0.14695,0.1095,0.1373,0.1317,0.14185,0.1392,0.14445,0.134,0.1395
1263,0.14615,0.09555,0.15995,0.20435,0.1283,0.14725,0.1378,0.14475,0.1409
1264,0.1479,0.09345,0.13455,0.14415,0.13545,0.13845,0.17805,0.14275,0.14105
1265,0.1451,0.16835,0.16185,0.1683,0.14185,0.16895,0.1673,0.13065,0.13775
1266,0.14985,0.18785,0.1561,0.1362,0.13315,0.1335,0.14615,0.14705,0.14115
1267,0.1446,0.1704,0.14395,0.14225,0.15335,0.13585,0.143,0.133,0.13765
1268,0.1529,0.10105,0.1235,0.1372,0.15725,0.2126,0.136,0.1486,0.1447
1269,0.14865,0.33705,0.1459,0.1394,0.144,0.11985,0.1577,0.14125,0.14295
1270,0.1476,0.3227,0.1547,0.1551,0.14405,0.1426,0.1222,0.1509,0.2021
1271,0.14905,0.1261,0.22605,0.1681,0.1788,0.15135,0.1421,0.1357,0.1548
1272,0.1481,0.2045,0.12395,0.1481,0.1409,0.1055,0.1407,0.1388,0.1455
1273,0.1475,0.08105,0.1703,0.1317,0.1516,0.12405,0.14175,0.1588,0.14065
1274,0.14595,0.16715,0.1356,0.1373,0.1492,0.1383,0.1561,0.1357,0.1474
1275,0.1482,0.1662,0.12835,0.1404,0.1614,0.13635,0.1529,0.1343,0.14565
1276,0.14795,0.16015,0.12695,0.13985,0.1296,0.13675,0.14355,0.1537,0.14215
1277,0.15115,0.07875,0.16635,0.1468,0.15035,0.1915,0.1369,0.12795,0.13965
1278,0.1464,0.13085,0.12575,0.1411,0.15215,0.1206,0.1301,0.13625,0.1394
1279,0.1426,0.14735,0.16855,0.13305,0.1464,0.15645,0.1382,0.12855,0.1458
1280,0.1461,0.13045,0.1443,0.1369,0.15105,0.11565,0.15225,0.16135,0.1499
1281,0.15025,0.15205,0.13165,0.1315,0.13035,0.167,0.1426,0.1456,0.1413
1282,0.14835,0.14605,0.1457,0.13595,0.1239,0.1411,0.2129,0.14215,0.14485
1283,0.14985,0.21495,0.14975,0.1581,0.14775,0.2232,0.13455,0.15895,0.14985
1284,0.1536,0.07585,0.1371,0.14605,0.1499,0.1388,0.1309,0.1312,0.1482
1285,0.14665,0.11015,0.127,0.1645,0.133,0.13755,0.1478,0.1255,0.1626
1286,0.1492,0.26085,0.1588,0.1877,0.1277,0.17265,0.135,0.1327,0.15585
1287,0.1468,0.1515,0.13145,0.13455,0.1354,0.127,0.1453,0.12345,0.13235
1288,0.14805,0.1614,0.1454,0.1539,0.1428,0.14585,0.1336,0.14775,0.13155
1289,0.14895,0.1447,0.1474,0.1377,0.15065,0.13315,0.13395,0.12445,0.1516
1290,0.15265,0.1021,0.13525,0.16135,0.1358,0.1855,0.14595,0.15535,0.1396
1291,0.14685,0.14745,0.21065,0.141,0.12965,0.1217,0.13375,0.17035,0.14625
1292,0.15,0.1578,0.1309,0.1504,0.2039,0.11995,0.15185,0.14545,0.146
1293,0.1492,0.15665,0.1648,0.13415,0.14845,0.1381,0.13895,0.1437,0.1473
1294,0.1476,0.12975,0.148,0.15135,0.1367,0.11965,0.1512,0.11845,0.1436
1295,0.14415,0.11095,0.19495,0.15575,0.11995,0.2278,0.1361,0.1425,0.15165
1296,0.1486,0.10185,0.13545,0.14485,0.14785,0.1461,0.15075,0.12795,0.15465
1297,0.14865,0.17795,0.13675,0.1951,0.1346,0.13165,0.13605,0.1591,0.14045
1298,0.15245,0.13365,0.13195,0.1508,0.4269,0.1232,0.15325,0.1347,0.1417
1299,0.1482,0.1151,0.13855,0.13145,0.15085,0.1577,0.1349,0.1554,0.13435
1300,0.14375,0.4486,0.1516,0.26675,0.1445,0.13975,0.14355,0.13635,0.1421
1301,0.1451,0.1549,0.1266,0.14605,0.16935,0.1905,0.167,0.1625,0.1598
1302,0.1502,0.14605,0.13425,0.14995,0.1414,0.1176,0.12655,0.16505,0.1451
1303,0.14585,0.39425,0.1549,0.13975,0.1318,0.1383,0.1479,0.1239,0.13885
1304,0.1469,0.1017,0.16025,0.13925,0.1535,0.1372,0.1843,0.1482,0.1519
1305,0.1486,0.07895,0.1424,0.1428,0.12785,0.12695,0.151,0.32735,0.1393
1306,0.1473,0.1684,0.17295,0.1349,0.15155,0.1224,0.14485,0.16145,0.1385
1307,0.1501,0.12395,0.1464,0.1647,0.1857,0.1248,0.1392,0.1441,0.14915
1308,0.14415,0.1542,0.14975,0.15995,0.1635,0.1364,0.1395,0.1473,0.1449
1309,0.1507,0.1122,0.15365,0.156,0.1474,0.128,0.1291,0.1324,0.14675
1310,0.15135,0.1305,0.14615,0.13215,0.18235,0.1462,0.1445,0.13375,0.15605
1311,0.14505,0.26165,0.13135,0.14565,0.13955,0.15885,0.16495,0.13365,0.14275
1312,0.1502,0.0902,0.1611,0.1493,0.13335,0.19815,0.1466,0.14525,0.15015
1313,0.14355,0.1383,0.15755,0.1407,0.14225,0.1239,0.14785,0.1339,0.1355
1314,0.1472,0.0926,0.1457,0.1613,0.1493,0.12865,0.1373,0.1377,0.15125
1315,0.14505,0.1564,0.18205,0.14735,0.15655,0.12335,0.1576,0.1581,0.1382
1316,0.14785,0.1298,0.1185,0.13415,0.14875,0.1329,0.1259,0.15065,0.14735
1317,0.14935,0.0901,0.1449,0.1402,0.15255,0.12245,0.14295,0.1323,0.1394
1318,0.14665,0.1646,0.13595,0.14035,0.15985,0.1315,0.25565,0.12565,0.15325
1319,0.1482,0.09005,0.14215,0.13065,0.148,0.13325,0.14675,0.1877,0.1566
1320,0.14925,0.17395,0.132,0.12595,0.1402,0.1423,0.14155,0.1863,0.15755
1321,0.14825,0.0899,0.14385,0.14205,0.1595,0.1815,0.13955,0.1448,0.14
1322,0.1495,0.1172,0.15165,0.14125,0.1269,0.1443,0.1374,0.13455,0.15415
1323,0.1486,0.1325,0.12575,0.1447,0.14685,0.1458,0.14475,0.17865,0.14445
1324,0.14605,0.15125,0.1285,0.16605,0.15195,0.1383,0.1283,0.132,0.1461
1325,0.1488,0.15845,0.127,0.16605,0.1669,0.1552,0.15195,0.1421,0.1426
1326,0.14905,0.1606,0.15045,0.16045,0.14045,0.12745,0.13655,0.13945,0.135
1327,0.1468,0.19795,0.13585,0.1519,0.13625,0.13695,0.1358,0.1315,0.15845
1328,0.1439,0.0897,0.14945,0.1425,0.16245,0.15085,0.15625,0.1527,0.1499
1329,0.14735,0.17255,0.18325,0.14375,0.1438,0.1515,0.14785,0.12875,0.1551
1330,0.14855,0.0725,0.17405,0.1381,0.18285,0.1337,0.14605,0.1432,0.13625
1331,0.1461,0.121,0.13675,0.145,0.1329,0.13735,0.14155,0.14175,0.1479
1332,0.14435,0.10575,0.15435,0.18075,0.1281,0.1542,0.1547,0.1309,0.14475
1333,0.14705,0.24025,0.2244,0.1332,0.14235,0.1391,0.1594,0.249,0.14795
1334,0.14985,0.12375,0.1894,0.16355,0.14255,0.1386,0.14385,0.12515,0.1462
1335,0.151,0.15295,0.14065,0.1496,0.1407,0.1405,0.13915,0.13615,0.15445
1336,0.1436,0.26175,0.15885,0.1481,0.1328,0.15115,0.13205,0.1307,0.1452
1337,0.1464,0.1182,0.13905,0.146,0.15395,0.13245,0.14775,0.16265,0.15635
1338,0.1454,0.1192,0.12,0.1486,0.14695,0.18085,0.1333,0.12485,0.14995
1339,0.1471,0.0786,0.12505,0.1573,0.16355,0.13035,0.15205,0.1517,0.1612
1340,0.14605,0.1198,0.1586,0.16155,0.12995,0.13735,0.1309,0.1201,0.145
1341,0.1443,0.19925,0.132,0.1449,0.16815,0.13745,0.1437,0.1461,0.14565
1342,0.14865,0.16405,0.1486,0.14725,0.1452,0.1591,0.1385,0.14345,0.14845
1343,0.15385,0.15705,0.1293,0.1354,0.14695,0.1871,0.1469,0.1361,0.1484
1344,0.1435,0.10345,0.1322,0.13155,0.12955,0.1277,0.1373,0.13975,0.14855
1345,0.1475,0.11445,0.13525,0.13565,0.13085,0.1548,0.1368,0.13875,0.15415
1346,0.1516,0.0977,0.1207,0.1365,0.14175,0.138,0.2336,0.1318,0.1464
1347,0.14415,0.13885,0.1214,0.14445,0.1351,0.1316,0.14375,0.12695,0.15245
1348,0.14625,0.141,0.16035,0.1412,0.14255,0.1316,0.16635,0.1446,0.14765
1349,0.14565,0.11695,0.1448,0.1388,0.16005,0.14695,0.1576,0.1504,0.14315
1350,0.1476,0.1354,0.1327,0.14025,0.16475,0.18855,0.172,0.1405,0.1476
1351,0.14615,0.1411,0.15225,0.1474,0.1338,0.1528,0.1493,0.1509,0.14605
1352,0.151,0.19345,0.1501,0.1422,0.1343,0.1236,0.205,0.26175,0.1578
1353,0.14965,0.13555,0.14205,0.1606,0.188,0.1533,0.1744,0.12915,0.13735
1354,0.1459,0.0873,0.14565,0.14025,0.15705,0.14485,0.1548,0.14065,0.1373
1355,0.14825,0.12845,0.1288,0.14435,0.12495,0.1472,0.13755,0.15065,0.1393
1356,0.146,0.087,0.14015,0.1422,0.1658,0.12825,0.13445,0.15455,0.1316
1357,0.149,0.06555,0.14245,0.14385,0.13895,0.1391,0.13185,0.1324,0.13855
1358,0.1448,0.10895,0.1306,0.14185,0.1742,0.1375,0.12705,0.18285,0.14345
1359,0.14655,0.1355,0.1517,0.14035,0.14575,0.1433,0.15275,0.0765,0.1553
1360,0.1501,0.1094,0.1376,0.13895,0.114,0.1348,0.1415,0.1627,0.13545
1361,0.1462,0.10405,0.1484,0.13705,0.12795,0.15155,0.16315,0.17105,0.15435
1362,0.1494,0.1259,0.1395,0.09145,0.1786,0.10455,0.19665,0.122,0.1473
1363,0.14585,0.2543,0.13355,0.136,0.1446,0.15075,0.16665,0.14455,0.1478
1364,0.1482,0.2024,0.1446,0.127,0.1311,0.13895,0.1659,0.13975,0.13985
1365,0.14645,0.1375,0.15225,0.13485,0.14415,0.1325,0.1491,0.14835,0.1417
1366,0.14725,0.15895,0.96565,0.1437,0.1485,0.14515,0.1438,0.1491,0.1382
1367,0.1472,0.13735,0.16765,0.13375,0.1709,0.1512,0.1297,0.1308,0.142
1368,0.15065,0.2053,0.1187,0.14445,0.15515,0.1985,0.1672,0.13885,0.14595
1369,0.1466,0.0935,0.145,0.14965,0.15455,0.178,0.1367,0.14305,0.1534
1370,0.14685,0.1381,0.1493,0.13265,0.1835,0.14145,0.12805,0.1717,0.1503
1371,0.1458,0.09915,0.1272,0.14435,0.1485,0.1209,0.13505,0.122,0.1522
1372,0.14855,0.1453,0.12255,0.1676,0.1466,0.18295,0.13035,0.1693,0.14675
1373,0.14735,0.0815,0.1474,0.13435,0.1594,0.1523,0.14285,0.12185,0.13695
1374,0.1478,0.08665,0.1598,0.1613,0.1534,0.129,0.1333,0.12565,0.158
1375,0.152,0.40845,0.1441,0.14865,0.11755,0.12625,0.1315,0.1772,0.14435
1376,0.15245,0.0964,0.13425,0.1403,0.1252,0.14745,0.128,0.13385,0.13835
1377,0.1532,0.15245,0.1362,0.13305,0.15785,0.1209,0.1474,0.1469,0.14465
1378,0.1486,0.07655,0.14175,0.14615,0.14015,0.12885,0.14245,0.1493,0.1434
1379,0.146,0.1699,0.13675,0.1494,0.13625,0.14565,0.13535,0.14445,0.14115
1380,0.1481,0.14655,0.1833,0.134,0.13505,0.14345,0.13375,0.12535,0.1315
1381,0.14685,0.10415,0.09765,0.14775,0.1367,0.15205,0.15845,0.1427,0.1388
1382,0.14485,0.1221,0.14305,0.14365,0.14975,0.14785,0.1868,0.13275,0.12915
1383,0.1492,0.11445,0.15375,0.14375,0.14945,0.1541,0.1506,0.1359,0.16105
1384,0.1455,0.319,0.13405,0.1504,0.1443,0.15135,0.14915,0.1423,0.1576
1385,0.15345,0.09485,0.13805,0.1389,0.13825,0.1423,0.13515,0.1307,0.13535
1386,0.14465,0.15855,0.1347,0.14405,0.1589,0.1446,0.11855,0.1283,0.14155
1387,0.14535,0.08345,0.12295,0.1586,0.1367,0.12895,0.1796,0.14265,0.14
1388,0.14715,0.154,0.135,0.12495,0.17335,0.12885,0.136,0.14955,0.14935
1389,0.1485,0.1555,0.16615,0.15725,0.1463,0.12885,0.1262,0.14915,0.14935
1390,0.1484,0.198,0.1576,0.13805,0.1431,0.1266,0.1498,0.12975,0.15645
1391,0.14345,0.1258,0.1569,0.15005,0.13005,0.14515,0.14885,0.16995,0.14445
1392,0.1425,0.16025,0.1269,0.3631,0.1396,0.16875,0.14225,0.1383,0.1486
1393,0.1448,0.1096,0.11095,0.154,0.1615,0.1205,0.21855,0.13475,0.1425
1394,0.14785,0.13855,0.1234,0.1811,0.145,0.1411,0.14505,0.1423,0.14605
1395,0.1498,0.0897,0.1564,0.1408,0.14985,0.15945,0.16095,0.16005,0.1482
1396,0.15135,0.1512,0.17805,0.13225,0.15185,0.211,0.1553,0.1844,0.1393
1397,0.14825,0.14895,0.1494,0.1541,0.1456,0.1637,0.1441,0.14925,0.1656
1398,0.1442,0.09895,0.1329,0.14055,0.145,0.1272,0.14615,0.12615,0.15215
1399,0.1477,0.12805,0.14585,0.15175,0.18145,0.1501,0.1482,0.14965,0.1453
1400,0.14655,0.0958,0.14305,0.13845,0.157,0.1452,0.1521,0.14355,0.1451
1401,0.14905,0.1395,0.1433,0.14625,0.1349,0.13305,0.16055,0.2021,0.1452
1402,0.1505,0.08275,0.1291,0.1598,0.1418,0.14255,0.14475,0.19555,0.14915
1403,0.14485,0.2375,0.1481,0.1443,0.1607,0.14095,0.13655,0.14145,0.1502
1404,0.14535,0.15235,0.14795,0.1537,0.1605,0.12825,0.1324,0.18185,0.1489
1405,0.15025,0.10585,0.17785,0.14255,0.1445,0.1464,0.17405,0.1287,0.1433
1406,0.1505,0.1055,0.14925,0.13255,0.28095,0.1698,0.1476,0.16395,0.15065
1407,0.1471,0.18585,0.1592,0.11765,0.19735,0.1377,0.1471,0.1609,0.15645
1408,0.1512,0.11285,0.1396,0.17985,0.1495,0.1405,0.13925,0.15595,0.14795
1409,0.1499,0.10455,0.1439,0.14115,0.13985,0.17055,0.1531,0.148,0.14355
1410,0.1474,0.23105,0.13525,0.1429,0.1485,0.14615,0.1373,0.137,0.15905
1411,0.14695,0.18015,0.145,0.1552,0.1623,0.1399,0.14265,0.1512,0.1331
1412,0.14555,0.23805,0.13585,0.14195,0.13245,0.12025,0.13325,0.14765,0.15445
1413,0.1462,0.1776,0.1527,0.1463,0.13615,0.13595,0.13585,0.1269,0.1381
1414,0.1522,0.173,0.12905,0.14765,0.12985,0.2123,0.1297,0.23855,0.1442
1415,0.1473,0.09625,0.1902,0.14055,0.15855,0.13325,0.14625,0.12485,0.14915
1416,0.146,0.22505,0.15545,0.1271,0.17475,0.1396,0.16665,0.14525,0.1555
1417,0.148,0.15455,0.14515,0.165,0.15715,0.15685,0.1771,0.13675,0.1567
1418,0.14965,0.11315,0.13505,0.0888,0.14615,0.12355,0.1521,0.13025,0.1469
1419,0.14815,0.11195,0.1364,0.145,0.1361,0.14545,0.14865,0.17345,0.1456
1420,0.14615,0.06775,0.1435,0.14565,0.1445,0.1257,0.14435,0.1565,0.1381
1421,0.14865,0.1376,0.12105,0.15195,0.1644,0.12775,0.1405,0.13865,0.15425
1422,0.1502,0.15755,0.1437,0.14525,0.1622,0.16985,0.1308,0.17705,0.13945
1423,0.1476,0.06845,0.1273,0.1412,0.1395,0.15945,0.14105,0.13705,0.1506
1424,0.1466,0.09215,0.1484,0.16625,0.142,0.12355,0.1487,0.1456,0.1514
1425,0.14445,0.08385,0.14095,0.1558,0.13625,0.14015,0.13015,0.17095,0.14785
1426,0.1521,0.1326,0.1508,0.1477,0.1409,0.24975,0.14585,0.1421,0.1375
1427,0.146,0.15325,0.19185,0.1459,0.1437,0.36395,0.14995,0.1314,0.1611
1428,0.1465,0.1514,0.16225,0.1474,0.15985,0.1367,0.13245,0.1521,0.14885
1429,0.14855,0.06975,0.1274,0.14175,0.1345,0.13935,0.14845,0.1364,0.1498
1430,0.14365,0.19815,0.13525,0.1529,0.1488,0.133,0.1421,0.11005,0.1484
1431,0.1506,0.09495,0.14505,0.1343,0.15775,0.14865,0.1285,0.1471,0.13365
1432,0.14475,0.06295,0.20005,0.1643,0.13285,0.11815,0.16235,0.16385,0.15485
1433,0.1422,0.09515,0.16165,0.1475,0.1448,0.13365,0.14635,0.1362,0.1502
1434,0.14405,0.09715,0.13165,0.16015,0.14085,0.14265,0.13265,0.1315,0.16175
1435,0.1466,0.08845,0.11315,0.13605,0.14255,0.14885,0.1403,0.1331,0.14575
1436,0.1466,0.1764,0.13485,0.1381,0.1494,0.1303,0.1545,0.13055,0.14005
1437,0.1439,0.13015,0.1255,0.1549,0.14755,0.14555,0.1438,0.124,0.15155
1438,0.148,0.11335,0.1577,0.1428,0.1197,0.1445,0.141,0.209,0.1471
1439,0.14285,0.1638,0.1391,0.1634,0.14755,0.11965,0.14965,0.1605,0.1417
1440,0.1488,0.14785,0.1615,0.142,0.1568,0.15475,0.1792,0.1415,0.14675
1441,0.14865,0.46825,0.1333,0.14,0.14605,0.12255,0.13275,0.14755,0.13835
1442,0.1457,0.1913,0.12935,0.143,0.14885,0.13445,0.13865,0.12585,0.1429
1443,0.1498,0.1624,0.1393,0.1391,0.48985,0.14725,0.1349,0.13795,0.14995
1444,0.14735,0.111,0.1318,0.1301,0.1519,0.1639,0.1405,0.15155,0.14475
1445,0.1481,0.1868,0.1406,0.15885,0.13885,0.12745,0.13865,0.1328,0.14415
1446,0.14805,0.17945,0.14775,0.15035,0.1289,0.13475,0.15335,0.14595,0.1413
1447,0.1512,0.13055,0.1295,0.1467,0.1972,0.14165,0.14055,0.147,0.1521
1448,0.14415,0.10615,0.16285,0.1791,0.22125,0.15785,0.15255,0.1501,0.147
1449,0.1464,0.12065,0.12625,0.15575,0.11255,0.1516,0.18345,0.13745,0.1427
1450,0.148,0.18875,0.1508,0.13285,0.1318,0.14435,0.13875,0.1342,0.15745
1451,0.14355,0.0981,0.1508,0.1478,0.135,0.162,0.14945,0.1473,0.13555
1452,0.14885,0.06605,0.12735,0.1381,0.1467,0.1574,0.1556,0.1789,0.15645
1453,0.1441,0.1866,0.1436,0.1609,0.14705,0.14655,0.14755,0.1213,0.1427
1454,0.14635,0.1109,0.15115,0.1535,0.14325,0.13705,0.158,0.14985,0.14765
1455,0.14435,0.11455,0.1575,0.15975,0.13085,0.17235,0.1457,0.16325,0.14205
1456,0.15275,0.0854,0.19605,0.18885,0.14635,0.13135,0.1524,0.2106,0.13675
1457,0.1449,0.1022,0.1394,0.18655,0.1438,0.14455,0.1308,0.13245,0.15925
1458,0.1496,0.23875,0.1669,0.1569,0.13165,0.1702,0.178,0.14605,0.14065
1459,0.14855,0.08745,0.1793,0.14375,0.16935,0.13895,0.10005,0.13115,0.1495
1460,0.14925,0.1498,0.1442,0.14705,0.15105,0.12305,0.1363,0.13265,0.1542
1461,0.1497,0.23355,0.4406,0.1427,0.16405,0.1332,0.1389,0.1523,0.14155
1462,0.14745,0.22885,0.14725,0.1569,0.1322,0.11415,0.13585,0.11675,0.1399
1463,0.1486,0.08325,0.13765,0.1337,0.12365,0.13735,0.18265,0.14385,0.13615
1464,0.14845,0.0973,0.15015,0.1431,0.1691,0.11505,0.2359,0.1329,0.1444
1465,0.1442,0.11205,0.1102,0.14435,0.14095,0.19945,0.1438,0.14725,0.1439
1466,0.148,0.16825,0.13855,0.14825,0.1555,0.135,0.13795,0.1605,0.1337
1467,0.1466,0.0886,0.1345,0.1594,0.1614,0.139,0.14755,0.1308,0.13935
1468,0.14365,0.1063,0.1288,0.1458,0.14585,0.1366,0.14615,0.1471,0.1499
1469,0.1483,0.0578,0.1544,0.14195,0.12845,0.1494,0.1347,0.1476,0.13815
1470,0.14665,0.17645,0.1477,0.13615,0.1575,0.1331,0.1384,0.15,0.1354
1471,0.1483,0.12725,0.1289,0.12245,0.1541,0.13695,0.1499,0.1414,0.13945
1472,0.14005,0.10025,0.13205,0.14755,0.13955,0.15925,0.146,0.16315,0.1634
1473,0.14605,0.12485,0.1398,0.13875,0.1259,0.13755,0.1401,0.12745,0.1448
1474,0.1439,0.16985,0.117,0.1429,0.1432,0.13735,0.1444,0.1644,0.14975
1475,0.14935,0.15645,0.13755,0.1594,0.1638,0.12495,0.12875,0.16935,0.15345
1476,0.1489,0.19275,0.14625,0.1418,0.1837,0.1809,0.1251,0.1295,0.14975
1477,0.1449,0.17895,0.1231,0.14345,0.14245,0.15545,0.13455,0.14795,0.1484
1478,0.14805,0.1681,0.1313,0.1403,0.14025,0.13615,0.178,0.1544,0.1477
1479,0.1454,0.1223,0.13695,0.14345,0.1351,0.1734,0.1318,0.1365,0.14785
1480,0.15005,0.146,0.1553,0.14585,0.1638,0.1325,0.1286,0.1505,0.15045
1481,0.14595,0.0921,0.167,0.1246,0.14895,0.1533,0.14715,0.1687,0.1337
1482,0.14645,0.15365,0.1224,0.1474,0.13475,0.15075,0.14015,0.22265,0.1448
1483,0.14685,0.20155,0.13875,0.1524,0.1639,0.1531,0.1651,0.1331,0.143
1484,0.14345,0.18885,0.12875,0.1518,0.13905,0.245,0.13,0.1334,0.1461
1485,0.14725,0.1139,0.13865,0.139,0.14915,0.13975,0.1355,0.15005,0.1521
1486,0.1472,0.1056,0.1329,0.154,0.14015,0.16545,0.12695,0.1636,0.14995
1487,0.14985,0.1889,0.12655,0.1396,0.1374,0.1779,0.139,0.15075,0.1504
1488,0.14645,0.1365,0.13965,0.16715,0.23985,0.15485,0.15265,0.14055,0.1374
1489,0.14745,0.1185,0.13905,0.15785,0.15035,0.22325,0.15585,0.1336,0.1397
1490,0.1476,0.2007,0.1524,0.13805,0.1489,0.15005,0.12955,0.1637,0.1553
1491,0.15145,0.16105,0.15665,0.15495,0.1403,0.12515,0.14965,0.14375,0.13495
1492,0.14885,0.57415,0.14415,0.15055,0.1468,0.13755,0.13975,0.1308,0.15455
1493,0.14865,0.1027,0.1524,0.14395,0.13345,0.1493,0.1385,0.1633,0.1529
1494,0.14535,0.1081,0.1483,0.1379,0.1467,0.14945,0.1451,0.1585,0.1451
1495,0.14605,0.0769,0.16225,0.11775,0.13795,0.15305,0.15915,0.1678,0.13925
1496,0.1457,0.16965,0.13535,0.14895,0.15225,0.1807,0.13675,0.1439,0.15555
1497,0.14985,0.1448,0.18525,0.1393,0.16835,0.12255,0.1389,0.1448,0.15295
1498,0.1458,0.1531,0.13155,0.13805,0.15055,0.13575,0.13815,0.1274,0.14
1499,0.1449,0.0763,0.2527,0.1499,0.1745,0.1394,0.1448,0.12605,0.1349
1500,0.15065,0.1051,0.129,0.14575,0.1265,0.15815,0.13255,0.1466,0.1423
1501,0.1504,0.1015,0.16275,0.1819,0.1234,0.14415,0.1513,0.1417,0.14915
1502,0.14935,0.13565,0.15305,0.1468,0.1488,0.13175,0.13425,0.17025,0.1425
1503,0.1462,0.2346,0.1858,0.13905,0.16375,0.1159,0.1341,0.1413,0.1369
1504,0.14965,0.1299,0.1502,0.14565,0.1568,0.12365,0.1374,0.13855,0.14035
1505,0.14815,0.1075,0.1416,0.1584,0.148,0.18225,0.13345,0.13645,0.1437
1506,0.1472,0.08865,0.119,0.15665,0.12695,0.14515,0.136,0.1392,0.13925
1507,0.14545,0.1063,0.17335,0.14555,0.15855,0.14885,0.1404,0.1282,0.15905
1508,0.149,0.12325,0.13225,0.15095,0.13475,0.1509,0.1466,0.1459,0.13825
1509,0.15005,0.1291,0.18255,0.1535,0.16615,0.1269,0.14075,0.14855,0.137
1510,0.15305,0.16185,0.14525,0.1446,0.13945,0.17725,0.15635,0.1225,0.1448
1511,0.14555,0.21495,0.1767,0.136,0.1427,0.1381,0.1419,0.11885,0.144
1512,0.14835,0.0909,0.14515,0.14495,0.1267,0.16125,0.15905,0.13795,0.14965
1513,0.1496,0.07425,0.1493,0.14715,0.1387,0.1218,0.15065,0.15205,0.14285
1514,0.14885,0.12285,0.1304,0.16365,0.242,0.14055,0.1451,0.16035,0.1424
1515,0.1468,0.15725,0.14125,0.1723,0.1316,0.19755,0.2695,0.15165,0.1386
1516,0.15025,0.13515,0.1554,0.14045,0.14025,0.1763,0.146,0.1513,0.15305
1517,0.14845,0.12325,0.1453,0.14475,0.1339,0.1533,0.1509,0.14125,0.1406
1518,0.1479,0.2845,0.1301,0.13665,0.22415,0.1318,0.14065,0.12085,0.13735
1519,0.1421,0.10825,0.14655,0.13385,0.18295,0.1389,0.14155,0.11995,0.15645
1520,0.14775,0.1296,0.2075,0.1494,0.1639,0.165,0.14625,0.1492,0.14045
1521,0.15235,0.2172,0.13855,0.1487,0.1864,0.17315,0.1389,0.14,0.1438
1522,0.15155,0.10485,0.14595,0.1326,0.17555,0.13875,0.1309,0.12585,0.15015
1523,0.15145,0.1417,0.13935,0.14345,0.13625,0.19375,0.13285,0.13045,0.14415
1524,0.1502,0.1172,0.14815,0.14345,0.1328,0.1447,0.15895,0.13205,0.14385
1525,0.14545,0.111,0.141,0.28035,0.13925,0.1261,0.14045,0.17645,0.15195
1526,0.1463,0.15655,0.12555,0.16145,0.1896,0.1506,0.16165,0.14195,0.15065
1527,0.1482,0.12555,0.1297,0.1433,0.14135,0.1123,0.14895,0.1273,0.1453
1528,0.14725,0.1545,0.1529,0.17375,0.145,0.19455,0.1822,0.14325,0.14135
1529,0.15045,0.1115,0.1514,0.14545,0.1503,0.1211,0.13735,0.13005,0.14055
1530,0.14745,0.089,0.1421,0.15425,0.12835,0.1354,0.14995,0.1446,0.14635
1531,0.1473,0.1208,0.1667,0.1568,0.1372,0.12985,0.13975,0.1291,0.14205
1532,0.15205,0.2809,0.1472,0.16155,0.1591,0.13195,0.1422,0.1432,0.14695
1533,0.1498,0.19375,0.1539,0.15235,0.12725,0.15115,0.1408,0.14215,0.1478
1534,0.14505,0.0917,0.14355,0.157,0.16985,0.16965,0.0863,0.15805,0.14595
1535,0.14335,0.1407,0.12695,0.15115,0.1858,0.11075,0.1374,0.1281,0.13995
1536,0.14515,0.08535,0.1562,0.1472,0.16275,0.13355,0.1379,0.1312,0.14895
1537,0.14615,0.07905,0.1604,0.1481,0.1573,0.14205,0.13825,0.1251,0.1406
1538,0.1474,0.0957,0.15655,0.141,0.18955,0.1966,0.16945,0.13385,0.1448
1539,0.15275,0.184,0.1289,0.15945,0.14175,0.1428,0.1606,0.1254,0.1498
1540,0.14955,0.13805,0.15505,0.1786,0.1505,0.13335,0.13445,0.143,0.1538
1541,0.14655,0.28675,0.1645,0.1414,0.16275,0.1395,0.1364,0.11695,0.1549
1542,0.14705,0.0811,0.22815,0.14445,0.16,0.13935,0.1469,0.13925,0.15295
1543,0.1451,0.2555,0.16485,0.16305,0.135,0.14805,0.16715,0.13145,0.14855
1544,0.15035,0.12115,0.1601,0.1442,0.1267,0.13525,0.13775,0.14005,0.149
1545,0.15175,0.2504,0.1318,0.14345,0.1361,0.1233,0.1359,0.1465,0.14705
1546,0.14845,0.1413,0.1243,0.1443,0.15025,0.14165,0.15445,0.1751,0.14085
1547,0.14305,0.19475,0.13975,0.14535,0.14985,0.147,0.1407,0.14625,0.14865
1548,0.1452,0.11385,0.1357,0.13735,0.12215,0.1199,0.1335,0.1539,0.14815
1549,0.14595,0.0818,0.14365,0.1458,0.1498,0.1618,0.14085,0.1722,0.1528
1550,0.1448,0.26255,0.1491,0.15685,0.1294,0.16945,0.1309,0.1414,0.1515
1551,0.14685,0.20265,0.16075,0.15455,0.1419,0.1377,0.1318,0.1256,0.1438
1552,0.14665,0.1135,0.1394,0.15295,0.1469,0.1456,0.1452,0.17805,0.13505
1553,0.1463,0.13145,0.13915,0.1368,0.1537,0.1346,0.15155,0.1383,0.1617
1554,0.14605,0.24395,0.15725,0.1357,0.13845,0.1462,0.16125,0.14575,0.14675
1555,0.1495,0.22305,0.1372,0.21725,0.13565,0.1275,0.1364,0.1668,0.1496
1556,0.14505,0.0602,0.15495,0.1889,0.14285,0.1578,0.15575,0.1418,0.1424
1557,0.1453,0.06275,0.1623,0.14605,0.1437,0.11415,0.1445,0.1502,0.14355
1558,0.1476,0.1011,0.1388,0.20825,0.142,0.26625,0.1454,0.1388,0.1535
1559,0.1457,0.13385,0.13355,0.1371,0.13975,0.1282,0.14435,0.1301,0.14385
1560,0.15045,0.10515,0.2477,0.1543,0.13115,0.1392,0.1528,0.1412,0.1431
1561,0.14755,0.3174,0.15595,0.14275,0.1937,0.1065,0.14975,0.13365,0.1545
1562,0.15115,0.101,0.1418,0.1311,0.1478,0.15865,0.1472,0.12145,0.1353
1563,0.14605,0.19065,0.1492,0.15685,0.14025,0.15195,0.16435,0.1249,0.13725
1564,0.1505,0.08595,0.14375,0.14565,0.15655,0.11925,0.15475,0.1559,0.14135
1565,0.1473,0.08685,0.138,0.1724,0.14365,0.1311,0.13565,0.13375,0.1466
1566,0.1474,0.17265,0.1628,0.14005,0.1558,0.1264,0.14905,0.1303,0.13305
1567,0.153,0.08845,0.1589,0.14625,0.1581,0.1488,0.13255,0.1496,0.14425
1568,0.14465,0.1466,0.1508,0.14375,0.1334,0.1513,0.15965,0.18845,0.14725
1569,0.1483,0.1132,0.13205,0.14565,0.15,0.13135,0.1392,0.13565,0.1386
1570,0.1496,0.06395,0.14955,0.14155,0.1539,0.13605,0.14025,0.14135,0.15105
1571,0.1467,0.11985,0.24615,0.17965,0.15545,0.12335,0.15685,0.1329,0.14285
1572,0.1478,0.17865,0.14075,0.1449,0.1328,0.17655,0.1494,0.1677,0.15315
1573,0.15185,0.13915,0.14645,0.1512,0.1339,0.1312,0.12605,0.1578,0.1406
1574,0.1504,0.18875,0.1283,0.13865,0.14825,0.14555,0.1394,0.13955,0.1482
1575,0.14735,0.21825,0.14015,0.1492,0.1582,0.16245,0.18445,0.1348,0.14005
1576,0.14865,0.23995,0.1418,0.15525,0.137,0.1452,0.15335,0.13455,0.1442
1577,0.14475,0.20255,0.13325,0.1475,0.1579,0.13655,0.1286,0.16185,0.1375
1578,0.14365,0.1419,0.1308,0.1544,0.1611,0.1257,0.14,0.1773,0.1514
1579,0.1458,0.14835,0.16085,0.15055,0.1431,0.141,0.13765,0.1399,0.14395
1580,0.1548,0.1074,0.12725,0.1652,0.1634,0.1837,0.1315,0.13635,0.15665
1581,0.1468,0.1725,0.1277,0.1431,0.15515,0.13115,0.14625,0.1345,0.1418
1582,0.15115,0.12445,0.1592,0.1247,0.139,0.143,0.1513,0.15045,0.13625
1583,0.14655,0.0682,0.1291,0.15365,0.1292,0.1265,0.1475,0.1878,0.14215
1584,0.1467,0.0872,0.1227,0.173,0.1377,0.12015,0.14155,0.1562,0.1462
1585,0.15105,0.1737,0.16145,0.1413,0.1363,0.16535,0.16435,0.15195,0.1538
1586,0.1478,0.13335,0.2337,0.1433,0.15415,0.1387,0.13825,0.1301,0.145
1587,0.1435,0.1399,0.15065,0.1835,0.17375,0.13605,0.1395,0.13525,0.1566
1588,0.1475,0.1883,0.14645,0.143,0.24945,0.1372,0.1414,0.12725,0.1395
1589,0.1466,0.07585,0.1394,0.1574,0.1419,0.14245,0.1408,0.1631,0.1532
1590,0.14435,0.10615,0.13775,0.15185,0.1183,0.1434,0.13925,0.12825,0.1438
1591,0.14525,0.123,0.14735,0.14415,0.1384,0.1636,0.1429,0.1373,0.1368
1592,0.14365,0.06165,0.1586,0.13855,0.13825,0.15175,0.1438,0.1541,0.1466
1593,0.15065,0.17705,0.15535,0.14185,0.15405,0.15505,0.11325,0.14695,0.14615
1594,0.14435,0.10735,0.14125,0.1392,0.20655,0.12875,0.17375,0.1356,0.1444
1595,0.15445,0.07115,0.15935,0.164,0.1348,0.1268,0.1484,0.1386,0.15325
1596,0.14565,0.26645,0.1485,0.1496,0.146,0.13025,0.14595,0.1597,0.14135
1597,0.1473,0.0794,0.16455,0.149,0.26725,0.1431,0.14015,0.1367,0.1497
1598,0.1473,0.09685,0.1215,0.13185,0.14695,0.1308,0.14075,0.1694,0.1544
1599,0.1488,0.24285,0.13855,0.14605,0.10545,0.13085,0.19485,0.1171,0.1413
1600,0.14975,0.1281,0.17,0.1406,0.1383,0.14015,0.16565,0.1267,0.13955
1601,0.15135,0.2072,0.018,0.1471,0.16215,0.14775,0.15235,0.13355,0.15005
1602,0.1486,0.21,0.1413,0.1894,0.14165,0.16535,0.14495,0.15035,0.1428
1603,0.1457,0.1922,0.17935,0.16335,0.156,0.13075,0.1472,0.11895,0.1422
1604,0.15005,0.24015,0.11595,0.14615,0.14665,0.13565,0.1391,0.13315,0.1363
1605,0.15555,0.1138,0.13395,0.1393,0.14975,0.1415,0.13115,0.1285,0.15895
1606,0.14435,0.10045,0.1422,0.1536,0.15295,0.15995,0.16295,0.1358,0.1382
1607,0.14265,0.0896,0.1484,0.20575,0.1339,0.1143,0.1582,0.1444,0.14085
1608,0.146,0.1441,0.1314,0.152,0.1519,0.1379,0.1388,0.1471,0.14835
1609,0.1478,0.1379,0.1497,0.14795,0.16275,0.1666,0.14205,0.1481,0.1404
1610,0.14815,0.1308,0.13125,0.13995,0.1545,0.1347,0.15005,0.1515,0.13295
1611,0.14985,0.0626,0.1624,0.152,0.1449,0.1497,0.1456,0.13965,0.15485
1612,0.1471,0.1086,0.1394,0.16115,0.1655,0.13435,0.1356,0.14295,0.14535
1613,0.1471,0.14465,0.14985,0.14825,0.2227,0.1273,0.13695,0.13045,0.1509
1614,0.1488,0.2216,0.1181,0.13455,0.14585,0.1412,0.1396,0.13595,0.1438
1615,0.14735,0.17905,0.19975,0.14315,0.14865,0.1474,0.1371,0.1251,0.1426
1616,0.1464,0.1344,0.13635,0.1326,0.1359,0.12975,0.1507,0.16185,0.1479
1617,0.1513,0.2588,0.12715,0.15165,0.13715,0.14975,0.1388,0.14735,0.15335
1618,0.1466,0.1722,0.15155,0.1355,0.1357,0.20955,0.1416,0.1462,0.1566
1619,0.14155,0.152,0.1368,0.1479,0.15595,0.17875,0.1666,0.1617,0.1472
1620,0.1499,0.12795,0.09805,0.13795,0.1592,0.14105,0.1481,0.14035,0.14065
1621,0.1502,0.0858,0.13875,0.1312,0.17785,0.1538,0.15515,0.13815,0.16105
1622,0.1496,0.0926,0.13155,0.1392,0.1283,0.13655,0.1453,0.13845,0.14015
1623,0.1425,0.1469,0.1479,0.1377,0.13175,0.13225,0.14545,0.1801,0.14315
1624,0.14265,0.0828,0.13545,0.14885,0.1812,0.1129,0.1393,0.13375,0.15125
1625,0.14535,0.13545,0.1369,0.1406,0.13845,0.1521,0.1442,0.1438,0.15015
1626,0.1509,0.1395,0.14005,0.1517,0.1484,0.1369,0.1539,0.1186,0.1358
1627,0.1436,0.15335,0.14605,0.159,0.13275,0.1415,0.15905,0.1572,0.1403
1628,0.1438,0.1075,0.1451,0.14735,0.1577,0.1368,0.12635,0.13125,0.14815
1629,0.1451,0.22545,0.16715,0.15695,0.1471,0.1446,0.13405,0.14935,0.1369
1630,0.1463,0.0985,0.1467,0.15055,0.144,0.15925,0.13475,0.13435,0.1555
1631,0.14695,0.18965,0.11105,0.13935,0.1509,0.16655,0.14685,0.13875,0.1437
1632,0.1527,0.0765,0.12935,0.1608,0.1429,0.12245,0.15485,0.1374,0.15595
1633,0.14865,0.10645,0.1297,0.17,0.1459,0.13845,0.1582,0.17895,0.14495
1634,0.14985,0.0987,0.16645,0.1334,0.13615,0.14985,0.14575,0.13965,0.13795
1635,0.14535,0.24155,0.1406,0.14815,0.1522,0.1434,0.1405,0.15165,0.15035
1636,0.14495,0.1229,0.14095,0.1353,0.1494,0.14925,0.10045,0.1327,0.1485
1637,0.14565,0.09875,0.143,0.1395,0.2376,0.12225,0.1299,0.1342,0.147
1638,0.14595,0.1054,0.1484,0.139,0.13995,0.13065,0.1587,0.16035,0.15655
1639,0.14825,0.14735,0.12615,0.1568,0.1414,0.12105,0.1389,0.13565,0.15525
1640,0.1461,0.1279,0.1432,0.14245,0.13915,0.15075,0.13785,0.14605,0.14755
1641,0.1477,0.19555,0.1282,0.15055,0.15715,0.12445,0.13585,0.13735,0.1442
1642,0.14815,0.21475,0.15085,0.1409,0.1487,0.14985,0.14585,0.19415,0.14025
1643,0.14825,0.1339,0.1206,0.1688,0.14365,0.14525,0.12595,0.20135,0.14765
1644,0.1477,0.02615,0.1356,0.14835,0.2387,0.1865,0.13625,0.1462,0.14325
1645,0.14605,0.0832,0.2513,0.16245,0.13935,0.094,0.14055,0.14885,0.1487
1646,0.1486,0.1361,0.1242,0.155,0.16875,0.14175,0.14735,0.14775,0.1487
1647,0.1445,0.3255,0.13775,0.1674,0.1484,0.1355,0.13495,0.13265,0.1544
1648,0.14735,0.14395,0.15575,0.16015,0.1281,0.1425,0.1453,0.1301,0.1413
1649,0.1467,0.1227,0.14225,0.1642,0.16595,0.1569,0.1332,0.1457,0.14245
1650,0.14825,0.07025,0.1263,0.14695,0.14945,0.18235,0.1497,0.138,0.1473
1651,0.1525,0.09225,0.14155,0.1394,0.1447,0.142,0.14235,0.14535,0.14125
1652,0.1494,0.15065,0.11595,0.1566,0.1266,0.14395,0.1457,0.1371,0.1542
1653,0.143,0.13065,0.1596,0.1462,0.1669,0.19675,0.1352,0.13085,0.14245
1654,0.14105,0.10945,0.194,0.15235,0.2208,0.16135,0.14035,0.1343,0.14945
1655,0.15025,0.1328,0.17355,0.15235,0.1527,0.1366,0.1299,0.1249,0.13915
1656,0.1501,0.12645,0.152,0.1473,0.1543,0.19065,0.15055,0.1346,0.14755
1657,0.1474,0.11915,0.13765,0.1374,0.1485,0.1488,0.14395,0.1349,0.1517
1658,0.14585,0.06525,0.1495,0.1438,0.1493,0.12785,0.15045,0.14,0.15555
1659,0.1474,0.1785,0.1339,0.1337,0.1688,0.15925,0.13785,0.14315,0.14715
1660,0.1475,0.16535,0.1261,0.1373,0.1277,0.13225,0.15085,0.14715,0.18695
1661,0.14885,0.15105,0.13555,0.15925,0.17165,0.13915,0.17115,0.1593,0.14445
1662,0.1449,0.2248,0.13335,0.16265,0.13195,0.1291,0.1481,0.13465,0.1456
1663,0.14245,0.1149,0.17315,0.15115,0.14865,0.1503,0.1477,0.1455,0.1424
1664,0.14885,0.1562,0.12965,0.14975,0.15435,0.1225,0.1445,0.12745,0.1472
1665,0.1498,0.1421,0.15355,0.1607,0.1224,0.11705,0.12195,0.13075,0.15185
1666,0.14775,0.13305,0.1522,0.16225,0.14615,0.1246,0.2018,0.1319,0.14455
1667,0.1493,0.11925,0.13405,0.14745,0.1375,0.13095,0.13695,0.15085,0.1447
1668,0.14375,0.08385,0.1781,0.1392,0.14355,0.12985,0.14,0.12725,0.13955
1669,0.14405,0.2253,0.18565,0.1405,0.13645,0.15615,0.1975,0.14545,0.1484
1670,0.15085,0.1633,0.146,0.1352,0.142,0.1393,0.1483,0.13715,0.1547
1671,0.14475,0.0795,0.129,0.14175,0.1368,0.0773,0.13615,0.11295,0.16
1672,0.1505,0.1757,0.1192,0.15035,0.14,0.1427,0.1587,0.15215,0.1504
1673,0.15135,0.1848,0.13785,0.13195,0.1356,0.1396,0.2454,0.14935,0.1576
1674,0.1473,0.14665,0.12385,0.1414,0.12105,0.15365,0.14155,0.1592,0.1443
1675,0.14645,0.0959,0.1555,0.13775,0.15465,0.1494,0.1662,0.13025,0.13925
1676,0.14535,0.1196,0.16185,0.10075,0.172,0.14195,0.1406,0.1346,0.1524
1677,0.14645,0.1301,0.18105,0.15675,0.1276,0.1416,0.13115,0.13925,0.1403
1678,0.14675,0.16025,0.18215,0.15155,0.1669,0.145,0.1404,0.12365,0.15105
1679,0.14465,0.10535,0.15515,0.156,0.1535,0.1424,0.1561,0.14015,0.13785
1680,0.1485,0.1144,0.1606,0.16425,0.16485,0.136,0.1626,0.1325,0.1408
1681,0.1456,0.1604,0.1411,0.1273,0.13835,0.1399,0.15445,0.1181,0.15365
1682,0.14935,0.1006,0.1631,0.15425,0.2197,0.14975,0.1651,0.14255,0.13965
1683,0.14855,0.29935,0.1464,0.1475,0.1728,0.13775,0.13825,0.15655,0.15935
1684,0.14875,0.1154,0.13945,0.13915,0.1617,0.1548,0.14965,0.1559,0.1407
1685,0.15075,0.109,0.12635,0.13045,0.1706,0.12385,0.1339,0.1363,0.1392
1686,0.1487,0.10895,0.1604,0.15025,0.1453,0.12265,0.1328,0.1315,0.1406
1687,0.1518,0.12145,0.15085,0.16625,0.13155,0.17475,0.13735,0.14575,0.1476
1688,0.14425,0.16875,0.1231,0.14215,0.17885,0.15745,0.13245,0.15985,0.1657
1689,0.1433,0.1192,0.1627,0.154,0.16115,0.14705,0.13465,0.15705,0.1428
1690,0.14755,0.12115,0.1333,0.13915,0.1484,0.13785,0.1407,0.1533,0.15695
1691,0.14865,0.2346,0.16795,0.182,0.1455,0.14435,0.1336,0.14445,0.151
1692,0.1486,0.0764,0.1455,0.14615,0.15845,0.116,0.15175,0.14465,0.1522
1693,0.1478,0.06885,0.1382,0.17675,0.13845,0.1666,0.13575,0.144,0.1406
1694,0.1512,0.19005,0.12795,0.1481,0.1389,0.1475,0.1501,0.1365,0.1436
1695,0.1487,0.17085,0.1348,0.14405,0.1498,0.2485,0.14075,0.13815,0.13615
1696,0.14755,0.2557,0.1478,0.14305,0.154,0.14415,0.17575,0.1339,0.1509
1697,0.1488,0.14005,0.1505,0.14775,0.1541,0.138,0.1378,0.1274,0.1391
1698,0.1469,0.61205,0.13835,0.1551,0.1557,0.1569,0.1304,0.14665,0.1544
1699,0.1458,0.06605,0.19965,0.153,0.11385,0.1688,0.1425,0.1551,0.15165
1700,0.146,0.11225,0.1333,0.14485,0.1619,0.14215,0.1772,0.13735,0.1507
1701,0.1502,0.10375,0.1378,0.1629,0.1587,0.14495,0.136,0.1305,0.13315
1702,0.14885,0.06685,0.15695,0.14,0.1242,0.136,0.1456,0.14795,0.15175
1703,0.14765,0.07655,0.13635,0.14385,0.1294,0.1325,0.1559,0.13695,0.14675
1704,0.1473,0.58965,0.1265,0.14125,0.17055,0.1434,0.1494,0.13885,0.13855
1705,0.146,0.0859,0.1409,0.14815,0.1269,0.1136,0.1424,0.13545,0.1452
1706,0.14725,0.62625,0.17165,0.13315,0.1267,0.14515,0.14615,0.15025,0.15885
1707,0.15205,0.1059,0.1388,0.1551,0.15025,0.12405,0.1322,0.1475,0.1429
1708,0.1464,0.1783,0.1465,0.1428,0.13955,0.1433,0.14245,0.1236,0.15625
1709,0.148,0.10295,0.1369,0.15615,0.16045,0.1487,0.18185,0.12495,0.1543
1710,0.1507,0.2351,0.14335,0.14185,0.17665,0.12125,0.1656,0.15685,0.1548
1711,0.1451,0.18095,0.1484,0.14995,0.15165,0.1365,0.14645,0.13175,0.1525
1712,0.14925,0.27255,0.1451,0.13645,0.1453,0.12825,0.1662,0.1286,0.1403
1713,0.14715,0.1463,0.16525,0.14175,0.18865,0.1313,0.12575,0.1392,0.1513
1714,0.1494,0.1519,0.20505,0.133,0.1275,0.15585,0.16705,0.14945,0.15395
1715,0.15125,0.25825,0.1263,0.15995,0.1397,0.12675,0.1439,0.1418,0.1494
1716,0.14615,0.10435,0.13475,0.13945,0.12615,0.1296,0.1938,0.14925,0.1427
1717,0.14695,0.11985,0.12665,0.13105,0.13925,0.1561,0.13365,0.15055,0.14285
1718,0.14885,0.15825,0.1247,0.13585,0.14845,0.1529,0.14465,0.1428,0.1511
1719,0.14455,0.07635,0.1189,0.13595,0.1661,0.1344,0.12925,0.12955,0.1498
1720,0.14605,0.0992,0.1541,0.14025,0.1477,0.1479,0.1471,0.12955,0.1529
1721,0.14655,0.197,0.17055,0.14455,0.18545,0.13005,0.1432,0.13135,0.1443
1722,0.1435,0.0662,0.1389,0.161,0.1301,0.15195,0.1367,0.23245,0.1511
1723,0.1486,0.06205,0.13575,0.1309,0.16615,0.1479,0.1471,0.1655,0.1533
1724,0.1518,0.1016,0.1943,0.1781,0.1679,0.143,0.1512,0.138,0.14695
1725,0.14215,0.11065,0.1414,0.16675,0.1359,0.11975,0.1366,0.1452,0.1503
1726,0.1484,0.12345,0.131,0.1654,0.14195,0.14285,0.15625,0.14985,0.14625
1727,0.14865,0.16015,0.13025,0.1384,0.13875,0.15815,0.14375,0.15775,0.1554
1728,0.1504,0.17555,0.1344,0.137,0.14085,0.13345,0.13355,0.13735,0.1432
1729,0.1487,0.10775,0.1452,0.15435,0.13485,0.1395,0.1925,0.1233,0.14975
1730,0.1424,0.08695,0.12545,0.13815,0.14825,0.1154,0.14915,0.1424,0.1545
1731,0.14015,0.12975,0.14055,0.14245,0.14435,0.14695,0.16785,0.1386,0.15855
1732,0.1475,0.0972,0.15075,0.14625,0.1522,0.16675,0.1454,0.1357,0.14005
1733,0.14985,0.1287,0.15595,0.15325,0.16155,0.15555,0.1374,0.14575,0.15115
1734,0.14635,0.08265,0.15385,0.1466,0.1372,0.1457,0.1472,0.13885,0.1454
1735,0.1504,0.07595,0.14535,0.13405,0.1367,0.11895,0.14175,0.1499,0.14385
1736,0.1463,0.3997,0.13435,0.14105,0.15115,0.18555,0.13125,0.14675,0.14625
1737,0.14565,0.139,0.1495,0.1578,0.1326,0.119,0.1501,0.16015,0.1482
1738,0.14665,0.16995,0.1687,0.12995,0.1344,0.1369,0.14285,0.14245,0.14895
1739,0.1465,0.1083,0.13185,0.16305,0.1803,0.11835,0.15895,0.12555,0.16525
1740,0.1483,0.23745,0.1733,0.15305,0.1171,0.1847,0.13805,0.14045,0.14055
1741,0.1472,0.138,0.1711,0.13965,0.13805,0.1424,0.1537,0.17145,0.14755
1742,0.14595,0.18715,0.1434,0.13905,0.13485,0.13325,0.1443,0.13745,0.14585
1743,0.148,0.09745,0.133,0.15,0.1579,0.16655,0.14485,0.13505,0.15795
1744,0.145,0.11175,0.1407,0.15525,0.14475,0.1625,0.1365,0.13525,0.14495
1745,0.14745,0.1242,0.11955,0.1531,0.13195,0.1482,0.14035,0.14565,0.14195
1746,0.1508,0.14005,0.1321,0.16175,0.148,0.12985,0.1366,0.1425,0.14345
1747,0.1496,0.1423,0.12825,0.16255,0.1398,0.1403,0.14765,0.14745,0.13935
1748,0.14385,0.1651,0.1277,0.14395,0.1481,0.12245,0.12595,0.1381,0.14755
1749,0.14845,0.1219,0.12405,0.15905,0.1525,0.1216,0.15,0.13755,0.1533
1750,0.1451,0.16565,0.54235,0.14495,0.1307,0.098,0.14735,0.1393,0.13475
1751,0.14765,0.13115,0.1423,0.147,0.13605,0.13715,0.1404,0.1326,0.1464
1752,0.14675,0.1532,0.1817,0.14765,0.1619,0.13265,0.13995,0.1349,0.14395
1753,0.14695,0.0845,0.1584,0.17395,0.1447,0.1495,0.14885,0.14195,0.14775
1754,0.15085,0.1239,0.152,0.15095,0.1588,0.13545,0.16775,0.1511,0.143
1755,0.14715,0.1014,0.14625,0.14915,0.123,0.11525,0.1557,0.1461,0.1452
1756,0.14865,0.16505,0.1314,0.1616,0.14105,0.195,0.2188,0.12865,0.1451
1757,0.14785,0.1398,0.139,0.13055,0.1468,0.14005,0.13625,0.16185,0.15015
1758,0.15135,0.1464,0.13765,0.15045,0.1323,0.3217,0.1487,0.11695,0.14765
1759,0.14665,0.1222,0.14665,0.15965,0.1359,0.13815,0.1344,0.1255,0.1384
1760,0.1461,0.15665,0.1751,0.1655,0.13705,0.15585,0.13515,0.1356,0.16015
1761,0.1477,0.12285,0.1512,0.163,0.14585,0.1722,0.14425,0.1422,0.16325
1762,0.1493,0.1623,0.1321,0.13845,0.1996,0.15105,0.1416,0.12775,0.14445
1763,0.1489,0.13225,0.11755,0.13765,0.1379,0.1292,0.13275,0.12485,0.1504
1764,0.1496,0.1369,0.15975,0.1578,0.13835,0.13215,0.19725,0.16705,0.14885
1765,0.14525,0.12325,0.1363,0.1456,0.2075,0.39485,0.191,0.1367,0.14795
1766,0.14275,0.0885,0.1405,0.1266,0.1429,0.14995,0.1295,0.11315,0.14765
1767,0.1513,0.1853,0.168,0.1562,0.1816,0.12305,0.1298,0.1481,0.13545
1768,0.14695,0.13785,0.13705,0.145,0.147,0.1333,0.1423,0.139,0.14175
1769,0.1457,0.2152,0.1374,0.14585,0.13895,0.13325,0.15205,0.1323,0.1388
1770,0.1459,0.12535,0.14005,0.15135,0.13775,0.11925,0.1439,0.1327,0.1385
1771,0.14725,0.16,0.14065,0.1428,0.13605,0.16435,0.1635,0.17815,0.137
1772,0.1449,0.24095,0.1416,0.14745,0.14915,0.1387,0.1405,0.1302,0.1569
1773,0.14665,0.15765,0.1728,0.13535,0.12795,0.1248,0.14695,0.14565,0.12795
1774,0.15105,0.09265,0.1314,0.15795,0.16475,0.16685,0.14075,0.15615,0.1417
1775,0.1432,0.0912,0.10975,0.2099,0.1814,0.1307,0.1374,0.13625,0.1435
1776,0.14985,0.0929,0.143,0.15675,0.15525,0.1365,0.14505,0.14255,0.14985
1777,0.14935,0.1219,0.13555,0.14855,0.14275,0.1638,0.14895,0.1507,0.1408
1778,0.1449,0.1033,0.13925,0.1573,0.1533,0.14075,0.12555,0.14965,0.14785
1779,0.1482,0.1816,0.145,0.15955,0.14805,0.1262,0.14505,0.14125,0.151
1780,0.1468,0.116,0.1433,0.1526,0.16055,0.133,0.1294,0.2008,0.1491
1781,0.14975,0.15555,0.3253,0.1552,0.31475,0.1631,0.139,0.12875,0.15035
1782,0.1461,0.13,0.1631,0.13545,0.1731,0.35185,0.13725,0.15735,0.1455
1783,0.14295,0.07635,0.1705,0.14685,0.13855,0.1494,0.12105,0.13435,0.14365
1784,0.1499,0.1129,0.1532,0.15295,0.1535,0.1503,0.16635,0.16515,0.18775
1785,0.14565,0.09555,0.1349,0.1405,0.134,0.1304,0.1328,0.1201,0.1417
1786,0.14865,0.11605,0.1691,0.15135,0.1707,0.1361,0.1528,0.14705,0.12535
1787,0.1476,0.19205,0.14,0.1413,0.13475,0.1397,0.14025,0.13425,0.14185
1788,0.14835,0.0617,0.132,0.15,0.1461,0.14715,0.14045,0.14765,0.1352
1789,0.14605,0.0,0.1367,0.1438,0.15665,0.12855,0.1585,0.1353,0.146
1790,0.14355,0.2058,0.1492,0.1537,0.1323,0.1507,0.1495,0.14125,0.15065
1791,0.1496,0.1276,0.1426,0.16795,0.1476,0.1528,0.1384,0.149,0.15235
1792,0.1482,0.11985,0.1655,0.16755,0.14615,0.1577,0.16625,0.1584,0.1483
1793,0.14895,0.32675,0.14555,0.1609,0.14615,0.1604,0.1371,0.2177,0.1374
1794,0.15055,0.11275,0.1402,0.1584,0.1418,0.1263,0.13275,0.1499,0.1358
1795,0.14945,0.1537,0.12025,0.13745,0.1271,0.1304,0.15495,0.1602,0.14535
1796,0.14365,0.1166,0.1459,0.1526,0.1518,0.1157,0.1287,0.14655,0.14105
1797,0.1511,0.0987,0.157,0.1565,0.19495,0.13885,0.1739,0.1569,0.1567
1798,0.1478,0.137,0.14335,0.14675,0.1247,0.12715,0.1353,0.15545,0.14855
1799,0.1443,0.1478,0.13995,0.13685,0.18495,0.1779,0.1209,0.1266,0.15055
1800,0.1475,0.1318,0.16095,0.15705,0.13655,0.1227,0.1499,0.115,0.153
1801,0.15215,0.1328,0.1339,0.1397,0.13765,0.12885,0.14305,0.17065,0.1439
1802,0.1481,0.0941,0.14225,0.1486,0.18365,0.12515,0.15275,0.14445,0.15245
1803,0.1473,0.10535,0.15245,0.1341,0.15525,0.1415,0.15395,0.1346,0.1502
1804,0.1497,0.09915,0.1597,0.13615,0.1549,0.166,0.14225,0.1334,0.1535
1805,0.1503,0.13205,0.13925,0.14965,0.1618,0.1267,0.15365,0.1306,0.1394
1806,0.153,0.0844,0.1469,0.2279,0.14525,0.1325,0.1514,0.1735,0.14165
1807,0.1428,0.11325,0.1551,0.1578,0.14445,0.1064,0.14385,0.12245,0.14305
1808,0.1492,0.15595,0.14525,0.1507,0.1567,0.124,0.1219,0.13695,0.14875
1809,0.14935,0.17075,0.14035,0.16395,0.1463,0.1532,0.13465,0.14205,0.136
1810,0.14545,0.16855,0.1312,0.23615,0.13605,0.11765,0.1377,0.1427,0.13705
1811,0.14885,0.1377,0.13735,0.15685,0.1304,0.1454,0.15665,0.13455,0.14655
1812,0.1492,0.11725,0.14495,0.15615,0.6574,0.14665,0.136,0.135,0.16745
1813,0.14815,0.1782,0.14375,0.1408,0.13305,0.134,0.14505,0.12645,0.1526
1814,0.1499,0.1081,0.14845,0.15685,0.16295,0.14385,0.15295,0.1462,0.13925
1815,0.14495,0.1098,0.148,0.1387,0.1803,0.1428,0.1232,0.15025,0.1448
1816,0.1494,0.08555,0.15635,0.152,0.1708,0.1354,0.1358,0.1633,0.132
1817,0.14385,0.1241,0.1589,0.13715,0.155,0.1309,0.1442,0.13165,0.15005
1818,0.1459,0.1483,0.1326,0.141,0.1436,0.14265,0.1414,0.13625,0.14605
1819,0.148,0.0905,0.1575,0.1467,0.1307,0.1582,0.12855,0.1227,0.1566
1820,0.1469,0.1193,0.1862,0.17325,0.1211,0.12515,0.13275,0.1569,0.14605
1821,0.14625,0.0,0.15045,0.149,0.1381,0.15585,0.1313,0.1257,0.15055
1822,0.1496,0.13575,0.1399,0.1381,0.15265,0.13315,0.13975,0.14425,0.15025
1823,0.1456,0.40935,0.14665,0.2077,0.2967,0.1477,0.16775,0.1349,0.13715
1824,0.14585,0.08095,0.16195,0.156,0.13915,0.18525,0.1456,0.12865,0.1416
1825,0.1486,0.10095,0.1475,0.14775,0.15835,0.12295,0.17465,0.1292,0.14865
1826,0.14525,0.19555,0.13305,0.14295,0.04105,0.12275,0.13075,0.13155,0.1566
1827,0.1443,0.14115,0.12935,0.14975,0.1392,0.1865,0.1308,0.19255,0.1401
1828,0.14905,0.40305,0.13575,0.13015,0.1606,0.14015,0.1443,0.1756,0.13985
1829,0.14225,0.1864,0.124,0.1445,0.14115,0.15205,0.1463,0.1566,0.15305
1830,0.1469,0.1839,0.14115,0.14615,0.12225,0.14115,0.13795,0.16145,0.1362
1831,0.145,0.12225,0.14505,0.13885,0.21825,0.1467,0.1398,0.15625,0.1475
1832,0.14405,0.0962,0.126,0.1378,0.1541,0.15265,0.1468,0.12995,0.15115
1833,0.14685,0.1272,0.1382,0.1495,0.12495,0.1315,0.135,0.14605,0.13745
1834,0.14575,0.1656,0.14335,0.1426,0.13745,0.13155,0.1435,0.1458,0.14385
1835,0.14695,0.19705,0.21615,0.1393,0.1472,0.1319,0.1401,0.17405,0.1561
1836,0.1458,0.0868,0.18645,0.13695,0.1539,0.15785,0.16185,0.15125,0.1416
1837,0.14315,0.13225,0.15155,0.16945,0.15275,0.1573,0.1339,0.1233,0.14525
1838,0.1492,0.14505,0.15435,0.13855,0.13825,0.13205,0.17215,0.1498,0.14715
1839,0.14725,0.10475,0.1382,0.13645,0.18315,0.1426,0.13215,0.16965,0.14
1840,0.14705,0.0992,0.12625,0.16675,0.16695,0.12855,0.1832,0.14205,0.13565
1841,0.15115,0.1578,0.13325,0.1502,0.1498,0.13825,0.14425,0.1412,0.1538
1842,0.14935,0.2559,0.13345,0.1408,0.1331,0.142,0.13465,0.16465,0.14295
1843,0.1464,0.15435,0.1483,0.14925,0.13435,0.1273,0.14525,0.15345,0.1406
1844,0.14785,0.18435,0.1407,0.1447,0.1345,0.16615,0.1509,0.1498,0.1448
1845,0.1449,0.08925,0.15295,0.1423,0.1354,0.1376,0.15655,0.13905,0.1472
1846,0.15235,0.1355,0.1428,0.14585,0.1546,0.22365,0.15465,0.13875,0.14785
1847,0.14965,0.1446,0.14025,0.1278,0.13015,0.13275,0.1536,0.1384,0.1939
1848,0.1476,0.0938,0.14055,0.14235,0.146,0.14285,0.13405,0.12215,0.15355
1849,0.1482,0.10935,0.14135,0.1386,0.1297,0.1613,0.1389,0.16935,0.1488
1850,0.14235,0.09755,0.1478,0.14215,0.12905,0.1657,0.13595,0.1431,0.1493
1851,0.1466,0.1267,0.13555,0.17145,0.17085,0.2643,0.14835,0.1344,0.14695
1852,0.15325,0.1551,0.15355,0.15015,0.1266,0.13555,0.1496,0.17605,0.14315
1853,0.14765,0.16255,0.15175,0.14665,0.1465,0.12215,0.162,0.1405,0.14335
1854,0.14735,0.12025,0.22485,0.15215,0.1289,0.1414,0.14145,0.19045,0.1466
1855,0.1468,0.2186,0.1273,0.14355,0.1585,0.13075,0.1524,0.1381,0.14555
1856,0.1478,0.10195,0.1392,0.13835,0.1573,0.1531,0.1505,0.13605,0.15325
1857,0.1452,0.1498,0.15565,0.15875,0.1422,0.19285,0.13605,0.14045,0.14905
1858,0.14375,0.10555,0.14155,0.14675,0.1313,0.2775,0.15795,0.1431,0.1488
1859,0.14935,0.22205,0.1419,0.13555,0.16435,0.1286,0.1597,0.12275,0.1337
1860,0.1483,0.13235,0.143,0.17855,0.1375,0.1177,0.1363,0.1397,0.14855
1861,0.14705,0.112,0.14545,0.15425,0.18055,0.155,0.1516,0.12645,0.14735
1862,0.14715,0.09355,0.1455,0.158,0.13255,0.139,0.13795,0.1268,0.14255
1863,0.15075,0.1571,0.1442,0.1438,0.15755,0.1772,0.151,0.1489,0.1446
1864,0.15175,0.1727,0.1908,0.1317,0.1236,0.14435,0.15035,0.23305,0.13585
1865,0.14765,0.14955,0.18195,0.15605,0.14735,0.2118,0.15995,0.1375,0.15865
1866,0.1448,0.1774,0.1503,0.15015,0.14315,0.1244,0.1494,0.12085,0.14365
1867,0.1434,0.35855,0.15515,0.17655,0.16255,0.13005,0.4826,0.15055,0.15375
1868,0.149,0.1721,0.13915,0.1499,0.17805,0.1201,0.1431,0.1448,0.16495
1869,0.14935,0.1187,0.13105,0.14335,0.1941,0.1277,0.15605,0.1238,0.1281
1870,0.1483,0.0869,0.27945,0.1462,0.15225,0.1456,0.14855,0.267,0.13865
1871,0.14755,0.1815,0.20055,0.1374,0.15885,0.13885,0.13675,0.14835,0.14875
1872,0.14565,0.10305,0.15215,0.1719,0.16625,0.14905,0.14635,0.1252,0.15075
1873,0.1526,0.1214,0.1563,0.13545,0.16845,0.1677,0.14745,0.1575,0.14745
1874,0.1478,0.107,0.17655,0.1971,0.14115,0.10115,0.14205,0.1377,0.15355
1875,0.14465,0.27875,0.13695,0.15825,0.17205,0.1341,0.15185,0.13485,0.15445
1876,0.14795,0.256,0.14535,0.14585,0.1262,0.15945,0.13965,0.12335,0.1529
1877,0.14595,0.1582,0.13655,0.14465,0.13815,0.1267,0.13175,0.90015,0.141
1878,0.1468,0.2908,0.1517,0.1517,0.26465,0.1421,0.13055,0.1512,0.1447
1879,0.1429,0.15765,0.15025,0.16545,0.1747,0.1606,0.1515,0.13195,0.14465
1880,0.14835,0.10815,0.1693,0.14335,0.1402,0.1389,0.1617,0.1967,0.15265
1881,0.14735,0.16015,0.1386,0.15535,0.2361,0.1336,0.14065,0.136,0.15405
1882,0.1481,0.06025,0.1349,0.15595,0.13115,0.1516,0.1631,0.1384,0.1687
1883,0.14665,0.0916,0.1272,0.1407,0.1396,0.1312,0.15075,0.14105,0.1344
1884,0.1461,0.39985,0.15855,0.1551,0.1475,0.1567,0.1512,0.13595,0.1418
1885,0.1473,0.1124,0.15215,0.1538,0.1488,0.15035,0.15695,0.13415,0.1627
1886,0.1465,0.16145,0.1323,0.1438,0.14095,0.1486,0.1343,0.13745,0.15235
1887,0.1519,0.3806,0.1369,0.1463,0.12075,0.1305,0.13455,0.12385,0.1529
1888,0.1511,0.12,0.1466,0.1361,0.13235,0.1424,0.1488,0.13145,0.15285
1889,0.14955,0.0705,0.1424,0.1453,0.1363,0.13895,0.1362,0.14275,0.1402
1890,0.14815,0.14815,0.11815,0.14325,0.1547,0.14255,0.13985,0.14765,0.1448
1891,0.14765,0.2628,0.1347,0.1494,0.1464,0.2009,0.1456,0.12755,0.1553
1892,0.14425,0.0887,0.1338,0.136,0.1652,0.12605,0.1387,0.13725,0.14815
1893,0.1508,0.1612,0.16305,0.14305,0.1496,0.1243,0.1377,0.165,0.15825
1894,0.1493,0.12385,0.15065,0.1399,0.07175,0.1375,0.1333,0.1425,0.13875
1895,0.14735,0.227,0.14025,0.15255,0.1337,0.15765,0.13225,0.13755,0.1398
1896,0.1487,0.12405,0.20695,0.14435,0.13055,0.13685,0.14875,0.12875,0.14735
1897,0.14695,0.2069,0.174,0.1624,0.143,0.1235,0.1364,0.13065,0.14085
1898,0.14195,0.0956,0.1307,0.1731,0.1353,0.1461,0.15875,0.1483,0.15325
1899,0.15045,0.191,0.14105,0.14105,0.12695,0.37115,0.14345,0.13905,0.1492
1900,0.14835,0.11155,0.1942,0.1427,0.1151,0.15815,0.12675,0.1482,0.1426
1901,0.14895,0.15025,0.1399,0.14535,0.13605,0.1202,0.1355,0.16755,0.13715
1902,0.1517,0.17235,0.13985,0.13965,0.15845,0.13595,0.1321,0.12585,0.1482
1903,0.1514,0.12995,0.1324,0.14295,0.1699,0.14405,0.13045,0.1238,0.1318
1904,0.1488,0.14265,0.18395,0.14845,0.14675,0.154,0.1353,0.13035,0.1524
1905,0.1461,0.1046,0.15065,0.15075,0.12435,0.1334,0.14605,0.1487,0.1396
1906,0.15035,0.0983,0.13935,0.15165,0.15745,0.133,0.14045,0.1586,0.15785
1907,0.151,0.17915,0.14285,0.1472,0.16755,0.12455,0.14175,0.1098,0.1441
1908,0.14865,0.0832,0.1447,0.1513,0.2219,0.1687,0.1492,0.13815,0.1611
1909,0.1516,0.12765,0.1777,0.14035,0.1451,0.13805,0.1773,0.12345,0.15225
1910,0.14775,0.09635,0.17485,0.14735,0.13505,0.1387,0.13615,0.14175,0.13865
1911,0.1465,0.1502,0.12655,0.1585,0.14105,0.1238,0.14195,0.17435,0.1588
1912,0.1448,0.111,0.18775,0.17125,0.14215,0.139,0.13565,0.1483,0.1528
1913,0.14865,0.13455,0.14905,0.15005,0.135,0.14405,0.13325,0.13115,0.14355
1914,0.14965,0.2065,0.1491,0.1356,0.1282,0.1727,0.16525,0.1512,0.14345
1915,0.14685,0.13355,0.1416,0.1438,0.13995,0.13525,0.1444,0.14265,0.1477
1916,0.14695,0.1694,0.1241,0.13875,0.14275,0.13005,0.16025,0.1215,0.1461
1917,0.15035,0.1558,0.1623,0.13605,0.1548,0.15195,0.14995,0.1325,0.1512
1918,0.14725,0.0932,0.13325,0.14295,0.15975,0.14125,0.14155,0.13105,0.17315
1919,0.1514,0.1684,0.1303,0.15105,0.15735,0.1647,0.16015,0.13835,0.14125
1920,0.14955,0.15515,0.26235,0.16485,0.15385,0.12005,0.15285,0.1221,0.1426
1921,0.14795,0.08475,0.15115,0.14735,0.1524,0.14865,0.1408,0.1799,0.234
1922,0.1486,0.49265,0.151,0.17115,0.1557,0.1182,0.1478,0.1454,0.14505
1923,0.15145,0.10795,0.1486,0.1474,0.1516,0.1256,0.15225,0.13225,0.153
1924,0.15265,0.18995,0.1538,0.147,0.14235,0.11205,0.1368,0.1323,0.1534
1925,0.149,0.12645,0.1506,0.13745,0.13445,0.1709,0.1521,0.1405,0.1462
1926,0.14545,0.14205,0.1325,0.3979,0.15875,0.1275,0.1306,0.1238,0.15345
1927,0.149,0.09225,0.1405,0.14665,0.14165,0.1456,0.15285,0.1352,0.1536
1928,0.1462,0.2655,0.1372,0.1391,0.15255,0.13645,0.15365,0.12725,0.1588
1929,0.1476,0.09825,0.1617,0.151,0.13915,0.1588,0.1529,0.1265,0.13905
1930,0.14565,0.11415,0.188,0.14545,0.15335,0.20695,0.16425,0.1343,0.1478
1931,0.14675,0.20835,0.1381,0.14195,0.18995,0.1361,0.1331,0.12625,0.1474
1932,0.1478,0.18365,0.1297,0.14715,0.1469,0.1569,0.1484,0.15525,0.14625
1933,0.14655,0.12305,0.14255,0.14855,0.13585,0.1491,0.1369,0.14875,0.1417
1934,0.14485,0.22905,0.15405,0.14155,0.1502,0.15065,0.13615,0.1328,0.1479
1935,0.14625,0.1735,0.1292,0.1527,0.15555,0.13985,0.1379,0.1212,0.14685
1936,0.14245,0.12025,0.11905,0.15375,0.1571,0.1298,0.13395,0.11885,0.1671
1937,0.14835,0.2135,0.1924,0.13095,0.14435,0.13415,0.14385,0.1391,0.1505
1938,0.1461,0.10175,0.1204,0.1519,0.1733,0.13085,0.13115,0.1498,0.14855
1939,0.1501,0.1247,0.14385,0.1562,0.15315,0.1417,0.16025,0.1424,0.1558
1940,0.1512,0.09785,0.24195,0.13555,0.13355,0.1426,0.13855,0.14995,0.1475
1941,0.149,0.16485,0.16465,0.1462,0.1751,0.12505,0.15465,0.13175,0.1539
1942,0.14745,0.0941,0.1417,0.1439,0.1491,0.13305,0.1399,0.1424,0.1495
1943,0.1506,0.18325,0.13525,0.1431,0.13965,0.1137,0.14475,0.197,0.1382
1944,0.1511,0.06665,0.1465,0.15895,0.1652,0.12135,0.14115,0.1335,0.1465
1945,0.14575,0.12755,0.1602,0.1568,0.1503,0.13435,0.1482,0.1297,0.1506
1946,0.14355,0.2123,0.16485,0.13095,0.14835,0.1204,0.15395,0.16115,0.16355
1947,0.14785,0.1874,0.13345,0.1396,0.1402,0.1389,0.13035,0.1384,0.14175
1948,0.14435,0.10955,0.1446,0.1372,0.15745,0.18495,0.1961,0.1182,0.154
1949,0.1513,0.15025,0.1689,0.1425,0.14465,0.1419,0.146,0.1385,0.12555
1950,0.1485,0.0989,0.12935,0.1777,0.13525,0.1864,0.1471,0.14055,0.15805
1951,0.1484,0.15015,0.1301,0.1561,0.1371,0.1379,0.13945,0.1336,0.1562
1952,0.14645,0.1877,0.12325,0.15945,0.1991,0.16425,0.13785,0.1259,0.1447
1953,0.1543,0.0873,0.1376,0.1367,0.14975,0.131,0.15645,0.13005,0.14015
1954,0.14675,0.168,0.14535,0.15415,0.14165,0.15265,0.1353,0.1547,0.1462
1955,0.14565,0.17225,0.1432,0.1416,0.18065,0.1474,0.14675,0.1406,0.1511
1956,0.1466,0.16165,0.13445,0.1684,0.1372,0.1695,0.1293,0.12825,0.15085
1957,0.14945,0.10585,0.1232,0.14035,0.15155,0.13695,0.15395,0.1619,0.1566
1958,0.15275,0.15215,0.1477,0.14235,0.1404,0.217,0.14935,0.12875,0.1482
1959,0.14625,0.1739,0.15585,0.1574,0.146,0.17865,0.13815,0.1699,0.15225
1960,0.14735,0.1589,0.13775,0.1628,0.1552,0.1341,0.15385,0.14765,0.14335
1961,0.1462,0.89,0.15935,0.1361,0.1264,0.18185,0.1307,0.14655,0.1563
1962,0.1426,0.269,0.12655,0.14365,0.1586,0.12745,0.1475,0.1454,0.15175
1963,0.1461,0.753,0.13165,0.1429,0.1371,0.1502,0.1456,0.1676,0.1385
1964,0.14405,0.1324,0.149,0.15455,0.13085,0.14255,0.1424,0.1472,0.14575
1965,0.15005,0.29155,0.14715,0.20165,0.13125,0.14725,0.1259,0.15355,0.14065
1966,0.1462,0.0985,0.1409,0.1375,0.13495,0.12475,0.1462,0.1807,0.1426
1967,0.15145,0.10755,0.146,0.14365,0.1223,0.10905,0.13885,0.1489,0.1384
1968,0.1423,0.27575,0.15,0.13525,0.1459,0.1384,0.14015,0.1425,0.142
1969,0.1493,0.1048,0.19005,0.1407,0.15965,0.13695,0.14205,0.1648,0.1356
1970,0.14515,0.4194,0.1416,0.15965,0.17335,0.153,0.1486,0.1384,0.1499
1971,0.14785,0.1835,0.1267,0.16075,0.17465,0.1299,0.1194,0.1326,0.1458
1972,0.147,0.11095,0.1239,0.15805,0.1321,0.1421,0.1579,0.15265,0.1489
1973,0.14805,0.12605,0.14295,0.163,0.13905,0.15055,0.1552,0.1476,0.14405
1974,0.1506,0.18975,0.1226,0.144,0.1686,0.14315,0.1444,0.1258,0.1406
1975,0.1444,0.1527,0.1566,0.14095,0.14095,0.16605,0.1415,0.1287,0.15
1976,0.1499,0.21075,0.13575,0.18205,0.15455,0.1238,0.25365,0.14365,0.15215
1977,0.1498,0.1558,0.13855,0.16595,0.1633,0.1268,0.1294,0.13115,0.1432
1978,0.1453,0.11495,0.13475,0.17215,0.13505,0.11895,0.1916,0.1754,0.1577
1979,0.1517,0.12805,0.14155,0.15255,0.13245,0.1487,0.1308,0.136,0.15935
1980,0.1487,0.20755,0.13425,0.143,0.1547,0.17065,0.1538,0.1382,0.1565
1981,0.1463,0.3344,0.13715,0.1687,0.1349,0.14805,0.1605,0.13945,0.1513
1982,0.14855,0.14355,0.12235,0.1617,0.19665,0.1337,0.1538,0.1281,0.1386
1983,0.1461,0.1714,0.128,0.1419,0.15505,0.18725,0.1508,0.1561,0.16415
1984,0.14635,0.12425,0.1513,0.13355,0.1313,0.1422,0.1416,0.15015,0.16365
1985,0.1474,0.0,0.1603,0.1473,0.14395,0.12715,0.15625,0.13635,0.14395
1986,0.14705,0.085,0.121,0.1374,0.1455,0.15455,0.14445,0.12735,0.14355
1987,0.14705,0.1535,0.14125,0.15525,0.1607,0.1318,0.15145,0.13505,0.15035
1988,0.14495,0.1573,0.13955,0.1438,0.14,0.12885,0.1415,0.1649,0.1483
1989,0.1462,0.09205,0.12395,0.16815,0.1808,0.13685,0.146,0.1582,0.15715
1990,0.15285,0.102,0.15825,0.1624,0.14865,0.1237,0.1366,0.1844,0.13935
1991,0.1501,0.1897,0.148,0.1296,0.1277,0.16035,0.13015,0.12565,0.13215
1992,0.14935,0.1074,0.17655,0.127,0.13545,0.1378,0.16415,0.14925,0.15045
1993,0.1442,0.21205,0.1312,0.14735,0.1428,0.1635,0.15315,0.13525,0.14465
1994,0.1479,0.09575,0.15075,0.14015,0.13735,0.1645,0.1372,0.1353,0.1461
1995,0.14765,0.1193,0.14265,0.14965,0.1456,0.1501,0.12125,0.16825,0.1479
1996,0.1429,0.1598,0.12735,0.14575,0.11545,0.1305,0.16215,0.1395,0.15285
1997,0.1475,0.1972,0.146,0.1287,0.14505,0.11885,0.1547,0.1456,0.157
1998,0.1485,0.06045,0.14525,0.15655,0.15755,0.13355,0.1397,0.1518,0.14265
1999,0.1451,0.15055,0.11505,0.1407,0.14035,0.13625,0.1545,0.13395,0.1367
