chain_id,iid,ula,uhmc_5,uhmc_10,uhmc_random,hmc_5,hmc_10,hmc_random,nuts
0,0.11205,0.13325,0.1122,0.11595,0.1127,0.11415,0.10695,0.11385,0.1093
1,0.1144,0.13585,0.11045,0.1153,0.1164,0.1227,0.1115,0.12555,0.11105
2,0.11685,0.11455,0.10705,0.10925,0.1183,0.1333,0.11035,0.11155,0.11155
3,0.11315,0.08245,0.11595,0.1081,0.12115,0.1013,0.1198,0.1167,0.12065
4,0.1151,0.16695,0.11265,0.1143,0.1147,0.1233,0.10365,0.11055,0.10375
5,0.1126,0.05835,0.11935,0.11635,0.1071,0.1104,0.1045,0.09735,0.11415
6,0.1121,0.25535,0.1001,0.12295,0.10455,0.1148,0.11345,0.1121,0.10265
7,0.1129,0.1422,0.10955,0.11335,0.10535,0.10795,0.112,0.10545,0.10775
8,0.11855,0.10465,0.10585,0.1254,0.11795,0.1075,0.1141,0.10495,0.1127
9,0.11125,0.0704,0.12185,0.10825,0.1146,0.10785,0.1186,0.09615,0.118
10,0.11035,0.07205,0.11695,0.11205,0.1379,0.1047,0.108,0.1143,0.11665
11,0.11295,0.1073,0.11105,0.11455,0.1177,0.15385,0.1186,0.10855,0.1105
12,0.1145,0.1141,0.10825,0.1126,0.1034,0.1197,0.10855,0.19665,0.11865
13,0.11225,0.08675,0.1526,0.1161,0.1195,0.0981,0.115,0.12165,0.1076
14,0.1095,0.1102,0.13865,0.1186,0.12645,0.1041,0.10785,0.10495,0.12205
15,0.11265,0.0716,0.109,0.116,0.11175,0.10825,0.11205,0.10765,0.1166
16,0.1095,0.13685,0.11785,0.11425,0.10685,0.1034,0.099,0.0971,0.116
17,0.1088,0.10705,0.1102,0.12155,0.11885,0.10475,0.10695,0.10625,0.11105
18,0.10925,0.10805,0.1128,0.11375,0.12005,0.1024,0.10555,0.10465,0.1178
19,0.1112,0.08065,0.1093,0.1236,0.11025,0.1083,0.10665,0.10195,0.11615
20,0.1076,0.11865,0.12415,0.11255,0.11155,0.10415,0.1078,0.1292,0.11395
21,0.1149,0.0559,0.1494,0.11615,0.1151,0.109,0.10265,0.10045,0.1109
22,0.1092,0.2217,0.1327,0.1033,0.1137,0.11105,0.1144,0.10325,0.10625
23,0.11325,0.1278,0.10915,0.11115,0.10965,0.11515,0.10785,0.12015,0.1103
24,0.11425,0.1198,0.1093,0.1173,0.13435,0.12135,0.109,0.1224,0.11465
25,0.1145,0.09305,0.12885,0.12685,0.10525,0.10365,0.11985,0.10295,0.11385
26,0.11035,0.09705,0.12335,0.1233,0.11765,0.10965,0.11005,0.1121,0.1163
27,0.11245,0.10725,0.1208,0.1224,0.1108,0.1105,0.11305,0.1128,0.11845
28,0.11255,0.1122,0.12115,0.1172,0.12235,0.1079,0.1172,0.11525,0.1187
29,0.11575,0.06525,0.12015,0.1168,0.10905,0.0982,0.11195,0.1046,0.1062
30,0.114,0.096,0.10485,0.1148,0.1058,0.10855,0.1061,0.0981,0.11895
31,0.10965,0.06,0.11865,0.1163,0.10775,0.09835,0.11145,0.10985,0.10815
32,0.11345,0.082,0.1154,0.11055,0.11025,0.1099,0.1149,0.11325,0.1069
33,0.1145,0.0979,0.123,0.1064,0.10695,0.10645,0.1089,0.11235,0.10765
34,0.1117,0.09095,0.11405,0.1217,0.11305,0.1048,0.1167,0.1248,0.1241
35,0.11375,0.09775,0.12575,0.11835,0.10825,0.09645,0.10415,0.11005,0.1139
36,0.1121,0.1179,0.1148,0.10715,0.121,0.12,0.10735,0.11175,0.1142
37,0.11825,0.16,0.11675,0.114,0.10585,0.1103,0.1107,0.116,0.114
38,0.11135,0.1349,0.10345,0.11215,0.1055,0.1225,0.11615,0.1116,0.1128
39,0.1155,0.11855,0.1208,0.11165,0.10775,0.1103,0.1059,0.10585,0.11825
40,0.10965,0.12965,0.09855,0.12035,0.1093,0.1123,0.1097,0.1159,0.1151
41,0.11185,0.08445,0.1331,0.11495,0.1098,0.09705,0.11685,0.10635,0.1223
42,0.11025,0.0719,0.11185,0.1121,0.10965,0.11165,0.112,0.1105,0.11135
43,0.10975,0.1208,0.1269,0.11505,0.10745,0.1069,0.11455,0.1088,0.1103
44,0.11025,0.0727,0.1011,0.11855,0.1059,0.12375,0.12095,0.10145,0.1129
45,0.11385,0.10755,0.11975,0.12225,0.11975,0.10415,0.11205,0.1047,0.1151
46,0.1123,0.0738,0.11645,0.1117,0.11475,0.1153,0.1041,0.10405,0.1034
47,0.1141,0.1496,0.1154,0.11515,0.1102,0.1093,0.113,0.1082,0.10635
48,0.1133,0.0818,0.11205,0.1262,0.10735,0.11415,0.111,0.1115,0.1082
49,0.1099,0.06665,0.1267,0.11895,0.1089,0.1078,0.1125,0.1139,0.11685
50,0.1132,0.0903,0.11675,0.11475,0.11805,0.09835,0.1074,0.1111,0.10875
51,0.113,0.1669,0.0963,0.1067,0.1237,0.10675,0.0975,0.11465,0.1084
52,0.1141,0.07245,0.1054,0.12145,0.10745,0.10735,0.11035,0.1071,0.11765
53,0.11565,0.11715,0.11115,0.1221,0.10865,0.10085,0.11725,0.11365,0.11375
54,0.1101,0.19655,0.10425,0.1155,0.1209,0.1075,0.11805,0.11115,0.12015
55,0.1099,0.5805,0.12015,0.1098,0.10275,0.10215,0.11395,0.1137,0.11095
56,0.1118,0.0822,0.11415,0.1029,0.1093,0.1099,0.108,0.106,0.1025
57,0.11095,0.10465,0.1084,0.1176,0.12515,0.1265,0.1092,0.09855,0.1086
58,0.1131,0.1293,0.1148,0.11925,0.10095,0.1104,0.10515,0.11315,0.10865
59,0.1105,0.1574,0.11,0.1009,0.1073,0.1054,0.11195,0.12055,0.1065
60,0.1076,0.2136,0.1018,0.1143,0.1102,0.1093,0.1073,0.10755,0.1124
61,0.11095,0.0713,0.11325,0.11865,0.10705,0.1078,0.1129,0.1023,0.1136
62,0.11185,0.115,0.1012,0.11255,0.113,0.1232,0.11105,0.1024,0.1157
63,0.1125,0.11635,0.11305,0.10785,0.10485,0.114,0.1102,0.1253,0.11295
64,0.11205,0.08875,0.1151,0.1123,0.11075,0.1162,0.11345,0.10605,0.11935
65,0.11415,0.0738,0.11395,0.11265,0.1219,0.1099,0.11075,0.11785,0.1183
66,0.1133,0.17765,0.12455,0.1187,0.11365,0.11545,0.10505,0.11405,0.10755
67,0.1148,0.0701,0.1141,0.1244,0.10775,0.1081,0.1079,0.10535,0.11915
68,0.11495,0.0995,0.1137,0.12565,0.1163,0.12775,0.1133,0.10125,0.103
69,0.11205,0.10655,0.1264,0.11425,0.11725,0.1007,0.13345,0.10685,0.10915
70,0.11425,0.1562,0.11765,0.1133,0.1159,0.1031,0.10665,0.10845,0.1071
71,0.1121,0.0947,0.0931,0.10985,0.1111,0.09665,0.1063,0.11425,0.10085
72,0.11015,0.09695,0.12135,0.11135,0.1094,0.1078,0.11015,0.10895,0.11015
73,0.1099,0.1099,0.1237,0.11475,0.09965,0.07925,0.11025,0.1149,0.11105
74,0.1085,0.0778,0.12015,0.11995,0.1097,0.1086,0.11145,0.12455,0.10865
75,0.1109,0.08225,0.10685,0.10535,0.1294,0.1128,0.10615,0.1098,0.1144
76,0.11275,0.08485,0.1032,0.1022,0.12865,0.11515,0.11025,0.1026,0.10985
77,0.1146,0.1143,0.1092,0.12225,0.1226,0.11105,0.1114,0.11095,0.11245
78,0.1119,0.1143,0.1076,0.17165,0.12015,0.11345,0.1143,0.1291,0.1107
79,0.1125,0.0721,0.1037,0.12845,0.11895,0.103,0.1003,0.10645,0.12
80,0.11335,0.10465,0.10705,0.13525,0.14025,0.10405,0.1052,0.1004,0.10715
81,0.11165,0.0852,0.11165,0.1144,0.1044,0.1205,0.1126,0.1117,0.11435
82,0.11435,0.1631,0.11135,0.1144,0.1164,0.1496,0.1175,0.1089,0.115
83,0.10755,0.1353,0.11675,0.1081,0.11255,0.10215,0.1089,0.1076,0.10775
84,0.11565,0.1776,0.1133,0.11585,0.1053,0.1137,0.1179,0.10645,0.10275
85,0.11055,0.08185,0.1107,0.11225,0.1233,0.1075,0.11125,0.10525,0.11735
86,0.11725,0.09595,0.11505,0.1077,0.1113,0.12285,0.1136,0.1095,0.1074
87,0.111,0.182,0.13795,0.12555,0.1128,0.10825,0.109,0.1069,0.1107
88,0.1077,0.1317,0.1104,0.1137,0.1143,0.11315,0.11065,0.1186,0.1178
89,0.10995,0.08895,0.11525,0.11385,0.10305,0.09975,0.11415,0.11595,0.1106
90,0.10715,0.11715,0.10135,0.12385,0.11275,0.10735,0.11095,0.10895,0.1108
91,0.11065,0.07715,0.12225,0.1174,0.1165,0.09975,0.11495,0.1141,0.1121
92,0.1125,0.0985,0.11915,0.11405,0.11895,0.12095,0.1189,0.10215,0.11805
93,0.1111,0.1855,0.11035,0.119,0.11625,0.1025,0.1094,0.1129,0.1078
94,0.1136,0.0816,0.11025,0.11515,0.10735,0.1139,0.1089,0.1053,0.11865
95,0.1133,0.15425,0.1275,0.119,0.1196,0.1042,0.1195,0.1191,0.1105
96,0.11085,0.06505,0.12715,0.14515,0.10625,0.1004,0.11565,0.1011,0.1172
97,0.106,0.09835,0.11245,0.1228,0.12225,0.1074,0.1153,0.1006,0.1144
98,0.1152,0.1366,0.1148,0.112,0.0996,0.1281,0.11625,0.1063,0.10745
99,0.11365,0.12745,0.11145,0.1237,0.10445,0.1145,0.10605,0.1047,0.10605
100,0.1135,0.051,0.1113,0.11755,0.10455,0.11,0.10095,0.1035,0.117
101,0.11345,0.09345,0.14255,0.1227,0.1173,0.0904,0.1163,0.1026,0.11475
102,0.1097,0.09415,0.1151,0.1119,0.1242,0.10545,0.1242,0.1223,0.11615
103,0.1079,0.10585,0.1202,0.11715,0.115,0.09825,0.1061,0.09885,0.10545
104,0.11625,0.09985,0.1303,0.1098,0.10545,0.1851,0.10405,0.09075,0.10675
105,0.11255,0.08365,0.09785,0.1268,0.10495,0.11085,0.1074,0.11815,0.1161
106,0.1123,0.09625,0.1559,0.112,0.10285,0.10925,0.1141,0.11625,0.1098
107,0.1104,0.00805,0.10395,0.1125,0.11085,0.10865,0.1042,0.10575,0.1132
108,0.1132,0.0962,0.12895,0.1182,0.11115,0.1238,0.10735,0.1013,0.12095
109,0.11475,0.0969,0.09825,0.12385,0.1235,0.116,0.1098,0.1061,0.1188
110,0.11505,0.1134,0.1087,0.09825,0.1134,0.09845,0.114,0.10865,0.1068
111,0.10985,0.08895,0.1063,0.1137,0.10725,0.1005,0.123,0.11835,0.10975
112,0.11255,0.1076,0.1267,0.11335,0.1178,0.1109,0.1047,0.11125,0.10865
113,0.11085,0.12795,0.1171,0.11475,0.10845,0.1004,0.1217,0.10105,0.11115
114,0.1098,0.07655,0.1092,0.1047,0.109,0.10955,0.11425,0.1103,0.1176
115,0.11335,0.0761,0.1129,0.1133,0.11885,0.11595,0.1013,0.107,0.1151
116,0.113,0.1636,0.11845,0.10995,0.10625,0.11435,0.10905,0.1025,0.1136
117,0.11175,0.08955,0.1195,0.12635,0.1151,0.10615,0.11285,0.115,0.10565
118,0.1152,0.18605,0.1112,0.1083,0.1129,0.10195,0.1064,0.112,0.0987
119,0.1106,0.09455,0.11095,0.1187,0.1112,0.12625,0.1047,0.1065,0.10945
120,0.1087,0.12585,0.1244,0.11745,0.1097,0.1265,0.11295,0.1275,0.1026
121,0.1107,0.08725,0.11535,0.11305,0.1111,0.10495,0.11075,0.11225,0.11275
122,0.11145,0.07555,0.1086,0.1135,0.10335,0.1171,0.1146,0.1037,0.10935
123,0.1146,0.079,0.11625,0.1078,0.122,0.1104,0.1142,0.10555,0.1107
124,0.1129,0.06985,0.109,0.10445,0.11235,0.1048,0.11215,0.11725,0.1187
125,0.11065,0.08795,0.1142,0.09625,0.10955,0.11285,0.1188,0.10775,0.10195
126,0.1087,0.18155,0.105,0.11485,0.1195,0.1058,0.1164,0.11805,0.11465
127,0.1102,0.2526,0.11025,0.10875,0.11525,0.11225,0.1018,0.11645,0.10365
128,0.1106,0.0986,0.1531,0.1002,0.101,0.10645,0.10575,0.1138,0.11715
129,0.1122,0.08005,0.099,0.11655,0.1153,0.11155,0.10805,0.1372,0.1144
130,0.10955,0.19435,0.11345,0.1201,0.10755,0.11245,0.1047,0.1098,0.10365
131,0.11365,0.10395,0.16095,0.11725,0.11275,0.1182,0.10535,0.1145,0.11745
132,0.11235,0.0821,0.1128,0.11265,0.11315,0.1085,0.10705,0.09965,0.1002
133,0.11325,0.05505,0.11595,0.11255,0.1138,0.11335,0.1068,0.1084,0.1119
134,0.1092,0.12985,0.10505,0.10905,0.13045,0.10955,0.11435,0.1124,0.10985
135,0.11275,0.0639,0.1012,0.11225,0.1081,0.14965,0.10535,0.1136,0.1132
136,0.11205,0.10075,0.1188,0.10555,0.1074,0.1159,0.1175,0.0972,0.11115
137,0.1107,0.1499,0.13565,0.11705,0.1181,0.1113,0.1126,0.10515,0.1243
138,0.11245,0.18785,0.1336,0.1226,0.10465,0.11415,0.1036,0.11855,0.10475
139,0.11015,0.14355,0.10405,0.11675,0.1095,0.13785,0.1077,0.10595,0.10545
140,0.11045,0.09325,0.1155,0.1094,0.16665,0.113,0.1128,0.11625,0.10515
141,0.1094,0.1227,0.12275,0.11025,0.13225,0.10735,0.11805,0.1011,0.10255
142,0.11195,0.0845,0.1015,0.11405,0.116,0.10995,0.1079,0.1095,0.113
143,0.1113,0.10765,0.1268,0.1225,0.1139,0.1058,0.1202,0.10735,0.11365
144,0.1161,0.09905,0.10835,0.1101,0.1141,0.1111,0.1081,0.12415,0.1116
145,0.10785,0.0747,0.1069,0.112,0.1158,0.10815,0.1131,0.1128,0.11725
146,0.1106,0.10945,0.13545,0.1126,0.1114,0.1067,0.1363,0.12495,0.10535
147,0.10975,0.11425,0.1146,0.11015,0.1249,0.09545,0.10545,0.102,0.105
148,0.1133,0.12455,0.10235,0.1141,0.13935,0.14885,0.1228,0.10015,0.11295
149,0.11415,0.1034,0.12385,0.11225,0.10905,0.13015,0.1057,0.141,0.11135
150,0.10985,0.1843,0.13175,0.11635,0.11395,0.09375,0.12005,0.11405,0.1172
151,0.1145,0.19425,0.1064,0.1173,0.11735,0.09545,0.1175,0.10725,0.1071
152,0.11065,0.0814,0.10135,0.1096,0.1112,0.1093,0.12455,0.11485,0.114
153,0.1133,0.10235,0.1202,0.11275,0.1284,0.1113,0.1038,0.11285,0.11695
154,0.1125,0.5474,0.11395,0.12265,0.11075,0.10895,0.11515,0.1057,0.1108
155,0.11105,0.11215,0.1162,0.1156,0.1061,0.1054,0.2414,0.1035,0.11325
156,0.1114,0.2024,0.1045,0.11315,0.1146,0.1034,0.11095,0.10505,0.1195
157,0.11175,0.0984,0.1226,0.1148,0.1204,0.11255,0.1132,0.12005,0.11995
158,0.10605,0.1222,0.1235,0.1109,0.10835,0.10285,0.11075,0.11065,0.11445
159,0.1132,0.0783,0.1078,0.1142,0.10695,0.1029,0.10705,0.1075,0.1196
160,0.1154,0.055,0.1157,0.12425,0.1194,0.11625,0.11185,0.11025,0.1083
161,0.11165,0.18325,0.1079,0.1145,0.1207,0.1441,0.1079,0.11645,0.1045
162,0.108,0.05925,0.11035,0.11415,0.11125,0.1006,0.10665,0.1534,0.1004
163,0.113,0.05005,0.1113,0.11075,0.10825,0.1231,0.1181,0.10295,0.1131
164,0.11005,0.10695,0.12745,0.1219,0.1035,0.1073,0.1142,0.10505,0.1057
165,0.1066,0.0923,0.1084,0.11035,0.11225,0.09005,0.1086,0.10775,0.11245
166,0.1117,0.087,0.112,0.1222,0.12135,0.1121,0.1085,0.11135,0.1187
167,0.1151,0.07435,0.10605,0.11705,0.1134,0.1019,0.10515,0.13955,0.1018
168,0.1147,0.1386,0.114,0.10985,0.1164,0.09725,0.1155,0.14585,0.1238
169,0.1101,0.19625,0.1148,0.1134,0.10445,0.10915,0.11165,0.09975,0.11295
170,0.11295,0.0929,0.1165,0.1046,0.1125,0.10465,0.10635,0.1174,0.10545
171,0.1137,0.11525,0.11455,0.11125,0.1031,0.29455,0.10895,0.1008,0.1133
172,0.11485,0.14445,0.1094,0.1166,0.1091,0.10115,0.11055,0.108,0.11585
173,0.11385,0.34485,0.1294,0.11285,0.1075,0.1058,0.1276,0.1198,0.1092
174,0.1139,0.1049,0.1138,0.1083,0.10685,0.1081,0.11295,0.1099,0.11265
175,0.1106,0.19775,0.1112,0.1201,0.12025,0.1122,0.11485,0.10125,0.11065
176,0.11295,0.0973,0.114,0.11275,0.10435,0.0911,0.109,0.1071,0.10535
177,0.11415,0.12165,0.13225,0.1109,0.1015,0.1157,0.1145,0.1037,0.11245
178,0.11245,0.1101,0.12455,0.11655,0.12125,0.12005,0.12035,0.11115,0.12035
179,0.11385,0.11025,0.1138,0.1146,0.1188,0.1124,0.1043,0.10925,0.118
180,0.11275,0.1555,0.1033,0.11425,0.10925,0.1042,0.1056,0.1071,0.11325
181,0.11375,0.09215,0.1154,0.12625,0.1117,0.1242,0.10455,0.1221,0.1078
182,0.1132,0.1612,0.11565,0.11305,0.10705,0.10155,0.1144,0.11735,0.11505
183,0.11165,0.1515,0.1348,0.11205,0.1047,0.1282,0.1046,0.1007,0.10835
184,0.1112,0.10075,0.10975,0.10875,0.11165,0.106,0.11055,0.10385,0.11895
185,0.11105,0.0991,0.1259,0.1134,0.12395,0.11665,0.1024,0.1227,0.1063
186,0.11155,0.0835,0.1126,0.1219,0.11895,0.0988,0.10725,0.1068,0.09885
187,0.1129,0.15105,0.1156,0.1117,0.1136,0.09405,0.1132,0.10245,0.1118
188,0.1095,0.10975,0.1171,0.1109,0.1143,0.1069,0.11855,0.1032,0.11005
189,0.1108,0.07685,0.1107,0.1091,0.11265,0.11725,0.10605,0.1062,0.11185
190,0.11255,0.1641,0.1205,0.11365,0.1104,0.13005,0.10495,0.10495,0.11355
191,0.1114,0.1366,0.1126,0.11185,0.0966,0.11815,0.1196,0.11585,0.1046
192,0.11195,0.1673,0.12775,0.1116,0.1179,0.1126,0.11055,0.1184,0.11055
193,0.1093,0.0774,0.1048,0.11435,0.10475,0.1079,0.1024,0.10505,0.10875
194,0.112,0.1112,0.1193,0.1084,0.10435,0.12265,0.11615,0.12065,0.1143
195,0.11535,0.10235,0.10635,0.116,0.11065,0.11175,0.10835,0.1065,0.1083
196,0.1132,0.0835,0.12285,0.11115,0.1128,0.10545,0.10965,0.10285,0.107
197,0.11255,0.10545,0.1065,0.1156,0.1109,0.1099,0.1096,0.1113,0.10585
198,0.11125,0.12565,0.1098,0.11645,0.10775,0.10175,0.1056,0.10215,0.10895
199,0.1108,0.04845,0.1282,0.1136,0.11175,0.11505,0.114,0.10985,0.10195
200,0.1122,0.1051,0.15725,0.11415,0.13175,0.09665,0.108,0.10945,0.10925
201,0.1096,0.0967,0.11565,0.10815,0.1286,0.1286,0.1108,0.1158,0.1196
202,0.113,0.25305,0.12865,0.10535,0.11765,0.1095,0.1105,0.11155,0.11395
203,0.1115,0.1077,0.12535,0.11915,0.10395,0.108,0.108,0.12215,0.1098
204,0.1111,0.093,0.11005,0.11505,0.10255,0.1024,0.1057,0.12795,0.11435
205,0.11285,0.1031,0.12465,0.12165,0.11635,0.10855,0.1142,0.1118,0.1097
206,0.11095,0.0831,0.12115,0.1126,0.11205,0.12235,0.10345,0.11295,0.1087
207,0.1093,0.06075,0.10585,0.11705,0.10965,0.1114,0.11415,0.10785,0.1159
208,0.1132,0.1047,0.11275,0.11,0.1001,0.1102,0.10735,0.10945,0.105
209,0.1096,0.1164,0.12275,0.11575,0.115,0.1058,0.116,0.1235,0.09835
210,0.1118,0.0658,0.10545,0.1257,0.12135,0.1189,0.1157,0.10775,0.1134
211,0.1125,0.0937,0.11645,0.12005,0.12525,0.1036,0.1109,0.10635,0.0994
212,0.1119,0.078,0.13055,0.1119,0.1117,0.09915,0.1087,0.1039,0.11085
213,0.1129,0.0902,0.1227,0.122,0.11295,0.1028,0.11325,0.11645,0.1226
214,0.1082,0.10295,0.105,0.107,0.1101,0.0942,0.11955,0.10815,0.1113
215,0.10965,0.12875,0.0954,0.11315,0.1158,0.1052,0.11395,0.11945,0.1204
216,0.11155,0.08145,0.1113,0.11055,0.15115,0.099,0.1207,0.1085,0.1041
217,0.11115,0.078,0.121,0.11155,0.12285,0.12655,0.1246,0.12235,0.10645
218,0.10825,0.09375,0.12835,0.1048,0.10455,0.114,0.1146,0.11305,0.10575
219,0.11025,0.1202,0.1167,0.1096,0.104,0.10425,0.1013,0.0938,0.1131
220,0.1088,0.21875,0.113,0.12165,0.11075,0.10585,0.11265,0.12185,0.10865
221,0.11175,0.0943,0.1051,0.1284,0.12295,0.1142,0.10795,0.10965,0.111
222,0.11475,0.07685,0.10765,0.123,0.124,0.1215,0.117,0.10185,0.11625
223,0.11365,0.07325,0.1133,0.11755,0.111,0.10485,0.1126,0.11585,0.10525
224,0.1135,0.04315,0.11235,0.1264,0.1149,0.10235,0.11175,0.104,0.10955
225,0.113,0.1368,0.10915,0.1243,0.13205,0.0997,0.1153,0.13495,0.11175
226,0.11335,0.10355,0.1137,0.11675,0.11835,0.10865,0.11755,0.10335,0.1064
227,0.1082,0.2434,0.11055,0.11525,0.1131,0.1326,0.10815,0.1146,0.1113
228,0.1136,0.154,0.1092,0.10725,0.1133,0.09715,0.1115,0.09795,0.11205
229,0.1117,0.06405,0.09845,0.10335,0.11315,0.1086,0.1121,0.1094,0.11375
230,0.1122,0.0627,0.10375,0.1091,0.1088,0.11685,0.1096,0.11635,0.1156
231,0.1153,0.1425,0.1204,0.1335,0.10485,0.10995,0.10915,0.10655,0.11015
232,0.1108,0.1045,0.12295,0.1176,0.11205,0.1058,0.11055,0.1144,0.1178
233,0.10545,0.19165,0.1282,0.11735,0.1075,0.1087,0.1202,0.1026,0.1114
234,0.11675,0.0998,0.11415,0.1072,0.1118,0.10905,0.10195,0.13015,0.118
235,0.11195,0.08895,0.1378,0.1393,0.1126,0.1223,0.10445,0.10315,0.1217
236,0.1137,0.09625,0.11015,0.11945,0.1088,0.11065,0.11115,0.1008,0.1124
237,0.11595,0.1069,0.12,0.125,0.1258,0.12305,0.10205,0.11855,0.1098
238,0.1116,0.07935,0.1,0.105,0.12085,0.10955,0.10455,0.0981,0.11415
239,0.1099,0.0959,0.11185,0.11685,0.1248,0.10665,0.101,0.10805,0.10885
240,0.1133,0.0964,0.1066,0.11485,0.10625,0.1163,0.122,0.1117,0.1099
241,0.1165,0.1086,0.12265,0.1043,0.11475,0.1009,0.1067,0.11705,0.10775
242,0.11315,0.15275,0.1091,0.1073,0.1092,0.1081,0.11345,0.1014,0.11095
243,0.11295,0.15205,0.10135,0.09065,0.1121,0.1117,0.10935,0.1202,0.10215
244,0.11455,0.06835,0.1453,0.127,0.11055,0.1138,0.12085,0.12195,0.1136
245,0.10985,0.0789,0.11545,0.11065,0.1271,0.11765,0.11495,0.1019,0.10935
246,0.11055,0.13105,0.10115,0.11265,0.09875,0.114,0.12225,0.10945,0.108
247,0.1127,0.089,0.09845,0.11105,0.1905,0.14735,0.0981,0.1134,0.11125
248,0.11245,0.0981,0.1058,0.10715,0.1307,0.1045,0.1282,0.11055,0.1155
249,0.1118,0.09925,0.1056,0.1098,0.1,0.1056,0.1094,0.12925,0.11525
250,0.10745,0.16015,0.11385,0.1152,0.1028,0.1161,0.1038,0.10615,0.09995
251,0.1128,0.10935,0.11335,0.10855,0.1129,0.1116,0.11135,0.11145,0.1123
252,0.11235,0.07205,0.11915,0.1121,0.1109,0.1231,0.11445,0.1101,0.10675
253,0.11015,0.06025,0.11125,0.10505,0.1084,0.1117,0.1152,0.10785,0.1085
254,0.1119,0.11105,0.10695,0.12005,0.11375,0.10965,0.1192,0.11605,0.10605
255,0.1085,0.0711,0.134,0.11305,0.11435,0.1071,0.11775,0.10795,0.11275
256,0.11295,0.08025,0.10285,0.105,0.1093,0.10905,0.1087,0.1033,0.1096
257,0.1131,0.07125,0.1931,0.1226,0.11965,0.10295,0.1131,0.112,0.11955
258,0.1085,0.11385,0.13025,0.10645,0.1128,0.12075,0.10885,0.11115,0.10365
259,0.11085,0.11995,0.11205,0.10975,0.1214,0.1184,0.1203,0.1029,0.1095
260,0.11205,0.0991,0.1134,0.1138,0.1248,0.1072,0.11135,0.10815,0.11355
261,0.1156,0.0626,0.10715,0.1097,0.11595,0.1217,0.10235,0.1187,0.11565
262,0.1109,0.1889,0.1156,0.1172,0.10235,0.1133,0.10995,0.11195,0.1137
263,0.113,0.1251,0.1123,0.1298,0.10755,0.0994,0.10865,0.10665,0.11635
264,0.1104,0.1097,0.1182,0.11705,0.11455,0.1071,0.11045,0.10335,0.11535
265,0.11615,0.1567,0.13265,0.1233,0.1185,0.10345,0.14985,0.1047,0.11405
266,0.11045,0.0817,0.11425,0.10965,0.11065,0.1251,0.1114,0.12715,0.1009
267,0.11055,0.14615,0.12405,0.11385,0.11325,0.1058,0.1126,0.10395,0.12255
268,0.1165,0.09535,0.0934,0.11735,0.1158,0.10345,0.11425,0.1096,0.11845
269,0.11185,0.11505,0.1103,0.12055,0.1299,0.1001,0.10635,0.11925,0.1113
270,0.11375,0.11925,0.1162,0.1068,0.11865,0.10955,0.108,0.1068,0.1124
271,0.1137,0.0872,0.10975,0.1181,0.1232,0.10895,0.1073,0.10555,0.1195
272,0.10935,0.1065,0.11995,0.11435,0.1236,0.1079,0.1093,0.1076,0.1146
273,0.11075,0.0661,0.11655,0.11245,0.11045,0.1524,0.13295,0.10745,0.11515
274,0.1128,0.1244,0.1027,0.1241,0.1133,0.1141,0.10875,0.11815,0.1107
275,0.1149,0.06675,0.1104,0.1219,0.13055,0.10145,0.11935,0.1037,0.1118
276,0.11205,0.08965,0.1139,0.11135,0.11755,0.11895,0.11305,0.1245,0.10455
277,0.11465,0.1243,0.11085,0.11245,0.12255,0.1017,0.1223,0.1106,0.116
278,0.11095,0.05425,0.1165,0.1067,0.11395,0.10495,0.1093,0.1073,0.11165
279,0.10635,0.0819,0.1067,0.11425,0.13765,0.1002,0.10935,0.10775,0.11225
280,0.1141,0.17835,0.11595,0.1194,0.11005,0.09615,0.10985,0.11475,0.1098
281,0.11285,0.0853,0.1221,0.1176,0.10675,0.107,0.1093,0.1108,0.1156
282,0.1137,0.11895,0.10045,0.12655,0.11115,0.1037,0.1138,0.1032,0.10785
283,0.1118,0.2102,0.11425,0.1141,0.10865,0.11425,0.112,0.10865,0.11035
284,0.1093,0.14195,0.116,0.1134,0.11205,0.1072,0.1111,0.11035,0.10065
285,0.1111,0.0994,0.10665,0.12195,0.127,0.1304,0.10065,0.11335,0.1089
286,0.1125,0.10225,0.1289,0.1263,0.1179,0.12165,0.10415,0.11805,0.11035
287,0.11315,0.08865,0.1016,0.10805,0.12425,0.10095,0.11645,0.14415,0.11205
288,0.1161,0.08215,0.1048,0.1203,0.1135,0.11235,0.1153,0.1127,0.10505
289,0.1119,0.14745,0.1186,0.1086,0.1071,0.10045,0.1157,0.10745,0.109
290,0.114,0.06935,0.11035,0.1098,0.11225,0.10375,0.1111,0.1106,0.11015
291,0.111,0.0969,0.11995,0.11775,0.1124,0.1059,0.1075,0.10215,0.11395
292,0.1084,0.0929,0.10925,0.1149,0.1291,0.10815,0.11835,0.11505,0.109
293,0.11305,0.18095,0.11025,0.1131,0.12075,0.10435,0.11505,0.10595,0.1072
294,0.11555,0.1351,0.10715,0.11805,0.10555,0.1034,0.12285,0.11155,0.1233
295,0.1106,0.1088,0.0993,0.10675,0.1185,0.1082,0.114,0.11165,0.1132
296,0.11105,0.09015,0.1022,0.11665,0.1162,0.10805,0.1237,0.1106,0.1252
297,0.10995,0.09205,0.10495,0.1158,0.11335,0.11775,0.12285,0.1148,0.1113
298,0.111,0.0629,0.11245,0.11115,0.10785,0.1189,0.1215,0.1076,0.1202
299,0.1125,0.10445,0.12335,0.112,0.1069,0.11255,0.1136,0.11395,0.11335
300,0.1162,0.095,0.1013,0.1055,0.1058,0.1221,0.1113,0.12335,0.11055
301,0.10685,0.12215,0.1065,0.1231,0.1138,0.1059,0.12705,0.09915,0.09965
302,0.1127,0.11065,0.12455,0.10465,0.12835,0.1239,0.0984,0.11305,0.1011
303,0.11315,0.0997,0.11805,0.12075,0.11695,0.10885,0.1158,0.11395,0.0988
304,0.1144,0.19655,0.11375,0.11835,0.11315,0.1092,0.12395,0.10955,0.1094
305,0.1118,0.0599,0.12265,0.1125,0.1096,0.113,0.1188,0.10695,0.1099
306,0.1143,0.12255,0.11385,0.1152,0.11245,0.1153,0.1139,0.1135,0.114
307,0.1126,0.1366,0.11595,0.1123,0.1129,0.10795,0.1112,0.09915,0.10505
308,0.112,0.08925,0.1131,0.1163,0.106,0.1067,0.10835,0.11935,0.1067
309,0.11315,0.11035,0.12145,0.10585,0.1029,0.1152,0.11175,0.11785,0.1088
310,0.11405,0.15415,0.09815,0.11025,0.10745,0.1094,0.10675,0.10775,0.1109
311,0.11415,0.1275,0.1128,0.11175,0.11605,0.1062,0.1126,0.10755,0.12035
312,0.112,0.0674,0.1044,0.11855,0.11395,0.1098,0.112,0.12055,0.10265
313,0.1121,0.151,0.09635,0.11255,0.11505,0.1224,0.1074,0.09315,0.1136
314,0.1137,0.0675,0.1338,0.1161,0.1362,0.12945,0.1265,0.13235,0.10695
315,0.11345,0.0857,0.1212,0.1238,0.10335,0.1122,0.12245,0.1071,0.10935
316,0.1104,0.09795,0.10475,0.1107,0.11965,0.11635,0.11315,0.11065,0.11215
317,0.1118,0.1269,0.118,0.1182,0.1083,0.105,0.11095,0.1081,0.1131
318,0.11375,0.07385,0.0963,0.1101,0.10955,0.1178,0.106,0.10525,0.1198
319,0.11075,0.1012,0.10665,0.1132,0.12405,0.0953,0.1175,0.11925,0.1115
320,0.115,0.04005,0.11355,0.12735,0.10225,0.1041,0.1049,0.1178,0.1095
321,0.11345,0.72955,0.108,0.1199,0.1141,0.1027,0.1061,0.11935,0.1152
322,0.10895,0.0645,0.1074,0.1278,0.11025,0.11855,0.1168,0.08955,0.11575
323,0.11035,0.156,0.1302,0.114,0.11395,0.1094,0.1042,0.10645,0.11405
324,0.11045,0.12685,0.1109,0.10595,0.12475,0.10835,0.1084,0.15175,0.10795
325,0.111,0.12565,0.11935,0.10235,0.11445,0.1014,0.1115,0.11745,0.1085
326,0.11335,0.0801,0.12135,0.11605,0.1124,0.10505,0.10645,0.10045,0.1126
327,0.1072,0.14585,0.1344,0.1221,0.1078,0.10965,0.10345,0.10535,0.1066
328,0.11055,0.0978,0.12275,0.11375,0.10615,0.10135,0.1081,0.10765,0.12755
329,0.1137,0.1315,0.10235,0.1114,0.1122,0.1053,0.1124,0.1051,0.10835
330,0.111,0.0819,0.11125,0.11245,0.11205,0.1095,0.1068,0.11855,0.1163
331,0.11645,0.12495,0.1121,0.11115,0.11845,0.12165,0.1149,0.10835,0.10985
332,0.1154,0.10895,0.1076,0.10915,0.12265,0.10895,0.10795,0.1098,0.11425
333,0.11085,0.14055,0.10625,0.1236,0.1045,0.102,0.12065,0.10745,0.1115
334,0.11365,0.11785,0.11935,0.12095,0.11315,0.1018,0.1095,0.11715,0.106
335,0.11725,0.0876,0.12855,0.1083,0.10525,0.1062,0.10965,0.1169,0.1008
336,0.11105,0.09935,0.10635,0.1084,0.1221,0.11115,0.1157,0.1041,0.11325
337,0.1109,0.146,0.1077,0.11855,0.11515,0.10995,0.1177,0.11625,0.12055
338,0.11145,0.1317,0.1081,0.1104,0.11995,0.1356,0.1064,0.1053,0.1191
339,0.11205,0.1413,0.11185,0.12145,0.12485,0.11905,0.1121,0.10305,0.1189
340,0.1135,0.18845,0.13165,0.11325,0.12015,0.1012,0.10485,0.11195,0.1113
341,0.1123,0.09585,0.1106,0.1184,0.1135,0.09925,0.1042,0.11195,0.10735
342,0.1135,0.1409,0.11135,0.11585,0.122,0.1066,0.1079,0.10805,0.11935
343,0.1121,0.12065,0.11145,0.1205,0.10945,0.0954,0.1034,0.10815,0.1168
344,0.1122,0.15065,0.1112,0.11455,0.12325,0.11685,0.1037,0.11585,0.1087
345,0.1132,0.11045,0.11815,0.10865,0.1139,0.10675,0.1347,0.1147,0.12
346,0.10915,0.10425,0.1345,0.11385,0.1163,0.10925,0.1139,0.13255,0.11955
347,0.1092,0.0517,0.1146,0.12575,0.12295,0.1189,0.10785,0.1055,0.10715
348,0.11405,0.0839,0.13645,0.11405,0.1083,0.10405,0.10545,0.11135,0.10495
349,0.1149,0.09155,0.1099,0.1156,0.10645,0.10725,0.11855,0.10875,0.1227
350,0.1106,0.09315,0.12585,0.10495,0.1177,0.1103,0.1188,0.12255,0.1115
351,0.1093,0.14685,0.10805,0.10315,0.117,0.1225,0.11795,0.10935,0.11465
352,0.1144,0.1145,0.11565,0.11375,0.10545,0.11315,0.1126,0.10625,0.1061
353,0.11275,0.12245,0.1051,0.11395,0.11815,0.107,0.1077,0.10605,0.11015
354,0.11095,0.11375,0.099,0.10975,0.10525,0.11705,0.108,0.11045,0.11515
355,0.1108,0.0982,0.1311,0.114,0.10465,0.1089,0.10395,0.1658,0.1126
356,0.1092,0.1289,0.0998,0.1196,0.1413,0.1005,0.11145,0.11425,0.1093
357,0.112,0.0911,0.11205,0.12075,0.10945,0.10885,0.10665,0.12475,0.11065
358,0.11195,0.1118,0.1079,0.11025,0.10615,0.1081,0.12035,0.1135,0.11155
359,0.114,0.1868,0.13205,0.1039,0.12655,0.1186,0.11595,0.1201,0.11505
360,0.11505,0.1127,0.11135,0.1184,0.11525,0.1092,0.11555,0.1153,0.1113
361,0.11025,0.21325,0.09855,0.11575,0.14185,0.1197,0.11865,0.11625,0.1097
362,0.1111,0.10745,0.11175,0.10955,0.11995,0.0993,0.1147,0.12465,0.11365
363,0.1128,0.0969,0.10905,0.1204,0.11655,0.1356,0.111,0.1159,0.11845
364,0.11105,0.13675,0.10605,0.1249,0.11415,0.1126,0.1157,0.11245,0.11685
365,0.1111,0.1182,0.12685,0.1112,0.1114,0.14415,0.11485,0.11245,0.1098
366,0.1103,0.14665,0.09895,0.11885,0.10575,0.1104,0.1092,0.1096,0.11805
367,0.1133,0.10415,0.10945,0.1077,0.1162,0.1332,0.1083,0.15935,0.1157
368,0.1141,0.162,0.1273,0.10855,0.1025,0.1249,0.10775,0.10435,0.11835
369,0.1103,0.126,0.11565,0.11615,0.12305,0.09965,0.1182,0.09695,0.11185
370,0.1136,0.18435,0.1115,0.12205,0.11155,0.11965,0.12065,0.12965,0.1071
371,0.10875,0.0933,0.10895,0.12025,0.1112,0.1119,0.1211,0.11985,0.1055
372,0.1129,0.116,0.1326,0.10955,0.1099,0.11305,0.11065,0.1117,0.1116
373,0.1148,0.0858,0.1062,0.11915,0.11785,0.1325,0.11355,0.11,0.1143
374,0.11485,0.10725,0.1084,0.10915,0.11315,0.1393,0.1055,0.11745,0.12225
375,0.10795,0.0895,0.12295,0.11495,0.10895,0.1128,0.11565,0.10755,0.10835
376,0.1127,0.0773,0.1311,0.1116,0.11955,0.11305,0.10815,0.1083,0.10915
377,0.112,0.1196,0.11375,0.11345,0.11135,0.10855,0.1153,0.10735,0.11905
378,0.1127,0.08775,0.10885,0.1084,0.10155,0.10575,0.1263,0.13335,0.1123
379,0.1118,0.07765,0.12505,0.1023,0.1039,0.162,0.10695,0.1165,0.11535
380,0.11115,0.1057,0.11105,0.1087,0.11365,0.1103,0.1121,0.1105,0.1144
381,0.1109,0.067,0.1157,0.1127,0.12765,0.10325,0.11655,0.11645,0.1136
382,0.11655,0.0789,0.1452,0.1153,0.11945,0.09965,0.127,0.10255,0.1062
383,0.1122,0.06865,0.14735,0.1134,0.10965,0.12195,0.1023,0.12055,0.11245
384,0.1138,0.1284,0.10655,0.11245,0.1263,0.1053,0.11285,0.1091,0.107
385,0.11265,0.1644,0.1318,0.11555,0.11595,0.10255,0.11515,0.0984,0.1077
386,0.1115,0.081,0.1157,0.11895,0.11275,0.12185,0.10625,0.1083,0.11635
387,0.109,0.07855,0.1161,0.10755,0.112,0.1052,0.10285,0.1202,0.1037
388,0.1134,0.08625,0.12245,0.1152,0.12225,0.1133,0.10775,0.09875,0.10675
389,0.11045,0.12355,0.1109,0.1135,0.11945,0.10625,0.1082,0.10805,0.11135
390,0.11185,0.0863,0.1106,0.10815,0.1108,0.10175,0.1147,0.11285,0.115
391,0.11085,0.05745,0.11505,0.1143,0.112,0.10815,0.11085,0.11195,0.11
392,0.1121,0.16225,0.10635,0.11575,0.1112,0.11925,0.1077,0.1179,0.10795
393,0.11075,0.0735,0.1123,0.1061,0.104,0.11115,0.1139,0.12435,0.11205
394,0.1126,0.07785,0.1128,0.12,0.10755,0.10675,0.1047,0.10705,0.1114
395,0.114,0.0909,0.10275,0.1157,0.107,0.1154,0.10865,0.10575,0.10315
396,0.11075,0.08955,0.1105,0.11665,0.10625,0.09845,0.1058,0.1173,0.111
397,0.11155,0.1332,0.26725,0.12225,0.1102,0.12985,0.10715,0.108,0.10895
398,0.11395,0.08675,0.1169,0.1156,0.11255,0.10375,0.10755,0.1062,0.11485
399,0.113,0.0618,0.1102,0.1082,0.12325,0.0985,0.1106,0.1115,0.109
400,0.1167,0.185,0.13515,0.1123,0.1266,0.10825,0.11025,0.10705,0.1093
401,0.11225,0.1809,0.10515,0.11975,0.1068,0.12245,0.114,0.12395,0.11755
402,0.11255,0.1875,0.1119,0.12205,0.1287,0.1083,0.1147,0.1161,0.11595
403,0.11085,0.10955,0.1078,0.1055,0.11645,0.1115,0.10915,0.1036,0.11085
404,0.11365,0.1728,0.12075,0.1136,0.11975,0.1583,0.1042,0.12325,0.10905
405,0.1157,0.07555,0.184,0.11615,0.1114,0.1213,0.1122,0.1162,0.1169
406,0.11325,0.1921,0.10755,0.11125,0.11715,0.10955,0.183,0.1195,0.1185
407,0.1146,0.0906,0.1175,0.11165,0.12115,0.11045,0.1117,0.11235,0.1129
408,0.1118,0.1607,0.12455,0.11415,0.1199,0.1077,0.1131,0.11975,0.11975
409,0.11235,0.0843,0.1049,0.12465,0.1121,0.0994,0.11485,0.109,0.12005
410,0.11335,0.1014,0.1206,0.1428,0.11835,0.10925,0.11885,0.11115,0.10795
411,0.11155,0.1105,0.10825,0.11055,0.1204,0.11145,0.10585,0.10205,0.1091
412,0.115,0.1012,0.10615,0.1258,0.1516,0.1255,0.1181,0.1028,0.1148
413,0.10805,0.1263,0.10795,0.11495,0.10935,0.1047,0.12405,0.11105,0.1126
414,0.1131,0.10805,0.10175,0.10415,0.1185,0.1188,0.1039,0.11015,0.11505
415,0.11545,0.10345,0.1006,0.11735,0.1036,0.09705,0.1133,0.11645,0.10945
416,0.10895,0.07725,0.11645,0.1239,0.1119,0.1072,0.11415,0.1066,0.1074
417,0.10835,0.22625,0.09815,0.11635,0.12075,0.09865,0.12635,0.1038,0.12165
418,0.11105,0.091,0.09585,0.12755,0.1091,0.11,0.1152,0.10575,0.1104
419,0.1103,0.1601,0.11355,0.1146,0.10865,0.12975,0.12035,0.1071,0.117
420,0.1135,0.07745,0.1162,0.1261,0.1234,0.10765,0.1237,0.11465,0.12175
421,0.11025,0.10405,0.1039,0.11195,0.1235,0.1128,0.11245,0.1129,0.1072
422,0.11525,0.0836,0.10295,0.1098,0.11145,0.11535,0.1075,0.0992,0.10865
423,0.11015,0.116,0.1163,0.11355,0.1035,0.10715,0.10835,0.10835,0.11585
424,0.10965,0.0912,0.11125,0.11215,0.1111,0.10405,0.12145,0.0962,0.1023
425,0.1153,0.0934,0.1177,0.10845,0.1227,0.1162,0.1172,0.10615,0.1101
426,0.11145,0.15235,0.114,0.1282,0.1155,0.113,0.1203,0.12135,0.1142
427,0.10955,0.1048,0.10705,0.11315,0.12045,0.09915,0.1273,0.1061,0.1174
428,0.111,0.28375,0.10675,0.1136,0.11315,0.10665,0.1107,0.11295,0.11575
429,0.11345,0.16135,0.11265,0.1112,0.10415,0.1147,0.1211,0.1046,0.1129
430,0.11165,0.074,0.1105,0.11625,0.115,0.1133,0.1102,0.10885,0.1229
431,0.11265,0.0666,0.1108,0.132,0.12425,0.1043,0.1098,0.114,0.10305
432,0.1119,0.15005,0.10915,0.1092,0.10465,0.11325,0.14645,0.10805,0.11465
433,0.11085,0.1345,0.09765,0.12285,0.11295,0.1164,0.1214,0.1049,0.1152
434,0.11155,0.14485,0.12235,0.11085,0.1079,0.10815,0.10715,0.1048,0.10685
435,0.1132,0.11805,0.12025,0.11125,0.1087,0.1104,0.11015,0.15455,0.11665
436,0.1146,0.0894,0.1128,0.1165,0.10115,0.1018,0.11145,0.12845,0.1158
437,0.1128,0.1739,0.11265,0.10325,0.118,0.1026,0.1062,0.11375,0.10465
438,0.11085,0.08685,0.1106,0.116,0.1115,0.113,0.10415,0.10485,0.1072
439,0.1095,0.06625,0.11885,0.10525,0.10405,0.1104,0.10685,0.10405,0.1204
440,0.10955,0.0946,0.1181,0.12515,0.1228,0.11315,0.1128,0.11865,0.1037
441,0.11245,0.09495,0.09915,0.10915,0.1203,0.11445,0.1129,0.1339,0.1048
442,0.11085,0.1071,0.1067,0.1064,0.10675,0.11105,0.11435,0.1148,0.1018
443,0.1141,0.09695,0.10185,0.11495,0.11745,0.11035,0.11215,0.15075,0.10895
444,0.10915,0.0953,0.12405,0.1143,0.10395,0.10115,0.1108,0.1056,0.119
445,0.1096,0.1075,0.1029,0.1084,0.10625,0.1064,0.1056,0.12005,0.1148
446,0.1114,0.1176,0.1066,0.1072,0.11305,0.1153,0.10675,0.14355,0.1094
447,0.11515,0.07985,0.11085,0.1081,0.12145,0.10875,0.1045,0.10655,0.1264
448,0.11155,0.12805,0.10085,0.11735,0.1145,0.15695,0.10955,0.1615,0.11115
449,0.1121,0.1026,0.0988,0.1161,0.106,0.10305,0.1156,0.1394,0.1084
450,0.1153,0.08585,0.1009,0.107,0.1188,0.11395,0.12835,0.10755,0.11905
451,0.1116,0.1142,0.10665,0.11115,0.10235,0.1055,0.1093,0.10315,0.10895
452,0.11605,0.20595,0.12185,0.1135,0.11545,0.1083,0.11545,0.1169,0.1177
453,0.10965,0.0897,0.1171,0.11445,0.1041,0.10565,0.1123,0.1122,0.11235
454,0.1123,0.0987,0.1138,0.11595,0.1156,0.11165,0.11555,0.101,0.11425
455,0.1128,0.11795,0.11825,0.13075,0.113,0.11225,0.1116,0.0953,0.1097
456,0.1148,0.064,0.11005,0.10715,0.1349,0.10605,0.1056,0.11075,0.1144
457,0.11245,0.15545,0.11065,0.10025,0.13105,0.1138,0.09875,0.1091,0.11205
458,0.11435,0.08865,0.10815,0.1207,0.099,0.0944,0.1055,0.1064,0.11705
459,0.1092,0.16845,0.125,0.1124,0.1167,0.10465,0.10735,0.1109,0.1095
460,0.11075,0.1184,0.11925,0.1063,0.1062,0.1123,0.1107,0.0988,0.1138
461,0.11195,0.10385,0.1024,0.1125,0.1137,0.10835,0.10185,0.10965,0.1064
462,0.112,0.11605,0.11115,0.1196,0.111,0.1063,0.10745,0.104,0.11955
463,0.1133,0.1002,0.10115,0.107,0.1167,0.11225,0.11835,0.10125,0.1153
464,0.1151,0.1147,0.1317,0.12085,0.1261,0.1075,0.11695,0.118,0.11485
465,0.1113,0.10065,0.11805,0.1092,0.11805,0.11495,0.11105,0.10455,0.1046
466,0.1109,0.057,0.14115,0.11845,0.1087,0.1035,0.1112,0.1171,0.11085
467,0.1137,0.13625,0.1205,0.11345,0.11095,0.10715,0.11295,0.13945,0.1081
468,0.1104,0.0736,0.106,0.1011,0.11715,0.1101,0.1134,0.10735,0.11955
469,0.1104,0.1236,0.12135,0.12305,0.1075,0.15515,0.1115,0.127,0.11075
470,0.11255,0.11075,0.14035,0.1101,0.11265,0.12965,0.1121,0.11285,0.1183
471,0.11515,0.06295,0.1179,0.1148,0.1017,0.10695,0.1057,0.10305,0.1051
472,0.11385,0.1135,0.11215,0.1171,0.11125,0.10995,0.10925,0.11145,0.10925
473,0.10655,0.10395,0.10425,0.1154,0.09565,0.10725,0.1078,0.1257,0.11645
474,0.11475,0.0902,0.11495,0.12375,0.107,0.1066,0.10375,0.11165,0.11905
475,0.1179,0.12435,0.10175,0.11985,0.12115,0.10035,0.1121,0.1106,0.1196
476,0.1133,0.0899,0.1152,0.11945,0.1137,0.10135,0.09985,0.1138,0.09865
477,0.1115,0.0788,0.1225,0.10845,0.10285,0.11575,0.1191,0.11865,0.1039
478,0.1109,0.12415,0.11735,0.1153,0.11525,0.1226,0.12875,0.10975,0.1152
479,0.1131,0.07615,0.1119,0.1233,0.11025,0.1071,0.10875,0.12285,0.11175
480,0.11485,0.12865,0.1186,0.1173,0.11275,0.1033,0.10495,0.1027,0.11775
481,0.11105,0.08265,0.1093,0.10435,0.10715,0.1093,0.117,0.1189,0.11255
482,0.11285,0.0617,0.10335,0.11175,0.1181,0.10005,0.1105,0.10585,0.117
483,0.11045,0.0874,0.1099,0.1158,0.11185,0.12065,0.11365,0.1137,0.1101
484,0.10985,0.1276,0.11375,0.1144,0.1184,0.10695,0.11235,0.1164,0.1126
485,0.1119,0.1713,0.1001,0.11425,0.12515,0.1002,0.11395,0.1146,0.10055
486,0.10865,0.10995,0.1049,0.11515,0.1131,0.09965,0.1094,0.1119,0.1049
487,0.11015,0.0782,0.11275,0.11245,0.1272,0.11415,0.1054,0.101,0.1088
488,0.11045,0.1402,0.1057,0.1127,0.1275,0.10665,0.11765,0.10935,0.1075
489,0.111,0.07295,0.11145,0.11785,0.11095,0.15525,0.11605,0.11865,0.1144
490,0.11155,0.1316,0.10155,0.1142,0.1291,0.09995,0.11035,0.0989,0.11065
491,0.1126,0.06515,0.1074,0.11315,0.12505,0.1082,0.1122,0.15915,0.11675
492,0.11285,0.13035,0.102,0.1101,0.11485,0.1088,0.10215,0.11095,0.11145
493,0.1142,0.14205,0.11385,0.1163,0.12895,0.1187,0.1074,0.11385,0.11585
494,0.11035,0.10535,0.1088,0.1305,0.12155,0.09005,0.1138,0.123,0.1071
495,0.10955,0.2882,0.12935,0.1093,0.11965,0.1276,0.11295,0.09995,0.11595
496,0.11275,0.08165,0.1042,0.11025,0.102,0.10955,0.1114,0.1123,0.11045
497,0.11065,0.07665,0.1376,0.1161,0.119,0.1055,0.11885,0.10145,0.1194
498,0.1134,0.09095,0.1036,0.1151,0.1044,0.1072,0.11675,0.10575,0.11515
499,0.1141,0.0981,0.1192,0.12395,0.1134,0.1003,0.1111,0.1174,0.1086
500,0.1091,0.1323,0.1286,0.11995,0.1096,0.10295,0.13215,0.115,0.1082
501,0.1152,0.0952,0.10895,0.10875,0.1055,0.10685,0.10675,0.11625,0.1057
502,0.11185,0.1431,0.11755,0.1174,0.17985,0.12665,0.1051,0.10305,0.11375
503,0.11105,0.1026,0.10935,0.1115,0.10435,0.0935,0.1154,0.10375,0.1147
504,0.11315,0.17475,0.10505,0.1188,0.1236,0.1126,0.1148,0.09675,0.11425
505,0.1118,0.15345,0.10715,0.10915,0.1046,0.12045,0.10525,0.1021,0.11665
506,0.11175,0.13805,0.0959,0.11815,0.1368,0.11125,0.11095,0.10335,0.1088
507,0.10985,0.1296,0.107,0.11095,0.114,0.11225,0.1023,0.1261,0.11195
508,0.1107,0.2041,0.11105,0.1174,0.1083,0.1195,0.11005,0.1143,0.10895
509,0.11035,0.16535,0.103,0.1075,0.1096,0.1148,0.1061,0.09605,0.11215
510,0.11535,0.04835,0.0982,0.1179,0.1129,0.099,0.11515,0.11455,0.1112
511,0.1138,0.06365,0.11635,0.11795,0.1027,0.11895,0.17895,0.12875,0.1121
512,0.1139,0.1204,0.10545,0.11955,0.1088,0.09635,0.12035,0.10485,0.11145
513,0.1116,0.08895,0.1323,0.1163,0.1132,0.09375,0.11755,0.1069,0.11295
514,0.1138,0.08365,0.10365,0.11165,0.112,0.1218,0.1057,0.11785,0.11115
515,0.11045,0.11235,0.1089,0.1186,0.12085,0.1047,0.1195,0.11055,0.1053
516,0.1083,0.08435,0.10795,0.1102,0.1081,0.1204,0.10325,0.11005,0.1187
517,0.1127,0.16465,0.101,0.1273,0.0994,0.1237,0.11725,0.1055,0.1099
518,0.1091,0.08575,0.1094,0.12765,0.1351,0.1129,0.11195,0.11145,0.1229
519,0.114,0.09065,0.1071,0.1247,0.12005,0.17905,0.1088,0.1055,0.10655
520,0.1109,0.11465,0.11165,0.11435,0.10825,0.1143,0.105,0.10575,0.10985
521,0.1147,0.16435,0.1349,0.10705,0.12055,0.10065,0.11865,0.11275,0.1132
522,0.1083,0.0761,0.12485,0.11355,0.1124,0.1123,0.11485,0.11165,0.1042
523,0.109,0.08055,0.1201,0.11505,0.1213,0.0918,0.11315,0.12075,0.11475
524,0.1119,0.0966,0.1132,0.1178,0.1137,0.11115,0.11055,0.1031,0.1087
525,0.1115,0.13915,0.1102,0.1124,0.11055,0.13185,0.10595,0.1044,0.1093
526,0.11205,0.1417,0.11245,0.10745,0.13185,0.11285,0.10795,0.1071,0.10915
527,0.1083,0.0721,0.12375,0.11025,0.10395,0.105,0.1056,0.1112,0.1034
528,0.11095,0.06755,0.11325,0.1108,0.1248,0.09655,0.10305,0.1181,0.1098
529,0.1117,0.102,0.1232,0.101,0.109,0.1201,0.1151,0.11085,0.11255
530,0.1093,0.1194,0.1153,0.1109,0.1072,0.11355,0.1036,0.11205,0.1124
531,0.1125,0.11965,0.11155,0.1153,0.13135,0.10045,0.11315,0.11425,0.11075
532,0.11335,0.10835,0.1149,0.11705,0.11945,0.1071,0.1092,0.11525,0.1074
533,0.1114,0.093,0.11425,0.10705,0.1105,0.11535,0.11705,0.11315,0.11365
534,0.113,0.1171,0.12875,0.12265,0.1021,0.11275,0.1105,0.1051,0.12385
535,0.111,0.10415,0.10475,0.11225,0.1081,0.1056,0.11535,0.11545,0.12185
536,0.10935,0.0852,0.11465,0.12095,0.10345,0.1155,0.1132,0.11195,0.1058
537,0.1137,0.15745,0.101,0.11435,0.094,0.1099,0.1075,0.11385,0.11805
538,0.1108,0.1004,0.1116,0.1173,0.1208,0.11115,0.11065,0.1224,0.11395
539,0.11285,0.0826,0.11075,0.1086,0.11515,0.11315,0.11775,0.10515,0.1219
540,0.10835,0.09695,0.102,0.1175,0.11055,0.10185,0.1096,0.1121,0.11425
541,0.11015,0.11815,0.1405,0.11755,0.12255,0.11465,0.1165,0.10765,0.12125
542,0.1138,0.25495,0.1059,0.11525,0.12665,0.1074,0.103,0.1241,0.1139
543,0.11,0.13165,0.1156,0.11905,0.10875,0.105,0.10765,0.1118,0.10555
544,0.11075,0.10205,0.10645,0.1182,0.12955,0.11655,0.10615,0.11155,0.1053
545,0.1163,0.06465,0.11495,0.0989,0.11795,0.113,0.1242,0.1219,0.12045
546,0.11105,0.09585,0.1248,0.1218,0.1285,0.1142,0.1029,0.11475,0.11445
547,0.1099,0.0956,0.1149,0.1159,0.11315,0.10265,0.10405,0.1115,0.1153
548,0.1127,0.0621,0.19215,0.1285,0.10035,0.1315,0.1087,0.10075,0.11345
549,0.1152,0.0997,0.10765,0.1055,0.1206,0.11185,0.10075,0.113,0.10825
550,0.11055,0.11795,0.11205,0.1177,0.11395,0.1121,0.11905,0.1039,0.1137
551,0.10745,0.1289,0.11475,0.12155,0.09835,0.11095,0.1075,0.10475,0.1094
552,0.1096,0.083,0.1097,0.10945,0.11925,0.1138,0.1138,0.12925,0.1127
553,0.1124,0.1017,0.1139,0.11705,0.1077,0.1281,0.11175,0.113,0.1178
554,0.10895,0.09285,0.11575,0.11105,0.10445,0.1186,0.10845,0.11585,0.11435
555,0.1126,0.09005,0.11505,0.11125,0.1078,0.11035,0.11075,0.11255,0.10975
556,0.11525,0.13075,0.12815,0.13665,0.1085,0.10835,0.1064,0.1078,0.1115
557,0.11345,0.1358,0.1089,0.11995,0.11495,0.1091,0.10745,0.11925,0.10985
558,0.11305,0.07485,0.12915,0.12035,0.10365,0.11015,0.1136,0.1218,0.1055
559,0.108,0.1168,0.1018,0.11445,0.09645,0.11155,0.1161,0.14695,0.11495
560,0.1126,0.1304,0.10545,0.11595,0.1195,0.1081,0.11185,0.1018,0.10205
561,0.11085,0.1188,0.10905,0.1148,0.1141,0.1296,0.1023,0.11695,0.1069
562,0.1132,0.0839,0.12325,0.11075,0.1089,0.1037,0.10605,0.10925,0.1091
563,0.11,0.0551,0.10615,0.12405,0.10605,0.1099,0.1113,0.1048,0.11825
564,0.1105,0.1093,0.10485,0.1162,0.1089,0.13715,0.1078,0.11225,0.11225
565,0.11285,0.06275,0.1314,0.10775,0.12235,0.1304,0.10205,0.1139,0.1055
566,0.1106,0.12205,0.1051,0.1457,0.1697,0.11435,0.116,0.11375,0.11755
567,0.1104,0.1247,0.11515,0.1121,0.11615,0.119,0.10975,0.10195,0.1151
568,0.1103,0.10145,0.11135,0.1153,0.11545,0.11275,0.11795,0.11,0.1149
569,0.10955,0.0454,0.10995,0.11465,0.11175,0.10835,0.10955,0.11825,0.11145
570,0.11595,0.13485,0.10175,0.12825,0.1189,0.13385,0.10445,0.1372,0.1052
571,0.111,0.0905,0.11815,0.114,0.1215,0.10405,0.104,0.09895,0.11205
572,0.1079,0.12,0.10165,0.1128,0.11015,0.10525,0.11735,0.10605,0.11205
573,0.1112,0.10025,0.12465,0.1633,0.10905,0.11675,0.1087,0.10875,0.1158
574,0.1103,0.14575,0.101,0.1088,0.11135,0.1081,0.122,0.13315,0.1149
575,0.10915,0.2142,0.1002,0.1125,0.1075,0.1202,0.10775,0.12415,0.1214
576,0.11355,0.0785,0.1162,0.11105,0.11345,0.1086,0.1183,0.1078,0.116
577,0.10775,0.0811,0.10475,0.11675,0.11295,0.1131,0.1138,0.1284,0.1078
578,0.11055,0.12715,0.129,0.109,0.1145,0.10855,0.11645,0.11325,0.1068
579,0.1119,0.09215,0.1219,0.11535,0.1058,0.10645,0.1195,0.10355,0.1144
580,0.1156,0.1219,0.1109,0.1174,0.1133,0.1028,0.11235,0.10995,0.11295
581,0.11475,0.13505,0.11175,0.10735,0.10775,0.1279,0.10035,0.1102,0.11025
582,0.1131,0.11435,0.11715,0.10735,0.1082,0.10105,0.1078,0.13855,0.11055
583,0.11025,0.11625,0.09745,0.1069,0.1158,0.0886,0.1017,0.1014,0.1134
584,0.1144,0.09405,0.1225,0.1172,0.11455,0.10845,0.10595,0.10665,0.10715
585,0.11345,0.1386,0.11025,0.1252,0.1115,0.11595,0.11145,0.103,0.1093
586,0.1085,0.11615,0.09785,0.1138,0.1245,0.10295,0.10355,0.1259,0.1113
587,0.1097,0.0842,0.12085,0.1285,0.1114,0.115,0.10955,0.10955,0.11245
588,0.10685,0.06375,0.1206,0.11205,0.1307,0.1173,0.10965,0.11285,0.1067
589,0.11615,0.07665,0.11395,0.129,0.11825,0.113,0.11475,0.09945,0.11255
590,0.1123,0.13255,0.11295,0.1199,0.1178,0.1067,0.1046,0.10915,0.10635
591,0.11105,0.6096,0.1078,0.11235,0.1208,0.11455,0.1129,0.1211,0.1095
592,0.11145,0.14745,0.11725,0.11335,0.1008,0.1129,0.10565,0.11295,0.10665
593,0.1115,0.1024,0.11835,0.10725,0.11015,0.10965,0.1064,0.1105,0.113
594,0.11615,0.06225,0.12335,0.11,0.11725,0.11045,0.1153,0.12135,0.1037
595,0.11285,0.15455,0.1096,0.1171,0.126,0.12545,0.10965,0.1187,0.11485
596,0.1191,0.10085,0.119,0.11775,0.1151,0.11855,0.1074,0.1079,0.121
597,0.11145,0.10625,0.1004,0.116,0.124,0.1053,0.10275,0.12055,0.10285
598,0.1107,0.09255,0.11525,0.1187,0.1106,0.10895,0.10325,0.10785,0.1092
599,0.11185,0.10315,0.1188,0.10655,0.1031,0.1067,0.11635,0.1085,0.10285
600,0.116,0.1184,0.1196,0.1078,0.1119,0.11815,0.1046,0.11945,0.09985
601,0.1108,0.20265,0.099,0.1074,0.12495,0.10915,0.1112,0.11555,0.1093
602,0.11045,0.11815,0.10575,0.11715,0.11155,0.1066,0.11525,0.11415,0.10975
603,0.1126,0.07745,0.1061,0.122,0.1138,0.12675,0.11155,0.1126,0.10505
604,0.1083,0.1418,0.11135,0.1116,0.1305,0.11405,0.115,0.1145,0.11285
605,0.11405,0.1097,0.1059,0.11755,0.10945,0.1254,0.1186,0.11425,0.1158
606,0.109,0.11355,0.1154,0.11555,0.1097,0.10895,0.1104,0.11145,0.1156
607,0.10985,0.0786,0.12995,0.10705,0.1123,0.1125,0.11265,0.1209,0.10995
608,0.11135,0.13595,0.1086,0.1171,0.10345,0.12115,0.10475,0.10735,0.1133
609,0.1102,0.08375,0.10025,0.11155,0.1385,0.10795,0.10875,0.1059,0.1214
610,0.1152,0.1346,0.11045,0.11355,0.1109,0.11595,0.11285,0.10505,0.1143
611,0.1112,0.11615,0.1099,0.10705,0.14195,0.1302,0.11405,0.1212,0.1131
612,0.11085,0.1203,0.1235,0.1105,0.1352,0.11555,0.1064,0.0939,0.114
613,0.10815,0.1228,0.1182,0.12325,0.1041,0.2765,0.11105,0.11395,0.10985
614,0.1131,0.1044,0.1237,0.1009,0.1058,0.1027,0.11405,0.11155,0.1029
615,0.1111,0.1189,0.1093,0.1236,0.1102,0.098,0.10995,0.10885,0.11495
616,0.1108,0.06275,0.1108,0.11295,0.12945,0.1179,0.1001,0.1279,0.0982
617,0.1098,0.08335,0.13245,0.12605,0.1133,0.10485,0.11315,0.11755,0.11115
618,0.112,0.10055,0.1057,0.1167,0.11535,0.1139,0.11515,0.1051,0.1184
619,0.11215,0.09505,0.1143,0.11625,0.10805,0.10505,0.10795,0.1108,0.1189
620,0.11355,0.0831,0.1094,0.11425,0.11795,0.10525,0.1104,0.1022,0.10785
621,0.11285,0.1229,0.10965,0.1247,0.1195,0.1196,0.11135,0.10715,0.1022
622,0.10745,0.08875,0.121,0.1077,0.1058,0.11785,0.11065,0.11345,0.12025
623,0.1132,0.08495,0.143,0.12275,0.11315,0.1232,0.11515,0.10995,0.11615
624,0.10985,0.144,0.1076,0.1209,0.1105,0.1102,0.1167,0.1095,0.1071
625,0.1112,0.1542,0.1032,0.1095,0.12065,0.116,0.1037,0.10985,0.1183
626,0.1129,0.107,0.10595,0.11575,0.12435,0.09685,0.1076,0.11125,0.1055
627,0.1098,0.134,0.1236,0.1028,0.11535,0.1201,0.11,0.10915,0.11375
628,0.1147,0.10695,0.12235,0.10675,0.10755,0.0996,0.10965,0.10995,0.1125
629,0.1135,0.0935,0.12725,0.12125,0.1147,0.10955,0.1049,0.1049,0.11465
630,0.11005,0.08035,0.10355,0.1174,0.1147,0.1097,0.1116,0.098,0.10335
631,0.1152,0.0906,0.1125,0.11165,0.1127,0.11365,0.1141,0.11465,0.10945
632,0.1132,0.1114,0.1236,0.1106,0.1155,0.08885,0.11955,0.1153,0.11405
633,0.1101,0.10785,0.11855,0.10795,0.1138,0.10565,0.10375,0.11515,0.10775
634,0.11175,0.0788,0.1198,0.10585,0.1194,0.09895,0.10885,0.10805,0.1135
635,0.1113,0.1179,0.11935,0.11875,0.0964,0.1021,0.111,0.11755,0.11585
636,0.1157,0.08175,0.10425,0.11645,0.1108,0.12035,0.1047,0.1055,0.11695
637,0.1113,0.0714,0.1208,0.10965,0.1156,0.1192,0.1149,0.10735,0.1117
638,0.11285,0.07795,0.1066,0.1196,0.11775,0.09595,0.11255,0.1217,0.11805
639,0.114,0.13065,0.10455,0.1088,0.11325,0.1127,0.11115,0.11165,0.11785
640,0.1107,0.0986,0.12355,0.1206,0.1213,0.11835,0.10855,0.1071,0.10485
641,0.1121,0.145,0.1008,0.11325,0.10915,0.12015,0.11325,0.11885,0.1093
642,0.11275,0.1589,0.12465,0.1073,0.1271,0.12,0.10645,0.11025,0.11685
643,0.1113,0.10025,0.1042,0.1089,0.10795,0.11105,0.1135,0.10625,0.11645
644,0.1095,0.08135,0.0975,0.1271,0.1077,0.09855,0.1128,0.12245,0.115
645,0.11415,0.0612,0.12365,0.11485,0.1205,0.1199,0.10525,0.12995,0.1187
646,0.113,0.0721,0.12995,0.1153,0.1182,0.09535,0.10755,0.11945,0.12
647,0.11285,0.0866,0.10625,0.11135,0.11455,0.1192,0.1045,0.1179,0.1079
648,0.1103,0.1262,0.1071,0.1162,0.1158,0.10995,0.11005,0.10305,0.1164
649,0.1145,0.14065,0.10385,0.1183,0.1039,0.11545,0.1014,0.11885,0.1125
650,0.11125,0.12025,0.10895,0.11195,0.11435,0.1137,0.1246,0.1035,0.1072
651,0.11415,0.16535,0.10755,0.12505,0.1173,0.0983,0.1115,0.1082,0.1113
652,0.11115,0.10475,0.1247,0.1111,0.109,0.1192,0.103,0.11655,0.1096
653,0.11275,0.11665,0.1165,0.11105,0.1097,0.09995,0.1074,0.10515,0.11045
654,0.10995,0.20205,0.12335,0.1209,0.11015,0.1156,0.09855,0.1068,0.10645
655,0.1139,0.08095,0.1092,0.11275,0.1197,0.103,0.11115,0.113,0.12175
656,0.11375,0.14935,0.10975,0.1308,0.1256,0.1053,0.11635,0.11135,0.1084
657,0.1115,0.0497,0.1061,0.11445,0.108,0.10395,0.1187,0.12805,0.1097
658,0.11195,0.0729,0.1298,0.11565,0.11905,0.12255,0.10875,0.10275,0.11325
659,0.11295,0.09085,0.115,0.12125,0.1079,0.11225,0.1176,0.11655,0.1133
660,0.11795,0.12005,0.1045,0.1258,0.12095,0.1413,0.10415,0.10865,0.1224
661,0.11605,0.11335,0.1266,0.11885,0.1178,0.10925,0.11795,0.11535,0.11655
662,0.11135,0.17905,0.11335,0.1132,0.11535,0.1165,0.1076,0.0984,0.10345
663,0.1113,0.1218,0.1114,0.1132,0.11995,0.1134,0.12425,0.10315,0.10285
664,0.11145,0.1402,0.1039,0.1313,0.11775,0.12735,0.114,0.10275,0.1147
665,0.11115,0.108,0.116,0.1149,0.1118,0.10575,0.1118,0.1134,0.11265
666,0.1129,0.6798,0.09815,0.11325,0.1259,0.1128,0.1125,0.1194,0.11445
667,0.1127,0.11365,0.11355,0.11875,0.1088,0.12005,0.11795,0.1196,0.1069
668,0.11185,0.1298,0.1023,0.12005,0.1202,0.12115,0.1168,0.10265,0.1098
669,0.11465,0.08495,0.1056,0.1097,0.1189,0.1078,0.1087,0.1047,0.11985
670,0.11255,0.11915,0.1109,0.1101,0.11575,0.1106,0.12185,0.11815,0.1051
671,0.11315,0.0619,0.1302,0.1116,0.11405,0.10025,0.1173,0.1096,0.1222
672,0.11645,0.1035,0.13055,0.11965,0.10415,0.0996,0.12035,0.1051,0.10915
673,0.11005,0.0805,0.11925,0.1112,0.11155,0.1013,0.11085,0.12055,0.11075
674,0.1116,0.0725,0.12215,0.1186,0.10535,0.1112,0.11045,0.10515,0.11495
675,0.11465,0.0937,0.11335,0.10745,0.1011,0.10225,0.12445,0.1062,0.1166
676,0.1099,0.1365,0.12275,0.12485,0.1544,0.1152,0.10665,0.1233,0.11465
677,0.11545,0.1547,0.10315,0.1123,0.11365,0.11885,0.1124,0.1109,0.111
678,0.1152,0.1153,0.1705,0.1186,0.11555,0.1204,0.10645,0.1075,0.11325
679,0.11315,0.06145,0.1153,0.1154,0.11505,0.12015,0.11325,0.1211,0.11335
680,0.1087,0.129,0.1114,0.1169,0.1025,0.10795,0.1167,0.10635,0.1114
681,0.10895,0.0959,0.1124,0.10795,0.109,0.1426,0.1205,0.10565,0.1147
682,0.11235,0.0865,0.11055,0.1231,0.1141,0.11095,0.10615,0.11715,0.11685
683,0.11105,0.16315,0.1108,0.1148,0.13275,0.1129,0.12905,0.1081,0.11235
684,0.1106,0.07995,0.10175,0.12105,0.11675,0.12235,0.1103,0.1043,0.10055
685,0.11455,0.1362,0.1254,0.1125,0.1182,0.1011,0.10785,0.12785,0.11445
686,0.11085,0.1133,0.1014,0.1058,0.1135,0.1069,0.1031,0.11105,0.1163
687,0.11475,0.0746,0.1248,0.1123,0.10285,0.1058,0.11555,0.12225,0.1092
688,0.1118,0.099,0.0961,0.11195,0.1239,0.1228,0.11725,0.09565,0.12045
689,0.1108,0.07365,0.1325,0.10375,0.11405,0.10315,0.1223,0.10795,0.11935
690,0.1089,0.09575,0.1951,0.11945,0.10835,0.11635,0.10025,0.10915,0.11185
691,0.1116,0.10935,0.1158,0.1082,0.1163,0.10585,0.11615,0.111,0.1083
692,0.10445,0.13745,0.1172,0.1209,0.10885,0.11595,0.11655,0.1088,0.10895
693,0.11245,0.16555,0.11735,0.12,0.1003,0.10985,0.11045,0.1079,0.12095
694,0.11395,0.0983,0.11015,0.1169,0.1162,0.11075,0.11725,0.10705,0.11655
695,0.11325,0.13265,0.1441,0.1083,0.1067,0.11235,0.11635,0.1573,0.11095
696,0.1151,0.0921,0.10115,0.11645,0.09715,0.1728,0.11005,0.1115,0.1062
697,0.113,0.0822,0.11305,0.1154,0.10715,0.1019,0.1072,0.0995,0.1135
698,0.10975,0.1518,0.13175,0.1355,0.11195,0.11635,0.1119,0.10645,0.11645
699,0.11225,0.09145,0.12025,0.12315,0.11045,0.1042,0.11,0.1044,0.10535
700,0.11315,0.10015,0.09815,0.11375,0.11665,0.10135,0.1188,0.1226,0.1077
701,0.1127,0.08595,0.1062,0.11855,0.10495,0.11475,0.10665,0.10235,0.11215
702,0.1151,0.1416,0.1126,0.1201,0.11805,0.1165,0.1187,0.10355,0.1055
703,0.11105,0.06755,0.1146,0.10985,0.1043,0.1155,0.10405,0.10155,0.11585
704,0.10925,0.08735,0.13065,0.1141,0.1453,0.10585,0.10215,0.1223,0.11535
705,0.1111,0.1125,0.1129,0.11915,0.09845,0.1083,0.108,0.107,0.1146
706,0.11085,0.0797,0.09895,0.113,0.14025,0.1043,0.1171,0.13605,0.11635
707,0.11165,0.1092,0.11775,0.1164,0.1084,0.1071,0.1065,0.1154,0.11885
708,0.1118,0.06055,0.10465,0.10775,0.1125,0.107,0.1164,0.111,0.12525
709,0.11185,0.08575,0.0968,0.1182,0.12135,0.09885,0.11185,0.10065,0.1122
710,0.11035,0.10085,0.12015,0.0997,0.10975,0.10905,0.10825,0.11275,0.1112
711,0.1103,0.1949,0.1022,0.1082,0.11175,0.11685,0.1037,0.11095,0.11085
712,0.11445,0.13835,0.11975,0.1151,0.1319,0.1092,0.12215,0.10645,0.11095
713,0.1126,0.1619,0.1374,0.11475,0.0972,0.1104,0.12615,0.11205,0.11095
714,0.1077,0.10735,0.1146,0.10685,0.119,0.1056,0.1162,0.11945,0.11355
715,0.1125,0.0986,0.1133,0.1466,0.10945,0.09385,0.11875,0.1031,0.113
716,0.11165,0.0802,0.12285,0.1439,0.10515,0.11635,0.1065,0.1155,0.10555
717,0.1117,0.1251,0.114,0.11715,0.11515,0.13085,0.12355,0.1188,0.1124
718,0.1135,0.13025,0.10695,0.10795,0.1138,0.1106,0.1067,0.1067,0.10915
719,0.11015,0.207,0.10505,0.1072,0.14785,0.12295,0.1174,0.116,0.1114
720,0.11435,0.08275,0.10875,0.1056,0.11385,0.1148,0.10915,0.1111,0.10435
721,0.11445,0.12105,0.1051,0.1153,0.11845,0.1088,0.1198,0.11675,0.12075
722,0.1101,0.10905,0.1194,0.1122,0.11645,0.17005,0.10655,0.1122,0.1158
723,0.11005,0.10605,0.11125,0.1144,0.1003,0.1071,0.10815,0.1142,0.11395
724,0.11035,0.15855,0.10165,0.114,0.1347,0.1172,0.1108,0.1224,0.11175
725,0.10585,0.1034,0.108,0.121,0.1125,0.1264,0.1164,0.1162,0.10675
726,0.11375,0.11255,0.1673,0.1095,0.12245,0.1089,0.1179,0.0986,0.1098
727,0.11055,0.0561,0.11015,0.14555,0.10455,0.1218,0.10495,0.11295,0.1103
728,0.1146,0.1075,0.1087,0.11275,0.11635,0.1212,0.11205,0.10025,0.1032
729,0.1146,0.09405,0.12695,0.11025,0.11375,0.1121,0.10365,0.1055,0.1244
730,0.11555,0.19115,0.11435,0.1171,0.1076,0.11935,0.11455,0.116,0.11435
731,0.1123,0.11135,0.127,0.1069,0.10525,0.10885,0.10605,0.11035,0.10685
732,0.1124,0.0662,0.11025,0.12175,0.1183,0.1129,0.1089,0.1082,0.11585
733,0.1139,0.07935,0.14185,0.1178,0.1152,0.09405,0.10175,0.11345,0.1102
734,0.11075,0.1502,0.10245,0.1124,0.1182,0.1075,0.127,0.11415,0.11535
735,0.1121,0.0908,0.10085,0.11155,0.10545,0.14775,0.1179,0.12375,0.1054
736,0.1134,0.08215,0.1205,0.1213,0.11905,0.1012,0.1118,0.10805,0.11625
737,0.1115,0.12565,0.10305,0.11255,0.1197,0.10915,0.09835,0.11225,0.1067
738,0.111,0.14615,0.10465,0.1052,0.1206,0.10825,0.1098,0.1161,0.10975
739,0.10935,0.11975,0.11835,0.11435,0.11815,0.11805,0.11385,0.11395,0.1137
740,0.1069,0.0798,0.0959,0.11435,0.10245,0.1044,0.10425,0.1137,0.12315
741,0.11165,0.17585,0.1113,0.11455,0.11255,0.10545,0.10845,0.1102,0.12165
742,0.113,0.14235,0.1123,0.1182,0.12525,0.1156,0.12025,0.10315,0.1154
743,0.1136,0.14165,0.113,0.11495,0.1173,0.10985,0.10555,0.10805,0.10995
744,0.1096,0.10225,0.1025,0.1156,0.1237,0.1124,0.11005,0.1044,0.1169
745,0.10935,0.0991,0.10905,0.1159,0.1232,0.11315,0.11805,0.10305,0.1127
746,0.113,0.08075,0.1243,0.12795,0.11245,0.1227,0.1051,0.1209,0.1081
747,0.1108,0.0925,0.1139,0.12355,0.1296,0.10555,0.11235,0.09595,0.1181
748,0.10925,0.1143,0.11705,0.10765,0.1167,0.1126,0.1418,0.10025,0.1154
749,0.1115,0.11425,0.1123,0.11215,0.11605,0.10565,0.114,0.106,0.12255
750,0.11025,0.19475,0.1082,0.10985,0.11465,0.10705,0.11375,0.10325,0.1092
751,0.1159,0.0714,0.10365,0.1145,0.1057,0.11255,0.1109,0.1107,0.11975
752,0.11205,0.0726,0.1087,0.111,0.11775,0.1109,0.10515,0.1218,0.11485
753,0.11095,0.0998,0.11065,0.1022,0.10905,0.10375,0.10945,0.0989,0.1151
754,0.112,0.0722,0.11735,0.12375,0.1083,0.1212,0.1083,0.11705,0.11465
755,0.11275,0.1032,0.11405,0.112,0.15755,0.131,0.1242,0.10595,0.11045
756,0.11285,0.08685,0.1003,0.11335,0.1206,0.11075,0.1134,0.11215,0.1083
757,0.11375,0.08535,0.11295,0.1158,0.11355,0.11305,0.1141,0.11075,0.10705
758,0.115,0.11775,0.11435,0.11215,0.1158,0.0997,0.1173,0.10515,0.11805
759,0.11185,0.0969,0.1103,0.1072,0.1187,0.10585,0.11355,0.10355,0.11145
760,0.1084,0.7835,0.12895,0.11725,0.11315,0.09725,0.11265,0.11405,0.10575
761,0.1115,0.07155,0.1288,0.1081,0.1059,0.0965,0.1163,0.1105,0.12385
762,0.1115,0.09495,0.11685,0.1153,0.138,0.11365,0.10755,0.1143,0.1051
763,0.11245,0.10915,0.14675,0.11035,0.1107,0.12395,0.1129,0.11785,0.1124
764,0.11345,0.12685,0.10025,0.11425,0.1177,0.10385,0.1082,0.1286,0.1173
765,0.1095,0.07635,0.1087,0.10815,0.10595,0.1202,0.10775,0.1072,0.1194
766,0.11055,0.1016,0.0805,0.12005,0.12475,0.1118,0.1092,0.1113,0.12105
767,0.11515,0.1117,0.1034,0.12075,0.1071,0.09725,0.1176,0.1097,0.12235
768,0.1085,0.0877,0.11045,0.1177,0.1017,0.1088,0.11705,0.1055,0.11045
769,0.1077,0.1565,0.1233,0.11805,0.11595,0.1127,0.10175,0.1154,0.11725
770,0.10925,0.09385,0.10325,0.12025,0.1093,0.12165,0.10685,0.116,0.1062
771,0.11135,0.12615,0.1185,0.1126,0.147,0.1142,0.1113,0.11235,0.11655
772,0.11295,0.13885,0.10935,0.11385,0.1085,0.108,0.10385,0.11945,0.10595
773,0.1118,0.21555,0.12065,0.1056,0.1112,0.11905,0.106,0.1096,0.1035
774,0.10815,0.0805,0.1178,0.1065,0.1039,0.0954,0.1135,0.1148,0.1067
775,0.10865,0.08825,0.1079,0.1167,0.1157,0.11815,0.10525,0.107,0.1172
776,0.11255,0.066,0.1579,0.11145,0.0912,0.1149,0.1056,0.12895,0.10995
777,0.10745,0.3126,0.1048,0.12245,0.11,0.12525,0.11265,0.1082,0.10415
778,0.1142,0.09455,0.11055,0.11005,0.11555,0.1091,0.10605,0.1001,0.11455
779,0.11195,0.1156,0.10045,0.1071,0.0979,0.1031,0.1076,0.1133,0.10825
780,0.108,0.10475,0.13215,0.1047,0.1061,0.1001,0.11365,0.10005,0.1077
781,0.1155,0.11405,0.1151,0.10955,0.10825,0.12135,0.11415,0.1095,0.1093
782,0.11365,0.0742,0.09545,0.12315,0.12305,0.1004,0.1323,0.1091,0.11665
783,0.1142,0.0768,0.10135,0.11145,0.1102,0.1126,0.11025,0.1012,0.1043
784,0.11405,0.08215,0.1134,0.1106,0.10135,0.136,0.1062,0.10035,0.1107
785,0.11415,0.12665,0.13015,0.1157,0.13415,0.09615,0.1172,0.09805,0.10705
786,0.11605,0.0919,0.11195,0.1159,0.1277,0.1158,0.10755,0.116,0.11275
787,0.111,0.1339,0.1235,0.1209,0.11485,0.10385,0.10845,0.1046,0.1071
788,0.1087,0.15625,0.11185,0.11195,0.115,0.11645,0.11985,0.11205,0.11065
789,0.1156,0.1088,0.12515,0.10325,0.1238,0.10355,0.1104,0.1029,0.11615
790,0.1143,0.0787,0.1153,0.11135,0.10815,0.12575,0.1202,0.1132,0.1075
791,0.10805,0.0911,0.1168,0.1164,0.12695,0.12205,0.10865,0.11845,0.11775
792,0.1131,0.094,0.1283,0.1187,0.1142,0.14885,0.1096,0.1154,0.1138
793,0.11355,0.1029,0.11735,0.13185,0.1131,0.1007,0.1094,0.1056,0.1097
794,0.11095,0.4462,0.1024,0.12165,0.10895,0.12275,0.1156,0.11795,0.1109
795,0.11245,0.1721,0.1098,0.11435,0.1146,0.1084,0.11795,0.10005,0.11105
796,0.1125,0.33915,0.10645,0.1096,0.1109,0.1054,0.10695,0.11765,0.11175
797,0.1104,0.10055,0.1006,0.1132,0.11285,0.1078,0.1068,0.10905,0.1206
798,0.1128,0.1086,0.1194,0.1187,0.1179,0.10685,0.1162,0.1113,0.11305
799,0.1127,0.10405,0.11645,0.10925,0.10515,0.11775,0.11415,0.11115,0.112
800,0.11305,0.1335,0.11105,0.1198,0.1014,0.1104,0.10735,0.1079,0.11285
801,0.113,0.0822,0.1433,0.1167,0.11055,0.10685,0.1131,0.1,0.11195
802,0.1145,0.1146,0.11785,0.10825,0.12145,0.10285,0.1182,0.1023,0.1146
803,0.1084,0.09215,0.10965,0.11195,0.10695,0.10585,0.10995,0.1221,0.11435
804,0.1093,0.1253,0.11995,0.11855,0.132,0.0988,0.1121,0.09975,0.1139
805,0.1105,0.1497,0.11165,0.1138,0.10175,0.10805,0.1094,0.12465,0.1074
806,0.11305,0.10795,0.1253,0.12025,0.1076,0.1301,0.11225,0.11635,0.1124
807,0.11095,0.04185,0.1051,0.1132,0.12355,0.10045,0.10165,0.11175,0.1125
808,0.10925,0.17065,0.1038,0.1059,0.13465,0.1098,0.11205,0.10265,0.10885
809,0.11065,0.08945,0.12585,0.1082,0.1172,0.16725,0.1087,0.10115,0.10985
810,0.10745,0.15985,0.10955,0.11955,0.1108,0.1172,0.1281,0.1116,0.12085
811,0.1114,0.07985,0.1122,0.12455,0.11295,0.11875,0.10475,0.10655,0.1052
812,0.1057,0.16585,0.0931,0.1209,0.11585,0.10375,0.1029,0.1223,0.12175
813,0.11065,0.12775,0.1278,0.1131,0.14465,0.10705,0.1478,0.0972,0.11285
814,0.11045,0.12195,0.11455,0.11445,0.12835,0.1479,0.10245,0.12145,0.1066
815,0.1149,0.1148,0.11625,0.1115,0.1038,0.11025,0.11925,0.10455,0.1191
816,0.10775,0.0837,0.12925,0.1189,0.10975,0.1258,0.10515,0.1192,0.1078
817,0.11495,0.2069,0.1141,0.1156,0.114,0.11885,0.1135,0.1102,0.10475
818,0.1105,0.0544,0.1403,0.11255,0.11915,0.1262,0.11655,0.1206,0.10995
819,0.1146,0.14555,0.1211,0.10565,0.10505,0.14075,0.11345,0.10575,0.1104
820,0.11275,0.0837,0.1037,0.11135,0.1086,0.0975,0.10625,0.11445,0.11875
821,0.1175,0.0934,0.1123,0.111,0.10965,0.09925,0.1098,0.1029,0.1096
822,0.11335,0.08375,0.1098,0.1088,0.1276,0.09925,0.18355,0.10955,0.1095
823,0.1144,0.07695,0.108,0.11695,0.12515,0.1031,0.11215,0.11105,0.11205
824,0.11005,0.07725,0.10215,0.1208,0.1126,0.1001,0.10755,0.10745,0.10225
825,0.1128,0.0977,0.0681,0.11435,0.1133,0.09805,0.11155,0.1207,0.11125
826,0.11115,0.07245,0.11565,0.10845,0.10945,0.114,0.1175,0.09915,0.1114
827,0.116,0.09875,0.11025,0.10895,0.1244,0.13235,0.1077,0.11635,0.1107
828,0.11285,0.0978,0.1128,0.1207,0.10295,0.1084,0.10545,0.1045,0.11
829,0.11455,0.14545,0.1142,0.10335,0.1097,0.11295,0.11525,0.11925,0.11845
830,0.1133,0.0874,0.1249,0.11705,0.1173,0.1143,0.1091,0.1188,0.11355
831,0.11115,0.05665,0.13365,0.10045,0.11265,0.10175,0.11265,0.10155,0.107
832,0.1106,0.0739,0.11015,0.11795,0.2102,0.1146,0.11385,0.09825,0.1149
833,0.11135,0.1782,0.1077,0.1137,0.12495,0.111,0.11045,0.1307,0.10595
834,0.1167,0.1204,0.12465,0.12025,0.10555,0.10195,0.10485,0.10535,0.11125
835,0.11065,0.07905,0.1168,0.1181,0.1062,0.11085,0.1121,0.11645,0.10985
836,0.1112,0.0742,0.09825,0.1112,0.1163,0.1168,0.14795,0.10055,0.11945
837,0.10985,0.0676,0.10285,0.10855,0.1021,0.11,0.10765,0.1103,0.1179
838,0.1114,0.05135,0.10945,0.11765,0.11295,0.098,0.1147,0.12955,0.12025
839,0.11455,0.15865,0.11145,0.12305,0.108,0.11165,0.1099,0.1205,0.107
840,0.1115,0.1033,0.1458,0.12195,0.109,0.11365,0.104,0.11155,0.1098
841,0.1142,0.11785,0.11815,0.11515,0.1087,0.11625,0.11645,0.1586,0.122
842,0.11485,0.08605,0.12415,0.1128,0.1167,0.10405,0.1156,0.11325,0.107
843,0.10935,0.10455,0.13615,0.1155,0.1073,0.0984,0.11485,0.0964,0.10535
844,0.11625,0.1089,0.1044,0.11285,0.10815,0.1103,0.11015,0.1046,0.12745
845,0.11335,0.09905,0.1185,0.1087,0.116,0.1167,0.1119,0.1183,0.11755
846,0.11555,0.12315,0.1273,0.1175,0.11395,0.10795,0.11255,0.11485,0.11135
847,0.11535,0.14425,0.11935,0.11785,0.1116,0.1179,0.11525,0.10965,0.1149
848,0.1135,0.1347,0.1169,0.11995,0.1208,0.1295,0.1054,0.11685,0.1114
849,0.109,0.14915,0.12385,0.10995,0.13475,0.1287,0.10915,0.15385,0.11205
850,0.11265,0.072,0.11,0.1097,0.11685,0.09635,0.11185,0.10685,0.1145
851,0.1128,0.21805,0.1123,0.1187,0.105,0.13065,0.1085,0.10105,0.11155
852,0.11005,0.14985,0.10515,0.11085,0.12055,0.12155,0.10925,0.10725,0.1235
853,0.11385,0.1324,0.09765,0.1194,0.1193,0.0929,0.11205,0.0999,0.1096
854,0.1103,0.0843,0.12605,0.10735,0.10815,0.11895,0.11695,0.107,0.10725
855,0.1095,0.1111,0.10635,0.1101,0.1043,0.11485,0.1098,0.11765,0.10755
856,0.1094,0.0733,0.1237,0.10975,0.11365,0.0918,0.1089,0.11315,0.10545
857,0.11155,0.1259,0.1172,0.11455,0.1157,0.1088,0.10935,0.11745,0.1183
858,0.1151,0.09345,0.1069,0.10835,0.09725,0.09825,0.10885,0.1132,0.10315
859,0.1106,0.0737,0.1107,0.11325,0.1109,0.1138,0.1075,0.1765,0.11005
860,0.1127,0.0596,0.1008,0.1243,0.1164,0.1068,0.11045,0.12045,0.11565
861,0.1135,0.08385,0.10365,0.1081,0.10415,0.11415,0.1108,0.10965,0.11875
862,0.11355,0.0726,0.12895,0.1214,0.11925,0.1227,0.10165,0.1185,0.1078
863,0.1123,0.1146,0.1113,0.1392,0.1094,0.13415,0.12415,0.1402,0.1123
864,0.10985,0.0886,0.11915,0.1059,0.1096,0.09735,0.11105,0.11335,0.1141
865,0.11,0.07715,0.12275,0.11955,0.1162,0.1083,0.10885,0.1082,0.1163
866,0.106,0.071,0.1169,0.118,0.11335,0.11265,0.1113,0.10755,0.1133
867,0.11115,0.2208,0.1097,0.11595,0.116,0.10945,0.1209,0.10585,0.10425
868,0.11115,0.08455,0.1012,0.12415,0.12015,0.10825,0.1121,0.10695,0.10795
869,0.1116,0.094,0.1028,0.1168,0.1226,0.1059,0.10415,0.2035,0.10665
870,0.11485,0.15725,0.114,0.13405,0.10385,0.1096,0.11745,0.10615,0.1159
871,0.11075,0.1111,0.10175,0.11065,0.11205,0.1311,0.11235,0.10765,0.1062
872,0.1136,0.13985,0.11945,0.1063,0.11855,0.1104,0.1053,0.1135,0.1215
873,0.1158,0.077,0.11095,0.1139,0.1262,0.12545,0.11285,0.10955,0.1133
874,0.11135,0.11845,0.1178,0.11005,0.11125,0.0978,0.1068,0.10945,0.11455
875,0.1123,0.08495,0.11625,0.11965,0.1123,0.12205,0.1215,0.09525,0.1135
876,0.1122,0.0769,0.0951,0.1081,0.1065,0.11615,0.1215,0.1089,0.1126
877,0.11005,0.07145,0.1132,0.10585,0.1054,0.1095,0.10925,0.0925,0.1121
878,0.1121,0.1635,0.0998,0.1105,0.1035,0.1033,0.11305,0.14925,0.1123
879,0.10975,0.1057,0.11725,0.11205,0.1203,0.10305,0.10955,0.132,0.11575
880,0.1132,0.08715,0.1175,0.11385,0.1163,0.11345,0.10535,0.11305,0.1082
881,0.1092,0.11225,0.11865,0.11565,0.1097,0.11285,0.1095,0.1096,0.11825
882,0.11545,0.1275,0.1082,0.11335,0.17635,0.12035,0.1269,0.1288,0.1134
883,0.1097,0.08955,0.1095,0.1154,0.11895,0.5551,0.1203,0.09935,0.10975
884,0.11455,0.2103,0.1107,0.1086,0.1077,0.1084,0.10835,0.1177,0.10765
885,0.11185,0.0563,0.1097,0.11055,0.1203,0.1067,0.10415,0.11275,0.1231
886,0.1109,0.09255,0.1245,0.1212,0.12865,0.13165,0.10555,0.10695,0.11115
887,0.1117,0.1048,0.1034,0.1137,0.10255,0.11455,0.1036,0.0967,0.12865
888,0.112,0.08455,0.118,0.11385,0.123,0.1089,0.1125,0.11895,0.11185
889,0.11035,0.0782,0.10595,0.1149,0.1212,0.1102,0.1147,0.10445,0.1214
890,0.1096,0.15135,0.1137,0.11235,0.11815,0.122,0.1077,0.11425,0.10855
891,0.10865,0.10345,0.11665,0.11135,0.1092,0.09415,0.10555,0.1158,0.1061
892,0.1078,0.09265,0.12445,0.10955,0.1167,0.1087,0.1127,0.1025,0.11005
893,0.113,0.1608,0.10335,0.12465,0.09935,0.10375,0.10465,0.1063,0.10965
894,0.11215,0.1635,0.13085,0.1227,0.1058,0.11665,0.1088,0.1012,0.10845
895,0.11285,0.0914,0.12865,0.11285,0.1061,0.11445,0.10305,0.1079,0.10565
896,0.1118,0.0712,0.10965,0.1204,0.12675,0.11115,0.1086,0.11285,0.11235
897,0.1114,0.07275,0.1223,0.1287,0.10875,0.11675,0.10675,0.1215,0.11155
898,0.11315,0.1402,0.1053,0.1156,0.10315,0.1103,0.1066,0.10035,0.11055
899,0.1103,0.11325,0.113,0.1067,0.11335,0.12,0.10645,0.11625,0.10945
900,0.1128,0.3607,0.1191,0.114,0.1032,0.1111,0.1174,0.1178,0.12015
901,0.1148,0.11265,0.1324,0.1089,0.13645,0.11225,0.1031,0.1212,0.10775
902,0.11295,0.1162,0.11185,0.1096,0.1189,0.117,0.11105,0.1108,0.10895
903,0.11355,0.0737,0.1228,0.1041,0.12515,0.10475,0.1116,0.10215,0.11145
904,0.11185,0.1236,0.11125,0.12815,0.1033,0.1052,0.1022,0.1198,0.1022
905,0.1124,0.0969,0.1248,0.11725,0.12135,0.1321,0.10345,0.1067,0.10925
906,0.1123,0.07505,0.1028,0.1084,0.1226,0.10825,0.11205,0.10765,0.10545
907,0.10565,0.08235,0.10795,0.11,0.1102,0.1079,0.1169,0.114,0.10345
908,0.11205,0.1199,0.1167,0.11165,0.1106,0.10175,0.1231,0.08635,0.11115
909,0.1138,0.09755,0.1043,0.11785,0.10915,0.1078,0.11225,0.1123,0.11095
910,0.1151,0.09935,0.11115,0.1123,0.11295,0.11225,0.14055,0.12005,0.1053
911,0.1167,0.1007,0.11525,0.1131,0.1045,0.1175,0.1224,0.12035,0.11035
912,0.1111,0.0815,0.11385,0.1073,0.1051,0.1058,0.10045,0.1044,0.1055
913,0.1078,0.0938,0.11785,0.11225,0.10905,0.0982,0.10935,0.11155,0.1047
914,0.1124,0.13275,0.12205,0.1222,0.10355,0.1257,0.10565,0.1071,0.11575
915,0.1106,0.08375,0.1223,0.1137,0.1125,0.0964,0.1112,0.10485,0.11065
916,0.1133,0.02645,0.11515,0.13595,0.1146,0.10675,0.1073,0.1078,0.11855
917,0.11325,0.14505,0.10625,0.11035,0.10905,0.1261,0.11135,0.11175,0.09965
918,0.11355,0.10815,0.12005,0.11465,0.1079,0.15595,0.1043,0.0951,0.11275
919,0.1127,0.2219,0.10945,0.11165,0.1071,0.1048,0.1098,0.1145,0.10795
920,0.1151,0.10895,0.1299,0.1226,0.124,0.1117,0.1069,0.11455,0.1129
921,0.10965,0.171,0.13675,0.1112,0.1038,0.10805,0.11115,0.10705,0.11455
922,0.10995,0.0907,0.1107,0.1092,0.1099,0.10465,0.1084,0.11935,0.11315
923,0.11295,0.11905,0.10745,0.121,0.11105,0.1074,0.1167,0.1048,0.11675
924,0.1127,0.0919,0.11705,0.112,0.13605,0.1223,0.11015,0.10065,0.109
925,0.1124,0.13325,0.11305,0.14035,0.11855,0.1053,0.1094,0.1152,0.11385
926,0.11135,0.10205,0.13005,0.11285,0.11535,0.11315,0.1138,0.1008,0.1221
927,0.1127,0.08855,0.1106,0.1075,0.1167,0.103,0.11905,0.10835,0.10685
928,0.10915,0.12355,0.10815,0.1184,0.11635,0.11445,0.11175,0.1128,0.1135
929,0.11395,0.12515,0.11415,0.1092,0.1129,0.11085,0.11095,0.1059,0.11785
930,0.1098,0.07485,0.10375,0.11855,0.1239,0.09835,0.1146,0.1015,0.1126
931,0.10975,0.1103,0.11385,0.11025,0.09835,0.1155,0.1071,0.1116,0.11705
932,0.112,0.07405,0.11325,0.1143,0.1092,0.14735,0.101,0.09835,0.11105
933,0.11125,0.12995,0.11505,0.1143,0.1254,0.10445,0.11275,0.1187,0.11025
934,0.11105,0.12155,0.1143,0.11985,0.1168,0.1092,0.1132,0.1133,0.1083
935,0.11355,0.0876,0.1102,0.1048,0.12845,0.1106,0.1182,0.126,0.10825
936,0.1148,0.0648,0.11205,0.12475,0.1624,0.10515,0.1145,0.11435,0.11225
937,0.11135,0.09445,0.134,0.1161,0.1128,0.11255,0.11165,0.12025,0.11515
938,0.1105,0.0875,0.1269,0.11515,0.12265,0.09945,0.10245,0.1119,0.11665
939,0.1145,0.1135,0.10285,0.12165,0.10835,0.1188,0.18135,0.11035,0.1009
940,0.11385,0.1346,0.1942,0.1151,0.1134,0.11875,0.1083,0.11795,0.11355
941,0.10995,0.10935,0.1083,0.11005,0.1038,0.10555,0.1128,0.10565,0.1141
942,0.11395,0.091,0.12445,0.1096,0.11155,0.1253,0.12225,0.1072,0.1142
943,0.11345,0.1085,0.11175,0.1187,0.11475,0.1119,0.11905,0.1015,0.11145
944,0.11345,0.1181,0.11215,0.1166,0.10505,0.10475,0.10825,0.10575,0.1168
945,0.10935,0.09745,0.10565,0.1211,0.1086,0.11705,0.1027,0.11085,0.11345
946,0.1124,0.08295,0.1067,0.11565,0.1071,0.1249,0.10895,0.1228,0.1177
947,0.10745,0.12615,0.1366,0.1279,0.09815,0.10765,0.10995,0.1024,0.1102
948,0.11435,0.097,0.10435,0.12015,0.11585,0.1236,0.1135,0.1128,0.1217
949,0.11115,0.0865,0.1324,0.1147,0.11525,0.1025,0.11365,0.13635,0.105
950,0.1153,0.0991,0.10905,0.1121,0.11725,0.1151,0.1183,0.1033,0.1153
951,0.10885,0.1019,0.10745,0.11405,0.1172,0.1061,0.11015,0.1144,0.1034
952,0.1139,0.1552,0.09455,0.11785,0.10245,0.10295,0.10865,0.1085,0.10845
953,0.1157,0.16685,0.11515,0.1106,0.1205,0.10375,0.1112,0.105,0.11055
954,0.11415,0.42735,0.1389,0.11305,0.1046,0.1043,0.1045,0.12235,0.112
955,0.1115,0.11285,0.11535,0.11305,0.0986,0.11665,0.10995,0.1198,0.11255
956,0.1108,0.15405,0.12005,0.11195,0.17495,0.0984,0.11675,0.1284,0.1192
957,0.1129,0.1398,0.1142,0.1143,0.13225,0.10515,0.12515,0.1054,0.1102
958,0.1114,0.1534,0.1086,0.11045,0.12215,0.1062,0.1113,0.10455,0.10885
959,0.1101,0.0775,0.11155,0.1166,0.1207,0.1007,0.10545,0.10825,0.11015
960,0.1136,0.084,0.111,0.1183,0.10485,0.10095,0.1208,0.11455,0.11305
961,0.1137,0.1135,0.12495,0.1151,0.10335,0.1076,0.10535,0.10485,0.11535
962,0.111,0.1207,0.1142,0.1114,0.10905,0.10765,0.1078,0.10925,0.11875
963,0.11455,0.0851,0.1241,0.1065,0.1102,0.10305,0.10985,0.1179,0.11595
964,0.1128,0.11635,0.10485,0.1183,0.1078,0.1168,0.1082,0.13815,0.1066
965,0.1135,0.11435,0.1048,0.11485,0.12595,0.11325,0.11775,0.1219,0.11745
966,0.11275,0.083,0.1165,0.10995,0.12725,0.11475,0.12085,0.1177,0.1177
967,0.1156,0.1014,0.1212,0.1109,0.1094,0.1064,0.1044,0.1189,0.1248
968,0.11185,0.16865,0.1188,0.1111,0.11135,0.1073,0.11205,0.1155,0.1052
969,0.1137,0.2019,0.1211,0.11925,0.1007,0.11335,0.1206,0.1097,0.11935
970,0.11275,0.08445,0.11855,0.13125,0.10705,0.11315,0.11305,0.10555,0.1189
971,0.11215,0.0865,0.1109,0.14105,0.109,0.11245,0.10785,0.10805,0.11325
972,0.11105,0.12985,0.1203,0.11495,0.1138,0.1095,0.11105,0.1059,0.1163
973,0.11135,0.08695,0.115,0.11175,0.1089,0.12165,0.11545,0.11155,0.1155
974,0.1133,0.105,0.1197,0.1235,0.1115,0.1129,0.11295,0.11905,0.11015
975,0.11075,0.0929,0.1146,0.11635,0.10745,0.1115,0.1038,0.11615,0.11295
976,0.11045,0.0571,0.128,0.1141,0.11445,0.1222,0.1129,0.1025,0.11085
977,0.11125,0.13735,0.11915,0.1197,0.11285,0.09705,0.1112,0.1137,0.1191
978,0.1109,0.0579,0.1114,0.05695,0.1202,0.0903,0.1091,0.1009,0.117
979,0.11115,0.0939,0.11845,0.1133,0.12805,0.11235,0.1082,0.1129,0.1087
980,0.11175,0.1167,0.11675,0.1125,0.11995,0.125,0.1125,0.1044,0.11235
981,0.1103,0.1081,0.1057,0.1101,0.1114,0.12155,0.10955,0.1346,0.12495
982,0.11485,0.0624,0.11335,0.11705,0.111,0.107,0.10565,0.10325,0.11725
983,0.1107,0.0901,0.1141,0.1194,0.0989,0.10345,0.10355,0.10245,0.10385
984,0.11455,0.1752,0.09725,0.11495,0.10395,0.1139,0.1084,0.11735,0.12135
985,0.1074,0.08545,0.10225,0.1127,0.1145,0.10285,0.1153,0.10965,0.1125
986,0.11225,0.1237,0.115,0.1117,0.1221,0.1209,0.10735,0.1159,0.11345
987,0.1095,0.07215,0.1088,0.11385,0.1177,0.11615,0.1083,0.1049,0.1016
988,0.1128,0.1326,0.0997,0.1114,0.12555,0.116,0.1196,0.11545,0.10475
989,0.11065,0.089,0.13775,0.12165,0.09995,0.10955,0.10095,0.1045,0.11215
990,0.10935,0.0783,0.1139,0.11815,0.1126,0.0944,0.1127,0.10185,0.10635
991,0.1112,0.0896,0.13155,0.12225,0.1167,0.1068,0.1123,0.1226,0.1077
992,0.11285,0.1163,0.1175,0.11005,0.1227,0.11265,0.10135,0.1117,0.1126
993,0.112,0.06865,0.1095,0.1062,0.1172,0.09815,0.10385,0.1092,0.1103
994,0.1114,0.104,0.1132,0.11625,0.10675,0.1167,0.10955,0.1038,0.11565
995,0.11025,0.14055,0.10815,0.12015,0.1088,0.10695,0.10825,0.10675,0.11195
996,0.1121,0.1604,0.1111,0.1271,0.1085,0.0959,0.11315,0.107,0.11155
997,0.11175,0.1118,0.1294,0.10985,0.1251,0.1052,0.1063,0.12685,0.10475
998,0.11345,0.08825,0.1259,0.1091,0.13965,0.10215,0.1145,0.1177,0.1082
999,0.11305,0.1131,0.1125,0.10785,0.1094,0.1162,0.10555,0.1028,0.11285
1000,0.1141,0.1809,0.113,0.1194,0.1197,0.10895,0.10665,0.11165,0.1224
1001,0.1156,0.1561,0.10795,0.1174,0.12255,0.113,0.12045,0.11505,0.1093
1002,0.1086,0.1218,0.1198,0.11595,0.1333,0.11655,0.11695,0.12315,0.1038
1003,0.11685,0.09885,0.1182,0.1153,0.1111,0.09795,0.1069,0.10375,0.1037
1004,0.10995,0.17015,0.11625,0.11595,0.1106,0.10475,0.1142,0.1317,0.10255
1005,0.1111,0.13215,0.1111,0.1083,0.1207,0.2161,0.15345,0.1196,0.10995
1006,0.11465,0.1474,0.124,0.1009,0.12695,0.11365,0.10905,0.1032,0.10755
1007,0.11215,0.0747,0.09385,0.113,0.1215,0.09935,0.11905,0.09765,0.10745
1008,0.10875,0.1408,0.10925,0.12135,0.1277,0.103,0.1078,0.09725,0.11335
1009,0.11475,0.086,0.13685,0.1101,0.1154,0.1224,0.11445,0.10965,0.11015
1010,0.1145,0.086,0.11915,0.11195,0.12845,0.11665,0.10875,0.11745,0.1244
1011,0.1125,0.09585,0.10915,0.11685,0.12095,0.1076,0.1189,0.1005,0.1122
1012,0.11035,0.1759,0.1152,0.1385,0.11195,0.1121,0.10735,0.14725,0.1096
1013,0.1115,0.08755,0.10825,0.12645,0.1143,0.1122,0.1102,0.10495,0.1169
1014,0.10735,0.05255,0.10305,0.1186,0.11065,0.1143,0.13605,0.1186,0.1059
1015,0.1121,0.07185,0.10425,0.1684,0.1153,0.12295,0.1435,0.11075,0.1045
1016,0.11195,0.0937,0.1028,0.1215,0.109,0.1141,0.1132,0.09605,0.1225
1017,0.11205,0.0763,0.1258,0.10415,0.12745,0.11055,0.13245,0.11375,0.119
1018,0.1121,0.0844,0.12515,0.1205,0.1206,0.13255,0.12225,0.10655,0.10955
1019,0.11595,0.096,0.11195,0.1183,0.1093,0.11025,0.1103,0.109,0.11745
1020,0.1091,0.11495,0.10945,0.1036,0.11005,0.1115,0.10455,0.1276,0.11795
1021,0.1146,0.123,0.1092,0.11105,0.1223,0.11355,0.10335,0.1168,0.11405
1022,0.10845,0.1158,0.11785,0.10965,0.124,0.10395,0.12575,0.11205,0.11605
1023,0.11485,0.09925,0.10505,0.11065,0.1135,0.1077,0.1364,0.1003,0.1144
1024,0.11065,0.0892,0.1188,0.11625,0.10655,0.1119,0.1143,0.1104,0.11555
1025,0.11035,0.06275,0.11025,0.11365,0.1133,0.1165,0.1081,0.10835,0.1115
1026,0.1078,0.0717,0.1072,0.1121,0.12485,0.1086,0.1094,0.10935,0.10775
1027,0.1107,0.1688,0.1144,0.1126,0.11145,0.11565,0.11625,0.1206,0.12075
1028,0.1131,0.13825,0.1256,0.1127,0.10705,0.09775,0.11935,0.1034,0.1078
1029,0.1086,0.12545,0.1076,0.10675,0.1163,0.0991,0.10825,0.0956,0.11105
1030,0.10875,0.0565,0.11505,0.117,0.11045,0.1047,0.10775,0.1104,0.1134
1031,0.11285,0.2037,0.1108,0.1058,0.10885,0.1049,0.1262,0.12215,0.1103
1032,0.1154,0.06225,0.1059,0.1088,0.11435,0.1167,0.11545,0.11405,0.1166
1033,0.1121,0.1012,0.1121,0.11625,0.10565,0.11215,0.111,0.1024,0.1153
1034,0.11345,0.08775,0.14525,0.11585,0.117,0.11485,0.10765,0.12085,0.1131
1035,0.1122,0.07805,0.1109,0.12065,0.1176,0.1136,0.106,0.10485,0.11535
1036,0.11335,0.12215,0.1169,0.11575,0.11975,0.1117,0.1239,0.117,0.1093
1037,0.1118,0.10195,0.10695,0.12025,0.1058,0.1122,0.10995,0.109,0.1164
1038,0.1141,0.1039,0.1199,0.10615,0.1093,0.1517,0.11525,0.1076,0.11335
1039,0.1138,0.1006,0.1061,0.10605,0.1164,0.0995,0.114,0.13385,0.1132
1040,0.1142,0.0921,0.13865,0.12035,0.10905,0.1392,0.1094,0.1011,0.109
1041,0.10705,0.0932,0.09825,0.1089,0.10365,0.11095,0.1138,0.11105,0.1093
1042,0.11265,0.0916,0.10245,0.11755,0.10735,0.11495,0.11,0.1156,0.11745
1043,0.11545,0.0964,0.10195,0.1252,0.12775,0.1145,0.1028,0.11885,0.1109
1044,0.1152,0.12,0.1285,0.1118,0.29045,0.09485,0.1141,0.10405,0.1113
1045,0.1125,0.07725,0.11845,0.12185,0.124,0.11585,0.109,0.12125,0.11305
1046,0.11285,0.1179,0.1339,0.13,0.1114,0.1198,0.11095,0.1104,0.1082
1047,0.1114,0.07955,0.1171,0.1157,0.1308,0.1176,0.1121,0.09545,0.1176
1048,0.1111,0.16125,0.1075,0.11475,0.11825,0.1072,0.12585,0.11045,0.1065
1049,0.1136,0.086,0.11155,0.1127,0.11085,0.1064,0.1063,0.1007,0.1165
1050,0.1109,0.0668,0.1178,0.11375,0.1024,0.11145,0.1073,0.1141,0.11855
1051,0.11255,0.07975,0.1071,0.1141,0.11255,0.12165,0.1117,0.10625,0.1154
1052,0.1117,0.09105,0.1251,0.1118,0.0982,0.1183,0.11785,0.10865,0.11965
1053,0.11105,0.13675,0.11165,0.1046,0.11195,0.1014,0.1085,0.10515,0.10865
1054,0.1137,0.13375,0.1106,0.1074,0.10655,0.1104,0.1088,0.1163,0.1176
1055,0.1136,0.15885,0.1032,0.11335,0.13535,0.1191,0.1153,0.1039,0.1101
1056,0.11045,0.13085,0.1,0.1125,0.1102,0.11385,0.1099,0.1135,0.1208
1057,0.11495,0.1047,0.10825,0.11405,0.1068,0.1108,0.1077,0.09155,0.11205
1058,0.11085,0.1051,0.1053,0.11215,0.12255,0.10935,0.11505,0.1124,0.12035
1059,0.11055,0.0903,0.12845,0.1113,0.1051,0.129,0.107,0.0982,0.10545
1060,0.11085,0.05165,0.102,0.11165,0.1051,0.11965,0.10355,0.10615,0.11145
1061,0.1133,0.07175,0.11645,0.1129,0.11605,0.1313,0.1162,0.11435,0.1095
1062,0.1133,0.0844,0.10575,0.1119,0.1206,0.1093,0.1142,0.1071,0.1142
1063,0.11185,0.10665,0.1138,0.11195,0.11275,0.11765,0.1095,0.1189,0.1122
1064,0.11205,0.0481,0.1141,0.1098,0.104,0.10395,0.11625,0.1111,0.1165
1065,0.11745,0.08255,0.10715,0.1162,0.1026,0.0937,0.10195,0.1111,0.1134
1066,0.11005,0.08645,0.11845,0.1053,0.11325,0.11625,0.1227,0.11635,0.11995
1067,0.112,0.12225,0.1331,0.1098,0.12175,0.1122,0.103,0.11355,0.1025
1068,0.11495,0.0921,0.1194,0.1091,0.1186,0.12075,0.10525,0.1052,0.1132
1069,0.1163,0.07795,0.17805,0.118,0.11785,0.11175,0.1098,0.10935,0.11865
1070,0.1141,0.10555,0.1015,0.12095,0.10575,0.1155,0.1094,0.11805,0.1093
1071,0.1117,0.1248,0.1099,0.11345,0.11015,0.1053,0.1125,0.10555,0.1
1072,0.11185,0.1319,0.15825,0.105,0.10625,0.1167,0.1185,0.12045,0.11665
1073,0.11415,0.08155,0.1098,0.12095,0.1211,0.10405,0.1068,0.10005,0.11535
1074,0.1119,0.0844,0.10375,0.1222,0.12855,0.12865,0.105,0.1025,0.11375
1075,0.11245,0.0864,0.1176,0.1196,0.11225,0.0963,0.1134,0.10895,0.10555
1076,0.1134,0.114,0.1121,0.1161,0.10155,0.10685,0.1113,0.12135,0.11385
1077,0.11405,0.19135,0.11315,0.11565,0.12095,0.13255,0.11015,0.1117,0.1165
1078,0.1074,0.10455,0.1265,0.1177,0.111,0.0978,0.11125,0.10435,0.11675
1079,0.1127,0.11985,0.1088,0.1059,0.1135,0.11595,0.10935,0.1558,0.11005
1080,0.11595,0.1165,0.11345,0.11405,0.1239,0.1101,0.10955,0.11085,0.10965
1081,0.11355,0.13895,0.1189,0.1106,0.11625,0.10505,0.113,0.10175,0.1067
1082,0.1096,0.0787,0.1142,0.1158,0.1243,0.105,0.10645,0.12075,0.12035
1083,0.1117,0.10275,0.1125,0.11375,0.11555,0.1033,0.10665,0.11265,0.1056
1084,0.11155,0.1521,0.1109,0.12095,0.11805,0.0996,0.1124,0.119,0.1117
1085,0.1121,0.14905,0.105,0.1091,0.12485,0.10645,0.11275,0.1045,0.1037
1086,0.1124,0.08675,0.11105,0.1184,0.1221,0.1166,0.09575,0.1431,0.10535
1087,0.11525,0.1235,0.1056,0.0993,0.10335,0.1035,0.10995,0.106,0.1107
1088,0.11055,0.1874,0.09885,0.1091,0.1,0.1055,0.1163,0.1208,0.11295
1089,0.10965,0.04885,0.1086,0.1238,0.10915,0.10045,0.10605,0.1002,0.1152
1090,0.11195,0.076,0.11425,0.1112,0.12515,0.1057,0.1025,0.10475,0.1215
1091,0.1093,0.10445,0.11705,0.11965,0.0947,0.12515,0.1152,0.1277,0.1053
1092,0.11195,0.0785,0.1168,0.11875,0.10735,0.1064,0.1102,0.11495,0.1094
1093,0.11085,0.09315,0.1209,0.1198,0.11935,0.10975,0.1069,0.1274,0.1122
1094,0.1132,0.12805,0.13075,0.1106,0.1028,0.1072,0.1128,0.1063,0.0987
1095,0.1119,0.10325,0.12895,0.10595,0.1073,0.1126,0.1122,0.11725,0.11205
1096,0.1166,0.09545,0.102,0.12625,0.1079,0.11525,0.10975,0.10215,0.11745
1097,0.1116,0.1146,0.10005,0.11245,0.11205,0.1218,0.1173,0.1151,0.10475
1098,0.112,0.08095,0.11865,0.11845,0.1127,0.1066,0.10555,0.11875,0.11315
1099,0.11115,0.07925,0.108,0.1089,0.1191,0.10715,0.11345,0.10535,0.11065
1100,0.11055,0.0735,0.1229,0.11885,0.1104,0.12075,0.1172,0.10065,0.1125
1101,0.11065,0.0887,0.09925,0.13565,0.1171,0.1339,0.1132,0.1162,0.11125
1102,0.1124,0.097,0.1022,0.1144,0.10125,0.10185,0.10855,0.11895,0.1069
1103,0.1107,0.1549,0.1236,0.105,0.1023,0.1178,0.10595,0.11065,0.11155
1104,0.1184,0.05655,0.1085,0.1186,0.11645,0.12195,0.10495,0.1032,0.1196
1105,0.1102,0.07265,0.1049,0.26595,0.10965,0.1009,0.10985,0.10405,0.1074
1106,0.1109,0.10875,0.1136,0.12365,0.11305,0.1102,0.1106,0.115,0.10885
1107,0.11605,0.1414,0.13515,0.11375,0.1097,0.1009,0.10505,0.11295,0.11465
1108,0.1148,0.1201,0.11575,0.10865,0.10915,0.1041,0.1111,0.11065,0.1111
1109,0.1138,0.2775,0.10585,0.1105,0.10725,0.1283,0.10115,0.11475,0.12565
1110,0.1153,0.08695,0.11685,0.1246,0.1192,0.12835,0.10275,0.108,0.1043
1111,0.1124,0.1051,0.1284,0.1061,0.11215,0.1031,0.1129,0.10905,0.1152
1112,0.11405,0.06365,0.1227,0.12355,0.11015,0.11285,0.11035,0.1117,0.1102
1113,0.11095,0.0955,0.1296,0.10855,0.11315,0.10845,0.1161,0.1185,0.11195
1114,0.1101,0.17305,0.1174,0.1145,0.15655,0.11385,0.11045,0.12055,0.11775
1115,0.1118,0.15755,0.1168,0.1201,0.1037,0.12205,0.1044,0.11055,0.12415
1116,0.1128,0.0647,0.1034,0.1187,0.14655,0.11115,0.1072,0.10745,0.1068
1117,0.114,0.0946,0.10835,0.13295,0.1209,0.1171,0.11325,0.11595,0.1023
1118,0.11255,0.0928,0.0932,0.11745,0.11825,0.1062,0.1135,0.1059,0.10695
1119,0.1127,0.10325,0.12015,0.1183,0.10525,0.1072,0.1165,0.1293,0.10955
1120,0.11295,0.12325,0.1167,0.1104,0.13425,0.0925,0.11965,0.10235,0.11185
1121,0.11355,0.11395,0.11135,0.12685,0.12215,0.13835,0.10955,0.1167,0.11135
1122,0.1133,0.2966,0.1116,0.1125,0.1187,0.1121,0.1099,0.1218,0.10785
1123,0.1061,0.0467,0.0971,0.11895,0.1083,0.1118,0.11485,0.10875,0.10375
1124,0.11115,0.10265,0.0972,0.1178,0.11995,0.1163,0.1123,0.1042,0.11355
1125,0.10925,0.06295,0.1168,0.11085,0.1233,0.1138,0.11525,0.11155,0.1077
1126,0.10925,0.08565,0.1073,0.11215,0.10945,0.11535,0.118,0.11145,0.1072
1127,0.11195,0.0746,0.1145,0.11195,0.10725,0.11195,0.1158,0.1156,0.1138
1128,0.1111,0.1128,0.1226,0.11265,0.1086,0.11895,0.10635,0.1032,0.1131
1129,0.112,0.1537,0.11285,0.11595,0.11755,0.112,0.1134,0.11425,0.11165
1130,0.11335,0.16065,0.1216,0.1092,0.106,0.11095,0.1145,0.141,0.11645
1131,0.1118,0.1545,0.1097,0.1085,0.10795,0.1097,0.104,0.10065,0.11185
1132,0.11605,0.0957,0.1149,0.10985,0.11325,0.1009,0.1128,0.11505,0.11145
1133,0.11835,0.07885,0.1086,0.12395,0.1193,0.1073,0.10025,0.0992,0.11215
1134,0.11045,0.10985,0.1166,0.11325,0.12115,0.12675,0.1039,0.1163,0.1094
1135,0.11395,0.1022,0.09455,0.14845,0.11145,0.10955,0.1123,0.11465,0.11225
1136,0.1118,0.11925,0.1367,0.126,0.09975,0.11985,0.10445,0.10415,0.1105
1137,0.11395,0.105,0.1195,0.11415,0.11455,0.1246,0.10135,0.10765,0.1156
1138,0.1141,0.04385,0.1044,0.11465,0.11185,0.12055,0.1141,0.11745,0.10795
1139,0.1102,0.09885,0.1134,0.12225,0.10335,0.1172,0.1047,0.108,0.10065
1140,0.11675,0.15995,0.10865,0.10635,0.10905,0.10455,0.1017,0.1075,0.11105
1141,0.11415,0.056,0.1371,0.1072,0.114,0.104,0.12315,0.11105,0.11075
1142,0.10845,0.0914,0.11655,0.1189,0.1185,0.12225,0.11755,0.1149,0.1125
1143,0.113,0.15325,0.12255,0.1146,0.1161,0.09995,0.1129,0.1064,0.11445
1144,0.1146,0.0946,0.09905,0.11555,0.10895,0.11045,0.11425,0.113,0.1191
1145,0.1092,0.09935,0.11425,0.1169,0.10815,0.13165,0.11465,0.11145,0.11805
1146,0.11295,0.05865,0.09935,0.1142,0.1131,0.11535,0.10755,0.1042,0.10535
1147,0.1115,0.0916,0.10325,0.1138,0.11825,0.1109,0.10395,0.1175,0.1159
1148,0.11285,0.085,0.1057,0.11055,0.11325,0.1057,0.1077,0.1104,0.1172
1149,0.1144,0.14195,0.1205,0.11655,0.12115,0.11895,0.1111,0.1058,0.10635
1150,0.1093,0.1068,0.1212,0.11475,0.1244,0.1017,0.11385,0.11295,0.10615
1151,0.11345,0.07455,0.10145,0.10595,0.10425,0.10605,0.11825,0.12315,0.11665
1152,0.11275,0.09275,0.11295,0.11455,0.1223,0.10925,0.11,0.1118,0.10905
1153,0.112,0.0928,0.0982,0.13835,0.1302,0.1072,0.1117,0.1111,0.10375
1154,0.11065,0.11875,0.12015,0.1116,0.1047,0.117,0.11745,0.1042,0.10815
1155,0.10925,0.0865,0.1058,0.11165,0.1177,0.10815,0.1166,0.1172,0.11425
1156,0.11265,0.093,0.11695,0.11445,0.11355,0.1051,0.1139,0.12345,0.10545
1157,0.11275,0.097,0.11545,0.11415,0.12035,0.10385,0.1085,0.124,0.1099
1158,0.1164,0.088,0.11055,0.1143,0.1176,0.1014,0.1141,0.1117,0.1184
1159,0.111,0.14225,0.1118,0.11185,0.1066,0.09115,0.1092,0.1154,0.116
1160,0.11265,0.08515,0.10885,0.11565,0.12245,0.23465,0.1115,0.1111,0.11325
1161,0.1112,0.10665,0.11695,0.11595,0.11755,0.09745,0.1102,0.1032,0.10905
1162,0.1139,0.0709,0.12295,0.13075,0.1329,0.12545,0.1118,0.10985,0.11075
1163,0.11465,0.20585,0.1017,0.12425,0.11375,0.1198,0.11545,0.1162,0.114
1164,0.11145,0.09715,0.1059,0.11935,0.1105,0.1134,0.10685,0.11155,0.1112
1165,0.11045,0.1497,0.10795,0.1164,0.11415,0.09445,0.1113,0.1151,0.1161
1166,0.11335,0.0967,0.1226,0.1051,0.10525,0.1246,0.11745,0.10925,0.1079
1167,0.11225,0.06185,0.1162,0.1139,0.10165,0.10285,0.1166,0.1153,0.11765
1168,0.11555,0.06945,0.1086,0.1248,0.1077,0.121,0.1047,0.1046,0.1063
1169,0.11265,0.0974,0.1209,0.1179,0.10315,0.1027,0.11135,0.119,0.107
1170,0.11165,0.1189,0.10885,0.1137,0.11895,0.101,0.1315,0.10925,0.1148
1171,0.1074,0.1662,0.12315,0.11375,0.10895,0.11835,0.10985,0.09585,0.1073
1172,0.11335,0.1073,0.113,0.1094,0.11015,0.11845,0.1117,0.11275,0.10325
1173,0.1137,0.1038,0.1303,0.1194,0.12735,0.1073,0.1055,0.15675,0.1136
1174,0.10625,0.0591,0.1082,0.11205,0.1174,0.12595,0.10435,0.11605,0.1125
1175,0.11195,0.0823,0.1144,0.1141,0.12785,0.1123,0.10655,0.12805,0.1158
1176,0.1129,0.09105,0.12235,0.1206,0.1055,0.1054,0.1015,0.1058,0.1138
1177,0.11625,0.08105,0.10275,0.1134,0.10835,0.09445,0.1076,0.109,0.10895
1178,0.1117,0.0807,0.1231,0.1112,0.11065,0.1205,0.1255,0.11725,0.1123
1179,0.111,0.08295,0.11055,0.11255,0.1009,0.10725,0.10845,0.1016,0.1242
1180,0.11465,0.10775,0.111,0.10675,0.164,0.11065,0.1062,0.12115,0.11025
1181,0.11335,0.1868,0.1133,0.10865,0.12665,0.10095,0.11385,0.11255,0.1142
1182,0.115,0.08595,0.1229,0.14015,0.1126,0.113,0.1122,0.1159,0.11385
1183,0.1108,0.08055,0.12695,0.1173,0.10335,0.1193,0.1243,0.1137,0.1171
1184,0.1144,0.15465,0.11565,0.1151,0.1212,0.12165,0.112,0.11365,0.0993
1185,0.11195,0.14585,0.1176,0.11005,0.1104,0.121,0.1143,0.11545,0.11885
1186,0.1122,0.08825,0.11845,0.1122,0.11495,0.1125,0.11235,0.12535,0.1146
1187,0.11065,0.112,0.1174,0.11145,0.1115,0.10675,0.1123,0.10615,0.1146
1188,0.1105,0.0664,0.10585,0.11115,0.11945,0.12665,0.10495,0.11515,0.11095
1189,0.1119,0.15705,0.123,0.12205,0.1191,0.12425,0.12215,0.12115,0.10295
1190,0.1104,0.09255,0.1202,0.1125,0.11475,0.0902,0.1082,0.1283,0.1096
1191,0.1139,0.07145,0.13355,0.1086,0.1092,0.11245,0.11455,0.09965,0.1087
1192,0.11155,0.14595,0.13865,0.11785,0.10455,0.10755,0.1183,0.11645,0.1148
1193,0.1161,0.14715,0.10785,0.1137,0.1061,0.10065,0.1057,0.12365,0.1064
1194,0.1088,0.1208,0.1106,0.1123,0.107,0.1015,0.1144,0.10805,0.1117
1195,0.1133,0.1029,0.10525,0.1158,0.11615,0.09915,0.1064,0.10215,0.1094
1196,0.11065,0.09575,0.11665,0.12235,0.10885,0.13305,0.1177,0.1149,0.11185
1197,0.1121,0.12005,0.10775,0.1181,0.1334,0.1074,0.11795,0.1172,0.11925
1198,0.1162,0.1048,0.12905,0.11715,0.12675,0.1083,0.11285,0.1038,0.1226
1199,0.10995,0.06905,0.12595,0.11585,0.12195,0.1232,0.11135,0.1083,0.10855
1200,0.11415,0.1355,0.10415,0.1108,0.1403,0.11075,0.1122,0.10445,0.1098
1201,0.109,0.06215,0.10745,0.11725,0.11025,0.10115,0.11545,0.12645,0.1059
1202,0.1137,0.09325,0.11185,0.113,0.12465,0.1167,0.10855,0.0996,0.108
1203,0.1136,0.09205,0.10525,0.12445,0.1161,0.10565,0.1102,0.11145,0.11645
1204,0.11325,0.0737,0.1153,0.11505,0.10355,0.1173,0.10365,0.11855,0.1098
1205,0.11655,0.088,0.1225,0.10575,0.10845,0.11595,0.1063,0.10535,0.1236
1206,0.11235,0.08435,0.11165,0.1086,0.11145,0.1058,0.10695,0.11785,0.1141
1207,0.10935,0.19855,0.1265,0.11245,0.1033,0.114,0.10815,0.1095,0.1043
1208,0.1093,0.09525,0.13145,0.11725,0.0977,0.1099,0.1083,0.1064,0.1148
1209,0.1102,0.07585,0.1019,0.1132,0.1044,0.1133,0.104,0.12205,0.1137
1210,0.11085,0.1035,0.11995,0.1234,0.1166,0.09725,0.1514,0.10695,0.1273
1211,0.10585,0.119,0.12435,0.1039,0.13745,0.10525,0.1104,0.1069,0.1109
1212,0.1156,0.1194,0.12505,0.11955,0.10715,0.1053,0.11075,0.1101,0.1135
1213,0.11235,0.10355,0.10855,0.1185,0.1078,0.12835,0.10345,0.1005,0.1075
1214,0.1133,0.0806,0.10305,0.10385,0.1056,0.10925,0.10405,0.11365,0.1024
1215,0.1103,0.09195,0.1027,0.1178,0.11295,0.11365,0.1103,0.1053,0.1102
1216,0.11345,0.10475,0.11815,0.1125,0.11815,0.1054,0.1168,0.10405,0.1074
1217,0.11095,0.08995,0.1081,0.1171,0.12,0.11445,0.111,0.11035,0.10945
1218,0.10905,0.0868,0.10385,0.1205,0.1007,0.10975,0.1182,0.11495,0.11345
1219,0.11345,0.09125,0.1059,0.11365,0.1043,0.1059,0.12935,0.1224,0.11125
1220,0.11415,0.0958,0.12325,0.1072,0.11615,0.1168,0.1052,0.11845,0.12135
1221,0.1146,0.145,0.134,0.1161,0.1188,0.1261,0.11315,0.1172,0.11495
1222,0.11245,0.18965,0.1205,0.1096,0.117,0.10295,0.10685,0.10305,0.11255
1223,0.1121,0.09715,0.1162,0.11125,0.0962,0.11405,0.10185,0.11055,0.11125
1224,0.11625,0.07725,0.1008,0.10925,0.10445,0.1195,0.12755,0.1058,0.11425
1225,0.1139,0.13205,0.112,0.1163,0.11095,0.128,0.11115,0.1148,0.11885
1226,0.11355,0.09675,0.10085,0.10405,0.09435,0.10895,0.108,0.1093,0.10885
1227,0.11355,0.0651,0.1083,0.11335,0.11365,0.1032,0.10525,0.10955,0.10385
1228,0.10965,0.04435,0.10625,0.11355,0.1212,0.11715,0.11475,0.11175,0.1051
1229,0.1108,0.0509,0.1238,0.1105,0.10865,0.10345,0.10875,0.1084,0.11075
1230,0.11645,0.1281,0.11275,0.12605,0.1178,0.11455,0.10525,0.1161,0.10655
1231,0.1119,0.07915,0.10755,0.11125,0.1118,0.09975,0.11025,0.11515,0.1162
1232,0.1147,0.10995,0.1146,0.10395,0.1065,0.1008,0.1195,0.1162,0.113
1233,0.11055,0.12425,0.10445,0.1092,0.1091,0.1129,0.1028,0.11125,0.11395
1234,0.10815,0.11045,0.11435,0.11835,0.12355,0.1274,0.10655,0.10555,0.11645
1235,0.1069,0.10125,0.1184,0.1104,0.11375,0.0961,0.1204,0.09755,0.12245
1236,0.11085,0.09175,0.1247,0.1073,0.10175,0.11385,0.10425,0.1162,0.11685
1237,0.1143,0.1116,0.1039,0.11575,0.1082,0.1083,0.1102,0.103,0.11285
1238,0.1143,0.0857,0.122,0.10645,0.1108,0.11635,0.1089,0.11285,0.1122
1239,0.10905,0.1459,0.11665,0.1235,0.10295,0.11035,0.11195,0.0998,0.1065
1240,0.1121,0.12615,0.10495,0.10855,0.13835,0.1159,0.10935,0.107,0.11075
1241,0.113,0.1026,0.11305,0.1146,0.11715,0.1061,0.1033,0.1024,0.1101
1242,0.11565,0.11225,0.0947,0.10855,0.1157,0.10765,0.11395,0.108,0.1102
1243,0.1133,0.1505,0.1246,0.1201,0.105,0.13785,0.1039,0.1117,0.12005
1244,0.1146,0.1946,0.1555,0.11325,0.104,0.1074,0.13055,0.11745,0.1101
1245,0.11105,0.0634,0.1525,0.11865,0.11755,0.11095,0.10505,0.11225,0.1184
1246,0.1152,0.07025,0.12975,0.1275,0.0965,0.1111,0.1236,0.1035,0.11155
1247,0.11435,0.0587,0.11745,0.11505,0.12895,0.11505,0.11055,0.1099,0.1111
1248,0.11435,0.0962,0.1367,0.1321,0.1012,0.1015,0.10625,0.10695,0.1185
1249,0.1119,0.08485,0.1154,0.136,0.13135,0.0977,0.11525,0.11645,0.10425
1250,0.1123,0.087,0.11755,0.11435,0.1036,0.13615,0.10355,0.14485,0.11015
1251,0.1111,0.0773,0.09835,0.13075,0.11765,0.1072,0.13785,0.1021,0.11525
1252,0.1062,0.13685,0.10855,0.11595,0.1191,0.11185,0.1084,0.1128,0.10785
1253,0.11245,0.0781,0.11135,0.11355,0.1151,0.11805,0.103,0.11135,0.1056
1254,0.1172,0.1708,0.1065,0.1185,0.09905,0.11155,0.11305,0.12045,0.11015
1255,0.1137,0.0,0.10165,0.1153,0.12535,0.12285,0.10905,0.11385,0.1213
1256,0.11275,0.1389,0.1201,0.11425,0.1232,0.11565,0.11085,0.10625,0.1102
1257,0.1122,0.0618,0.12085,0.1196,0.1083,0.1148,0.11665,0.1118,0.1058
1258,0.11285,0.0922,0.11815,0.11495,0.11175,0.10645,0.1207,0.11785,0.1093
1259,0.11425,0.1167,0.1228,0.11435,0.14005,0.1064,0.10415,0.11055,0.11245
1260,0.1128,0.0706,0.11495,0.11875,0.1181,0.1088,0.1053,0.11235,0.11205
1261,0.1131,0.0816,0.1014,0.1107,0.106,0.0995,0.114,0.11585,0.10915
1262,0.11295,0.08975,0.1047,0.10795,0.12005,0.10245,0.1148,0.10335,0.11325
1263,0.11205,0.12205,0.11745,0.15455,0.1058,0.115,0.12325,0.1034,0.1119
1264,0.1122,0.1637,0.11585,0.11105,0.11575,0.1091,0.1094,0.1035,0.11095
1265,0.11195,0.0631,0.13305,0.11235,0.12015,0.10365,0.1071,0.10895,0.1133
1266,0.11245,0.14775,0.1157,0.1118,0.11035,0.10315,0.10285,0.0978,0.1129
1267,0.11215,0.10565,0.10045,0.111,0.10775,0.1025,0.1099,0.119,0.11225
1268,0.1095,0.0966,0.115,0.11285,0.1156,0.11055,0.14205,0.11325,0.1161
1269,0.11395,0.19375,0.0989,0.10825,0.10645,0.1015,0.10865,0.1146,0.1107
1270,0.11355,0.16215,0.1093,0.11155,0.1744,0.10395,0.1103,0.10935,0.11285
1271,0.1081,0.09185,0.1046,0.1135,0.10765,0.1291,0.1084,0.11185,0.10895
1272,0.1118,0.1055,0.12205,0.1186,0.11535,0.11335,0.11255,0.11795,0.1117
1273,0.1126,0.107,0.10435,0.11235,0.11545,0.1109,0.13055,0.1224,0.0997
1274,0.1109,0.0773,0.11265,0.1069,0.11345,0.118,0.1099,0.10875,0.12415
1275,0.11075,0.09345,0.11305,0.1148,0.1054,0.14855,0.1091,0.1227,0.11905
1276,0.1091,0.09095,0.1075,0.11445,0.11745,0.11315,0.1074,0.10465,0.1104
1277,0.11275,0.09235,0.10155,0.11255,0.1148,0.10285,0.12795,0.10575,0.1043
1278,0.109,0.2409,0.11985,0.11355,0.1172,0.1079,0.1038,0.114,0.1164
1279,0.11045,0.1081,0.11265,0.1121,0.11015,0.10325,0.1139,0.1153,0.1142
1280,0.10895,0.11185,0.1094,0.1226,0.10595,0.10235,0.1061,0.10295,0.1108
1281,0.11375,0.11565,0.09865,0.10945,0.1178,0.10585,0.11065,0.1106,0.1129
1282,0.11465,0.0752,0.1199,0.12025,0.10165,0.12065,0.1193,0.11605,0.11215
1283,0.1136,0.0897,0.1109,0.1085,0.1075,0.12755,0.1191,0.1095,0.1085
1284,0.1132,0.123,0.116,0.12185,0.11665,0.108,0.11245,0.1056,0.10985
1285,0.1126,0.228,0.107,0.11145,0.1213,0.1116,0.11215,0.1157,0.10955
1286,0.10965,0.118,0.13915,0.1103,0.1091,0.1231,0.1349,0.11865,0.1158
1287,0.1091,0.1299,0.12565,0.1105,0.1148,0.10875,0.1406,0.11035,0.1177
1288,0.1111,0.08655,0.0978,0.1151,0.1085,0.11655,0.10155,0.10745,0.1028
1289,0.1099,0.0867,0.11785,0.12865,0.13005,0.10045,0.10845,0.1024,0.09695
1290,0.11055,0.16505,0.12135,0.11705,0.11835,0.1048,0.1137,0.1005,0.111
1291,0.1121,0.1117,0.11385,0.11135,0.10555,0.11095,0.11425,0.1096,0.12045
1292,0.10885,0.09465,0.10875,0.11185,0.12495,0.1213,0.1119,0.12575,0.1098
1293,0.11115,0.0825,0.1307,0.1254,0.1181,0.1077,0.11245,0.09755,0.1134
1294,0.1123,0.11445,0.11755,0.11815,0.12375,0.1317,0.1074,0.10435,0.1135
1295,0.11215,0.07935,0.11715,0.1147,0.11395,0.10665,0.1038,0.11145,0.1183
1296,0.11375,0.08315,0.11475,0.11085,0.1089,0.09935,0.1119,0.0991,0.11185
1297,0.1101,0.0852,0.1082,0.12685,0.10565,0.09765,0.1127,0.11685,0.11415
1298,0.11175,0.083,0.1217,0.1133,0.1092,0.1143,0.1103,0.1067,0.11405
1299,0.1121,0.09055,0.112,0.10895,0.1135,0.0997,0.1083,0.1113,0.10695
1300,0.11155,0.1953,0.1095,0.12115,0.12505,0.12705,0.1064,0.10755,0.1086
1301,0.11115,0.13445,0.1039,0.11415,0.11115,0.10755,0.12105,0.10535,0.11335
1302,0.11425,0.1068,0.0992,0.11215,0.1053,0.12095,0.11625,0.11785,0.1079
1303,0.10935,0.12035,0.1411,0.13355,0.1037,0.1092,0.11445,0.10225,0.1099
1304,0.11065,0.10925,0.11135,0.11875,0.1133,0.11075,0.1146,0.1133,0.1192
1305,0.11305,0.08325,0.1084,0.1134,0.1299,0.1164,0.117,0.1167,0.10715
1306,0.1185,0.15685,0.1045,0.11565,0.13175,0.1103,0.10305,0.11165,0.11565
1307,0.1126,0.1076,0.10695,0.1066,0.11685,0.107,0.1143,0.10535,0.10995
1308,0.1149,0.07505,0.10825,0.11605,0.1164,0.11095,0.1187,0.1102,0.11505
1309,0.11025,0.11855,0.11125,0.12055,0.1124,0.11165,0.1229,0.1156,0.1164
1310,0.11255,0.07325,0.1136,0.1042,0.11265,0.10585,0.11295,0.1333,0.1142
1311,0.1167,0.0789,0.1216,0.109,0.11315,0.11115,0.1072,0.10795,0.11425
1312,0.11325,0.14515,0.1149,0.11555,0.10315,0.1106,0.1162,0.11095,0.11685
1313,0.11125,0.04525,0.1097,0.11555,0.113,0.1317,0.11255,0.1095,0.1123
1314,0.11465,0.1708,0.1171,0.12265,0.11145,0.11135,0.1135,0.10855,0.10745
1315,0.11385,0.09725,0.1163,0.1056,0.1047,0.09925,0.1085,0.123,0.121
1316,0.1114,0.11755,0.10845,0.11505,0.1127,0.1046,0.1008,0.11895,0.11925
1317,0.11205,0.11175,0.1144,0.11345,0.1028,0.1052,0.1159,0.10625,0.11195
1318,0.1151,0.10225,0.1199,0.11935,0.1125,0.11,0.11645,0.1076,0.11135
1319,0.1097,0.0741,0.10605,0.1218,0.1718,0.10695,0.10825,0.1097,0.1218
1320,0.1118,0.10695,0.13345,0.114,0.12365,0.1108,0.10505,0.1207,0.11765
1321,0.11475,0.16465,0.12065,0.1214,0.11365,0.1138,0.11995,0.10085,0.1117
1322,0.1144,0.0692,0.1103,0.12055,0.1057,0.12455,0.109,0.12615,0.11365
1323,0.11005,0.0787,0.11125,0.13025,0.10875,0.105,0.11145,0.12025,0.1107
1324,0.11525,0.1244,0.11325,0.12005,0.10775,0.1134,0.1135,0.11355,0.11365
1325,0.11555,0.1147,0.10255,0.11195,0.1016,0.10645,0.10795,0.11005,0.1123
1326,0.1112,0.11985,0.10505,0.1175,0.1127,0.1121,0.1079,0.10675,0.11185
1327,0.10715,0.11375,0.10175,0.11245,0.1142,0.1103,0.1111,0.10445,0.1096
1328,0.11105,0.06595,0.1149,0.1135,0.12245,0.11625,0.116,0.1218,0.11395
1329,0.1085,0.0941,0.1151,0.1274,0.11885,0.1189,0.1132,0.1131,0.11015
1330,0.1146,0.1136,0.12865,0.12085,0.1115,0.1172,0.1055,0.11465,0.1155
1331,0.1141,0.18425,0.11475,0.11045,0.1168,0.10655,0.1081,0.103,0.11175
1332,0.1131,0.0791,0.12245,0.11275,0.11655,0.1101,0.11335,0.10745,0.102
1333,0.11055,0.09835,0.09395,0.11085,0.1203,0.1095,0.11135,0.1328,0.11195
1334,0.1151,0.0879,0.1107,0.1112,0.11355,0.09765,0.10675,0.1097,0.11135
1335,0.11545,0.188,0.10305,0.1045,0.12,0.1012,0.1078,0.12045,0.117
1336,0.11395,0.11525,0.10675,0.1122,0.108,0.11585,0.11655,0.1115,0.11275
1337,0.11535,0.1099,0.12185,0.11145,0.1101,0.1595,0.1124,0.0988,0.10465
1338,0.1127,0.0704,0.1236,0.11435,0.10935,0.10375,0.11645,0.1039,0.1106
1339,0.11425,0.0986,0.109,0.10335,0.10085,0.12195,0.10555,0.11175,0.1125
1340,0.1142,0.0918,0.11135,0.10985,0.1116,0.11485,0.11335,0.11785,0.10595
1341,0.11235,0.0898,0.1112,0.1172,0.10825,0.10675,0.1132,0.11895,0.102
1342,0.11305,0.09935,0.1037,0.1039,0.09685,0.11235,0.1214,0.10825,0.1139
1343,0.11015,0.1143,0.1001,0.11235,0.1217,0.11095,0.1067,0.1113,0.11005
1344,0.10895,0.09005,0.10795,0.1178,0.114,0.1202,0.13125,0.10945,0.11135
1345,0.1098,0.1361,0.11595,0.1111,0.1032,0.11055,0.10635,0.12545,0.11205
1346,0.11355,0.0913,0.10665,0.10775,0.11135,0.09455,0.10975,0.1091,0.10545
1347,0.111,0.11375,0.11115,0.1049,0.10955,0.118,0.13425,0.10895,0.1104
1348,0.11165,0.1064,0.12805,0.1183,0.12185,0.11405,0.1105,0.1373,0.1147
1349,0.10655,0.1356,0.1163,0.11075,0.1108,0.10055,0.1055,0.1101,0.1184
1350,0.1133,0.09215,0.11755,0.11865,0.10355,0.1084,0.1063,0.10665,0.1033
1351,0.11115,0.09065,0.12565,0.12405,0.1078,0.1141,0.1077,0.10525,0.1095
1352,0.11195,0.1356,0.1079,0.1111,0.10365,0.11015,0.10835,0.10825,0.12055
1353,0.11105,0.10155,0.10635,0.10945,0.1099,0.1261,0.10375,0.1116,0.1105
1354,0.11165,0.09815,0.10325,0.11655,0.11305,0.10815,0.11475,0.1007,0.10485
1355,0.11505,0.111,0.13805,0.11535,0.107,0.1176,0.10875,0.1075,0.122
1356,0.1126,0.10895,0.1162,0.114,0.1101,0.1195,0.1061,0.1044,0.1113
1357,0.10985,0.1231,0.11045,0.10915,0.09775,0.12025,0.1113,0.1106,0.11235
1358,0.10995,0.1258,0.12595,0.13095,0.1104,0.1077,0.1155,0.10995,0.1094
1359,0.11205,0.0952,0.15405,0.11115,0.11715,0.1167,0.11015,0.1084,0.11485
1360,0.1096,0.07315,0.0978,0.1156,0.11735,0.10535,0.10475,0.1059,0.1105
1361,0.11045,0.10585,0.1123,0.1103,0.1026,0.11345,0.12315,0.10215,0.11585
1362,0.10785,0.12675,0.10345,0.115,0.1067,0.1151,0.11395,0.1086,0.1156
1363,0.11335,0.0922,0.10805,0.13535,0.1046,0.1073,0.1149,0.1087,0.11635
1364,0.1108,0.10175,0.1124,0.1144,0.1097,0.10845,0.11095,0.0997,0.11805
1365,0.11215,0.11355,0.11385,0.11625,0.11335,0.1035,0.1097,0.1289,0.1027
1366,0.1147,0.0815,0.10655,0.1278,0.11225,0.10175,0.11135,0.1045,0.1195
1367,0.11145,0.07265,0.11395,0.1629,0.11605,0.11065,0.1068,0.1126,0.11075
1368,0.1117,0.0898,0.1161,0.11625,0.12725,0.12155,0.10455,0.1113,0.11085
1369,0.10975,0.1002,0.1067,0.11055,0.11815,0.13035,0.10645,0.1095,0.1017
1370,0.108,0.07155,0.10145,0.1196,0.11385,0.11485,0.10265,0.10015,0.10755
1371,0.11045,0.241,0.10795,0.11615,0.11385,0.11785,0.1216,0.1048,0.1125
1372,0.11265,0.1438,0.10995,0.1203,0.1105,0.09485,0.1138,0.1077,0.1057
1373,0.1145,0.0947,0.10405,0.11225,0.1111,0.10405,0.1068,0.1148,0.1097
1374,0.1151,0.137,0.1908,0.1145,0.1311,0.10585,0.1153,0.1095,0.1226
1375,0.10915,0.09035,0.1128,0.12035,0.1208,0.12505,0.1111,0.12005,0.1102
1376,0.11415,0.12265,0.10945,0.1227,0.1143,0.10245,0.10935,0.1018,0.1115
1377,0.1147,0.192,0.10175,0.1203,0.10315,0.12065,0.1114,0.103,0.1155
1378,0.1158,0.0691,0.10585,0.11985,0.10415,0.11035,0.11715,0.09985,0.1137
1379,0.1149,0.1031,0.115,0.12915,0.11775,0.1075,0.11885,0.11175,0.1168
1380,0.1118,0.0788,0.1261,0.11035,0.1298,0.1173,0.104,0.1095,0.11375
1381,0.1154,0.1381,0.09715,0.1126,0.1226,0.1119,0.11855,0.11665,0.10615
1382,0.1134,0.0467,0.10605,0.10595,0.11295,0.1166,0.11,0.11145,0.10745
1383,0.10995,0.11925,0.1135,0.1195,0.12145,0.10795,0.101,0.11275,0.12015
1384,0.1147,0.10485,0.1066,0.1102,0.11695,0.12675,0.10825,0.11855,0.1071
1385,0.11175,0.1226,0.11835,0.1117,0.11505,0.1007,0.11775,0.1141,0.11565
1386,0.1142,0.10275,0.11455,0.11875,0.11615,0.1344,0.1167,0.1082,0.11155
1387,0.1121,0.0925,0.1111,0.12445,0.10735,0.10675,0.11585,0.1067,0.1093
1388,0.11235,0.08265,0.12005,0.11195,0.1225,0.11645,0.1037,0.10815,0.11085
1389,0.1117,0.0848,0.13215,0.11865,0.1172,0.0986,0.11165,0.10245,0.11455
1390,0.11205,0.10115,0.11345,0.10885,0.1151,0.107,0.1085,0.10525,0.11355
1391,0.1129,0.1298,0.1174,0.10765,0.1443,0.1154,0.116,0.1194,0.11135
1392,0.11305,0.0787,0.114,0.10915,0.11235,0.125,0.10715,0.10045,0.1172
1393,0.11355,0.09615,0.11525,0.1095,0.10635,0.1205,0.10665,0.1111,0.11055
1394,0.1125,0.0952,0.1085,0.104,0.15105,0.11585,0.10645,0.10355,0.1099
1395,0.1065,0.1692,0.11805,0.1135,0.11655,0.09855,0.1193,0.10995,0.1115
1396,0.1158,0.0741,0.11815,0.1133,0.10435,0.0967,0.11435,0.1079,0.1167
1397,0.11675,0.08005,0.1063,0.1077,0.1114,0.1581,0.11415,0.1077,0.12295
1398,0.111,0.0737,0.10655,0.11205,0.11655,0.1112,0.1175,0.1126,0.1077
1399,0.1109,0.1132,0.1141,0.12355,0.11815,0.10005,0.108,0.1151,0.1058
1400,0.1142,0.08015,0.10865,0.10695,0.1148,0.1111,0.1046,0.0985,0.1131
1401,0.1129,0.1369,0.12105,0.11185,0.1129,0.0997,0.1155,0.1092,0.1143
1402,0.11725,0.1489,0.12425,0.1211,0.10815,0.09485,0.1112,0.1096,0.1086
1403,0.11215,0.1121,0.1032,0.1143,0.10125,0.1012,0.1021,0.1097,0.11775
1404,0.1124,0.1001,0.10525,0.11525,0.20695,0.10865,0.1183,0.10395,0.1111
1405,0.1074,0.08855,0.10355,0.11075,0.113,0.0962,0.1055,0.1267,0.1072
1406,0.11065,0.09485,0.1191,0.12655,0.10805,0.10175,0.10845,0.1069,0.1143
1407,0.1115,0.1034,0.10505,0.1094,0.11175,0.1084,0.11105,0.10675,0.11065
1408,0.11275,0.106,0.1017,0.11525,0.1222,0.1084,0.11625,0.1154,0.11895
1409,0.11,0.0809,0.1106,0.11755,0.11185,0.1008,0.1063,0.11965,0.1118
1410,0.11065,0.0979,0.1217,0.12185,0.1143,0.1092,0.1142,0.10845,0.1246
1411,0.113,0.11165,0.13325,0.1145,0.13565,0.10565,0.10815,0.1027,0.1123
1412,0.11025,0.07935,0.10995,0.12075,0.10945,0.11045,0.1146,0.10705,0.106
1413,0.1107,0.14755,0.11775,0.11255,0.1176,0.12325,0.11205,0.11095,0.1114
1414,0.1066,0.2372,0.128,0.1227,0.10675,0.11465,0.1057,0.1208,0.1119
1415,0.1113,0.1094,0.1054,0.11215,0.1082,0.12135,0.11135,0.10105,0.11395
1416,0.11375,0.1297,0.1192,0.11865,0.10965,0.1006,0.11315,0.096,0.1088
1417,0.1127,0.0972,0.10445,0.105,0.1111,0.11985,0.1035,0.1053,0.112
1418,0.11405,0.0794,0.1165,0.10725,0.10385,0.12495,0.10925,0.10375,0.1122
1419,0.10695,0.10825,0.1153,0.1193,0.1054,0.10065,0.1177,0.1142,0.1141
1420,0.11335,0.0804,0.12655,0.10945,0.11735,0.0963,0.105,0.1083,0.11485
1421,0.116,0.12335,0.12905,0.11455,0.11345,0.1068,0.1269,0.1119,0.1091
1422,0.1128,0.1183,0.1069,0.1199,0.11535,0.11495,0.1123,0.1253,0.1135
1423,0.1118,0.1143,0.10205,0.1135,0.10095,0.1155,0.118,0.11325,0.121
1424,0.11575,0.1035,0.11625,0.1174,0.1086,0.1176,0.11205,0.1007,0.10925
1425,0.1087,0.08535,0.1138,0.11285,0.12965,0.1108,0.118,0.11305,0.11005
1426,0.10885,0.0621,0.11805,0.1105,0.1138,0.1005,0.1099,0.1155,0.10935
1427,0.11175,0.1678,0.116,0.12645,0.1085,0.1242,0.10585,0.10245,0.11535
1428,0.1124,0.1191,0.11635,0.11505,0.14305,0.1062,0.1121,0.1002,0.1075
1429,0.1137,0.07915,0.11145,0.1206,0.1062,0.1036,0.11225,0.12605,0.1125
1430,0.1121,0.0776,0.1095,0.10475,0.1169,0.1073,0.1185,0.11275,0.1085
1431,0.1123,0.09855,0.11355,0.11635,0.1358,0.11475,0.1076,0.1081,0.11835
1432,0.1123,0.0998,0.10545,0.1109,0.11355,0.10495,0.1094,0.11,0.1175
1433,0.1124,0.11105,0.11005,0.1255,0.1022,0.124,0.1067,0.11095,0.10845
1434,0.1134,0.0861,0.12545,0.11605,0.1048,0.1092,0.10365,0.12835,0.1217
1435,0.1107,0.13605,0.11445,0.12635,0.1047,0.11625,0.1046,0.1205,0.1168
1436,0.1118,0.10505,0.1141,0.13425,0.1012,0.1162,0.11145,0.11185,0.1131
1437,0.11375,0.15085,0.11225,0.11515,0.12215,0.1135,0.1074,0.11625,0.11335
1438,0.1115,0.0922,0.1177,0.11245,0.11075,0.1067,0.1227,0.0951,0.109
1439,0.11255,0.40015,0.1066,0.1112,0.10575,0.1217,0.1241,0.1203,0.10895
1440,0.1134,0.0992,0.1058,0.10755,0.1408,0.12745,0.1044,0.1134,0.116
1441,0.1082,0.1897,0.10305,0.1211,0.10155,0.1064,0.10925,0.12805,0.10215
1442,0.1153,0.0881,0.1116,0.10945,0.1172,0.1081,0.109,0.1096,0.10915
1443,0.11375,0.08385,0.1142,0.11955,0.1118,0.0985,0.105,0.1267,0.11375
1444,0.11125,0.12375,0.1032,0.1159,0.11255,0.14935,0.11725,0.10585,0.1172
1445,0.114,0.0961,0.115,0.1167,0.12535,0.0985,0.11765,0.10835,0.12455
1446,0.1116,0.0736,0.1276,0.11295,0.1242,0.109,0.11485,0.0922,0.1022
1447,0.1116,0.13645,0.119,0.10915,0.11045,0.11185,0.12145,0.10585,0.11555
1448,0.11295,0.0572,0.1159,0.119,0.11265,0.1387,0.10565,0.11025,0.11675
1449,0.11015,0.1084,0.1032,0.1347,0.10995,0.10565,0.1161,0.1097,0.1119
1450,0.1157,0.0979,0.11435,0.11495,0.10925,0.1312,0.11035,0.1122,0.11605
1451,0.10945,0.11355,0.11205,0.11025,0.11505,0.1138,0.1045,0.1141,0.10225
1452,0.1152,0.1392,0.13415,0.1215,0.1069,0.1193,0.10095,0.11065,0.1107
1453,0.11125,0.1614,0.11015,0.1088,0.12235,0.1311,0.11015,0.10235,0.11395
1454,0.10915,0.04975,0.132,0.12225,0.11625,0.1228,0.11145,0.1129,0.1065
1455,0.1082,0.0689,0.11745,0.11615,0.1023,0.12515,0.10085,0.1094,0.1224
1456,0.11635,0.14785,0.12195,0.11005,0.1153,0.1008,0.11335,0.12855,0.11135
1457,0.10685,0.09265,0.1102,0.115,0.10125,0.11175,0.1111,0.10755,0.11475
1458,0.10915,0.098,0.1079,0.1091,0.12135,0.1049,0.1069,0.11395,0.12205
1459,0.111,0.0986,0.12075,0.12,0.1205,0.1107,0.1095,0.10875,0.11665
1460,0.11305,0.1408,0.116,0.1281,0.1074,0.10925,0.1149,0.1133,0.11515
1461,0.1104,0.1642,0.1196,0.11775,0.12475,0.10795,0.10615,0.11985,0.12545
1462,0.1108,0.06915,0.1149,0.1066,0.1215,0.0925,0.1057,0.1198,0.1172
1463,0.11035,0.1083,0.1256,0.1157,0.10355,0.1207,0.111,0.1073,0.11355
1464,0.1062,0.12475,0.11365,0.11185,0.10995,0.11225,0.157,0.1226,0.11875
1465,0.1124,0.08295,0.11155,0.11395,0.11215,0.1193,0.10675,0.10565,0.10145
1466,0.1153,0.10005,0.105,0.11465,0.1094,0.11155,0.1007,0.106,0.10645
1467,0.1107,0.096,0.10865,0.11585,0.10205,0.1219,0.1053,0.1182,0.1101
1468,0.11135,0.0664,0.108,0.1086,0.1083,0.09525,0.11295,0.09815,0.1064
1469,0.11505,0.05065,0.11205,0.1123,0.11475,0.1096,0.1237,0.1042,0.1107
1470,0.10965,0.08105,0.1058,0.10875,0.1207,0.1193,0.11465,0.10895,0.11465
1471,0.1099,0.0828,0.09815,0.11085,0.12165,0.09045,0.1077,0.10615,0.11915
1472,0.1145,0.14115,0.12065,0.1111,0.07965,0.1146,0.1055,0.10445,0.1163
1473,0.11575,0.0975,0.10675,0.1592,0.1197,0.1081,0.10565,0.11315,0.1104
1474,0.1131,0.06995,0.13125,0.11545,0.109,0.1191,0.1142,0.10665,0.11265
1475,0.1137,0.1564,0.11255,0.1152,0.1118,0.10565,0.1217,0.11685,0.11155
1476,0.11285,0.14625,0.1081,0.1011,0.1087,0.1074,0.10775,0.1141,0.1161
1477,0.10955,0.1093,0.10535,0.1169,0.1128,0.1044,0.1045,0.10945,0.1092
1478,0.1095,0.1051,0.1006,0.11135,0.1176,0.10815,0.11465,0.12295,0.10895
1479,0.1143,0.1881,0.10905,0.11745,0.1143,0.1042,0.10955,0.1081,0.1143
1480,0.10915,0.11705,0.1126,0.1163,0.11,0.09635,0.11135,0.10095,0.1044
1481,0.1142,0.1669,0.10945,0.11535,0.12365,0.11715,0.11355,0.12595,0.10245
1482,0.11085,0.14895,0.11045,0.11385,0.10615,0.09275,0.1077,0.10825,0.10955
1483,0.1111,0.1052,0.109,0.1305,0.1039,0.11645,0.10765,0.11175,0.0999
1484,0.1106,0.14575,0.124,0.10975,0.1102,0.1055,0.1206,0.12925,0.1142
1485,0.11165,0.0855,0.1134,0.11185,0.1182,0.10825,0.11985,0.11265,0.1236
1486,0.1114,0.0607,0.11875,0.1062,0.1148,0.11475,0.10615,0.0991,0.11555
1487,0.11285,0.106,0.1094,0.1271,0.10405,0.10395,0.10415,0.10575,0.1137
1488,0.11395,0.1737,0.1153,0.11065,0.13115,0.10825,0.1183,0.11615,0.10875
1489,0.1142,0.08675,0.11115,0.1091,0.11925,0.0979,0.10625,0.13915,0.1203
1490,0.10825,0.13645,0.1121,0.11825,0.11195,0.10935,0.11365,0.09475,0.11265
1491,0.10955,0.1603,0.1042,0.1159,0.11525,0.1128,0.1133,0.0979,0.10745
1492,0.1121,0.10885,0.10695,0.1364,0.1184,0.10935,0.1217,0.1078,0.1087
1493,0.1127,0.11275,0.15285,0.10985,0.12665,0.1047,0.10925,0.1105,0.1151
1494,0.1138,0.1136,0.1256,0.1197,0.1218,0.1043,0.11435,0.1131,0.1037
1495,0.1097,0.09695,0.09575,0.1163,0.11335,0.1242,0.1063,0.1115,0.10515
1496,0.11665,0.10835,0.10555,0.11445,0.12035,0.1102,0.11605,0.11025,0.11865
1497,0.1103,0.1277,0.1072,0.11285,0.13495,0.1169,0.10225,0.1177,0.10645
1498,0.11025,0.12765,0.1069,0.1283,0.10955,0.11855,0.1123,0.104,0.1058
1499,0.1118,0.08675,0.1079,0.11675,0.1114,0.1156,0.111,0.11465,0.11475
1500,0.1085,0.09195,0.10485,0.11145,0.12285,0.1078,0.10985,0.10185,0.1086
1501,0.1125,0.09575,0.116,0.11345,0.11115,0.10425,0.1078,0.12115,0.1164
1502,0.11105,0.1334,0.11435,0.12755,0.10525,0.1112,0.1157,0.10915,0.11095
1503,0.1109,0.0922,0.1162,0.10535,0.104,0.12615,0.10545,0.1238,0.12125
1504,0.1124,0.0923,0.13,0.1073,0.10115,0.10625,0.1172,0.10545,0.10575
1505,0.1115,0.0979,0.1208,0.1099,0.11905,0.10625,0.11335,0.11535,0.11175
1506,0.1133,0.1031,0.11225,0.1114,0.1186,0.106,0.1143,0.12295,0.11135
1507,0.1084,0.09075,0.1192,0.1076,0.11265,0.10765,0.1144,0.1232,0.1141
1508,0.1145,0.2101,0.11025,0.1202,0.11465,0.09835,0.1069,0.10195,0.1156
1509,0.11495,0.09345,0.13235,0.1077,0.1139,0.11965,0.11235,0.12075,0.105
1510,0.11415,0.0935,0.13485,0.10485,0.1116,0.11125,0.11615,0.1014,0.1133
1511,0.10985,0.10105,0.1013,0.1084,0.1266,0.11825,0.12015,0.0954,0.1114
1512,0.10985,0.397,0.11845,0.12025,0.11955,0.11565,0.11035,0.11025,0.11365
1513,0.11175,0.16325,0.0966,0.11625,0.1173,0.1031,0.12215,0.11925,0.1175
1514,0.11075,0.12625,0.10145,0.11245,0.1177,0.1039,0.1155,0.1205,0.12515
1515,0.1126,0.1135,0.12485,0.11015,0.1069,0.11035,0.10945,0.10865,0.1084
1516,0.10495,0.11765,0.1274,0.11155,0.1083,0.10765,0.10655,0.11375,0.1172
1517,0.10835,0.1625,0.17335,0.11175,0.11185,0.1237,0.1181,0.1207,0.1071
1518,0.11185,0.14155,0.12035,0.1253,0.1024,0.1307,0.10675,0.10395,0.10805
1519,0.11745,0.13985,0.1024,0.10705,0.1057,0.11595,0.1104,0.11295,0.1089
1520,0.1138,0.1053,0.1218,0.11305,0.11585,0.09925,0.11115,0.10825,0.112
1521,0.11205,0.08485,0.1228,0.1147,0.12415,0.1189,0.12135,0.1107,0.11655
1522,0.1138,0.08135,0.10725,0.12575,0.11455,0.13615,0.10855,0.10845,0.1112
1523,0.11005,0.0857,0.10525,0.1093,0.1149,0.10225,0.11075,0.1181,0.11375
1524,0.1096,0.09555,0.1071,0.11,0.1127,0.11765,0.1088,0.11085,0.11595
1525,0.1097,0.0923,0.1135,0.11255,0.10815,0.10215,0.13395,0.1064,0.10395
1526,0.10985,0.15235,0.10725,0.10505,0.10555,0.1289,0.11135,0.10235,0.12525
1527,0.1121,0.08865,0.1204,0.11385,0.10705,0.1124,0.10675,0.1031,0.1061
1528,0.11045,0.0899,0.117,0.1024,0.11585,0.1227,0.11755,0.1133,0.1159
1529,0.11295,0.09,0.12015,0.11985,0.1093,0.1228,0.1153,0.12405,0.108
1530,0.1097,0.0889,0.10585,0.11465,0.121,0.104,0.12515,0.10245,0.1076
1531,0.11475,0.1344,0.1094,0.1177,0.10015,0.1162,0.1164,0.12025,0.11435
1532,0.1144,0.1571,0.1001,0.10535,0.11685,0.1002,0.1215,0.115,0.11935
1533,0.1134,0.08215,0.1302,0.1129,0.1094,0.10755,0.1048,0.11375,0.11705
1534,0.11305,0.077,0.10825,0.11545,0.11755,0.116,0.1075,0.1094,0.1111
1535,0.11525,0.10265,0.10335,0.1115,0.11195,0.13885,0.1084,0.11305,0.11185
1536,0.11055,0.1466,0.1188,0.1209,0.12645,0.10775,0.10765,0.11875,0.1085
1537,0.11185,0.08955,0.10625,0.1064,0.11415,0.0976,0.11005,0.1166,0.10705
1538,0.10735,0.1071,0.10675,0.11185,0.11235,0.1181,0.1064,0.10385,0.10955
1539,0.11105,0.13035,0.1088,0.1088,0.1223,0.1115,0.10945,0.1169,0.1068
1540,0.1141,0.1251,0.1155,0.12125,0.11285,0.1177,0.12675,0.1443,0.1075
1541,0.1099,0.09365,0.1093,0.1103,0.1083,0.109,0.1062,0.1149,0.10395
1542,0.1127,0.09555,0.10625,0.1225,0.1075,0.11005,0.1092,0.11225,0.10515
1543,0.11155,0.1212,0.1175,0.11285,0.12785,0.11335,0.1074,0.11415,0.10695
1544,0.11005,0.1019,0.11275,0.112,0.11015,0.11055,0.12175,0.10745,0.10875
1545,0.11205,0.12235,0.111,0.12615,0.1225,0.102,0.10915,0.1265,0.11145
1546,0.11325,0.07405,0.1023,0.12185,0.1056,0.11105,0.11255,0.1202,0.112
1547,0.1111,0.10025,0.11935,0.1098,0.16415,0.1066,0.1228,0.1082,0.11665
1548,0.11445,0.07805,0.1201,0.1065,0.1126,0.1193,0.10885,0.12165,0.1051
1549,0.11575,0.1833,0.0963,0.13205,0.11985,0.10045,0.11675,0.1171,0.113
1550,0.1145,0.08,0.10715,0.1255,0.11395,0.11475,0.16325,0.1282,0.11405
1551,0.1173,0.1252,0.09935,0.1115,0.10975,0.1357,0.11045,0.1077,0.10485
1552,0.1125,0.1398,0.1221,0.12265,0.1087,0.11455,0.1182,0.1122,0.1109
1553,0.10785,0.08615,0.11555,0.1116,0.1164,0.0979,0.10465,0.10265,0.10805
1554,0.1094,0.06575,0.11125,0.10395,0.10585,0.10785,0.1081,0.1074,0.11485
1555,0.11155,0.07735,0.10965,0.1069,0.11985,0.1075,0.1104,0.1171,0.10795
1556,0.1093,0.11735,0.14445,0.1151,0.1057,0.09375,0.10885,0.11665,0.1023
1557,0.10895,0.10755,0.11335,0.11365,0.1047,0.1056,0.11785,0.10445,0.1156
1558,0.11225,0.09825,0.10765,0.1398,0.14615,0.1025,0.1095,0.1138,0.10545
1559,0.10915,0.05825,0.1359,0.12075,0.11005,0.1005,0.1091,0.11,0.1037
1560,0.11305,0.17415,0.11835,0.126,0.11175,0.1146,0.1007,0.1346,0.1215
1561,0.1121,0.07065,0.1148,0.1097,0.1086,0.11685,0.1053,0.1074,0.115
1562,0.10915,0.10855,0.1178,0.10825,0.11295,0.09275,0.10845,0.11755,0.11065
1563,0.1165,0.13685,0.1076,0.10785,0.1061,0.10625,0.11325,0.1128,0.11105
1564,0.11365,0.12885,0.1184,0.12855,0.1215,0.1166,0.1159,0.1228,0.11025
1565,0.1112,0.1214,0.12185,0.12905,0.1081,0.1073,0.10465,0.11155,0.11285
1566,0.116,0.1961,0.10825,0.11645,0.1021,0.112,0.1131,0.1129,0.11775
1567,0.11215,0.08455,0.1268,0.11935,0.10755,0.14945,0.1054,0.103,0.11985
1568,0.1095,0.0994,0.09855,0.11655,0.11315,0.10365,0.10745,0.111,0.1156
1569,0.1138,0.2016,0.1345,0.124,0.104,0.11475,0.136,0.1159,0.1119
1570,0.1096,0.0683,0.1155,0.11325,0.1175,0.10525,0.11675,0.1075,0.11605
1571,0.1073,0.0764,0.10325,0.1176,0.11635,0.10415,0.11175,0.1078,0.1094
1572,0.11415,0.0876,0.10505,0.1114,0.12225,0.1101,0.10455,0.10685,0.1086
1573,0.11525,0.1037,0.1016,0.1122,0.11555,0.11975,0.10765,0.1073,0.1091
1574,0.1117,0.089,0.11535,0.12155,0.10535,0.13265,0.1408,0.1135,0.11705
1575,0.1135,0.1362,0.1227,0.11235,0.11085,0.11635,0.1099,0.1052,0.109
1576,0.11085,0.14765,0.10685,0.1086,0.12495,0.11715,0.1058,0.1159,0.1043
1577,0.11045,0.1063,0.115,0.11545,0.1124,0.1014,0.11295,0.1032,0.1127
1578,0.11505,0.0946,0.12245,0.1195,0.1108,0.11565,0.12195,0.0968,0.10405
1579,0.114,0.11375,0.11105,0.1042,0.11395,0.10845,0.1217,0.113,0.1098
1580,0.11585,0.13755,0.11815,0.1068,0.1224,0.1003,0.1217,0.10555,0.10445
1581,0.1113,0.0904,0.12365,0.1246,0.10895,0.11355,0.1089,0.1276,0.1042
1582,0.1107,0.1114,0.12035,0.1148,0.1073,0.1192,0.11105,0.1086,0.11955
1583,0.1149,0.08715,0.1193,0.1053,0.1016,0.0986,0.1134,0.1077,0.11115
1584,0.10955,0.08855,0.10815,0.1119,0.1115,0.11455,0.1065,0.1026,0.11135
1585,0.11275,0.0871,0.1103,0.1106,0.12645,0.1121,0.11305,0.1124,0.11395
1586,0.11385,0.1411,0.1059,0.1107,0.1093,0.11665,0.1092,0.1096,0.1195
1587,0.11365,0.22375,0.1115,0.12475,0.10235,0.11,0.1129,0.1225,0.1128
1588,0.1097,0.1088,0.1091,0.11375,0.1135,0.1153,0.1053,0.11025,0.1057
1589,0.11245,0.15435,0.12025,0.1238,0.1355,0.1191,0.1028,0.13295,0.1114
1590,0.1108,0.1343,0.12195,0.11855,0.10685,0.11615,0.1101,0.1127,0.11495
1591,0.11185,0.1306,0.11455,0.11845,0.1221,0.1111,0.1164,0.1119,0.11155
1592,0.112,0.09245,0.12905,0.1106,0.10435,0.1039,0.1189,0.11335,0.1139
1593,0.11,0.1527,0.1116,0.11225,0.1089,0.11755,0.12025,0.1073,0.112
1594,0.1128,0.15215,0.11875,0.13205,0.11325,0.11155,0.11785,0.1079,0.11645
1595,0.1111,0.1454,0.10875,0.1107,0.10475,0.10585,0.11105,0.10385,0.1107
1596,0.1122,0.07995,0.10055,0.11215,0.11565,0.11155,0.10195,0.11895,0.11355
1597,0.1116,0.12205,0.1004,0.11135,0.10165,0.11365,0.1092,0.1417,0.109
1598,0.1129,0.0971,0.1022,0.1049,0.1098,0.10425,0.1067,0.11035,0.1041
1599,0.10975,0.0654,0.09375,0.11245,0.1115,0.09725,0.122,0.10085,0.1153
1600,0.1096,0.13205,0.1137,0.11245,0.13025,0.1302,0.1241,0.10785,0.11315
1601,0.1139,0.09615,0.1198,0.1095,0.11515,0.13465,0.1065,0.11225,0.10985
1602,0.10775,0.0817,0.1035,0.1109,0.10095,0.10655,0.10975,0.10855,0.1081
1603,0.114,0.15045,0.10445,0.11605,0.1186,0.1155,0.1168,0.1038,0.109
1604,0.1132,0.0966,0.116,0.11195,0.11675,0.12975,0.11085,0.10955,0.111
1605,0.10845,0.1311,0.1214,0.0976,0.11185,0.1201,0.11265,0.10345,0.1188
1606,0.1143,0.1132,0.1484,0.1205,0.1021,0.10365,0.105,0.10705,0.1018
1607,0.115,0.12485,0.10555,0.11435,0.10345,0.1094,0.11815,0.10665,0.1168
1608,0.11155,0.08165,0.10405,0.1151,0.1176,0.1976,0.1081,0.106,0.1137
1609,0.11145,0.16455,0.11355,0.1085,0.1116,0.10915,0.1028,0.101,0.11345
1610,0.10725,0.1004,0.10745,0.11425,0.11215,0.1157,0.12,0.10775,0.1165
1611,0.11145,0.07825,0.1016,0.11005,0.106,0.1114,0.12125,0.1016,0.1145
1612,0.11155,0.08995,0.1073,0.13545,0.11195,0.14295,0.10995,0.10875,0.1135
1613,0.11295,0.0984,0.1042,0.1133,0.1115,0.12415,0.1101,0.0927,0.1174
1614,0.1099,0.10655,0.1047,0.1074,0.1134,0.1195,0.114,0.1004,0.1179
1615,0.11285,0.1145,0.11825,0.11965,0.1122,0.1095,0.1079,0.114,0.10915
1616,0.11175,0.09295,0.1308,0.1114,0.1178,0.11225,0.11295,0.14135,0.113
1617,0.11075,0.12755,0.1198,0.12405,0.11545,0.1002,0.1072,0.10555,0.1201
1618,0.1158,0.17485,0.11495,0.1064,0.1054,0.11625,0.1123,0.11345,0.10825
1619,0.11165,0.08125,0.11215,0.112,0.1057,0.11765,0.1127,0.09385,0.1105
1620,0.1129,0.10185,0.12295,0.11245,0.11135,0.1053,0.11715,0.09805,0.10425
1621,0.1098,0.11775,0.13445,0.11475,0.1091,0.09935,0.1017,0.11005,0.11215
1622,0.1126,0.10025,0.11365,0.1039,0.1029,0.1034,0.1149,0.10965,0.109
1623,0.11095,0.06895,0.1217,0.1173,0.1146,0.10525,0.11435,0.10665,0.11115
1624,0.1162,0.1836,0.1212,0.11475,0.1129,0.11315,0.10985,0.1171,0.1105
1625,0.1125,0.1446,0.1172,0.1046,0.09545,0.09355,0.1019,0.1057,0.11185
1626,0.11135,0.0825,0.11775,0.1134,0.11335,0.11075,0.1014,0.1202,0.10675
1627,0.1119,0.09845,0.09775,0.11895,0.10345,0.1355,0.10865,0.1008,0.11795
1628,0.1137,0.06965,0.2393,0.1178,0.10725,0.1027,0.1011,0.132,0.11555
1629,0.1126,0.1166,0.10645,0.12125,0.1166,0.1038,0.11,0.10205,0.1078
1630,0.11505,0.0955,0.11465,0.11585,0.1166,0.1094,0.10935,0.10545,0.1036
1631,0.11405,0.09605,0.10605,0.11445,0.115,0.1095,0.11275,0.11955,0.1113
1632,0.1138,0.09635,0.10165,0.10955,0.10815,0.10325,0.1178,0.11065,0.11405
1633,0.11175,0.1745,0.11355,0.117,0.1064,0.11705,0.1135,0.1102,0.116
1634,0.1146,0.071,0.1185,0.1078,0.11465,0.0964,0.11565,0.102,0.1133
1635,0.1124,0.06815,0.1157,0.111,0.10605,0.1042,0.1148,0.1176,0.10965
1636,0.1146,0.0989,0.1186,0.12025,0.12475,0.12745,0.0992,0.11425,0.12095
1637,0.1147,0.1496,0.1187,0.12155,0.11745,0.10535,0.11005,0.1614,0.10715
1638,0.10965,0.10505,0.1359,0.10895,0.10615,0.1067,0.1122,0.10635,0.1097
1639,0.1144,0.10095,0.1019,0.11915,0.10255,0.0958,0.10885,0.1149,0.10935
1640,0.1101,0.18935,0.10625,0.1149,0.12865,0.10415,0.1238,0.1171,0.11625
1641,0.1099,0.083,0.10245,0.1184,0.1216,0.1083,0.14725,0.3017,0.11505
1642,0.11165,0.1026,0.1183,0.1142,0.1088,0.117,0.1085,0.10625,0.11495
1643,0.11325,0.0986,0.1082,0.1127,0.10855,0.1127,0.11045,0.09855,0.11175
1644,0.11485,0.1184,0.10935,0.11745,0.1143,0.10945,0.1122,0.10135,0.1152
1645,0.11525,0.11885,0.13545,0.11455,0.11385,0.1254,0.11065,0.1278,0.11715
1646,0.11145,0.112,0.11115,0.1369,0.108,0.1048,0.11165,0.1077,0.1153
1647,0.11775,0.107,0.10815,0.1158,0.1089,0.11145,0.11355,0.1053,0.10715
1648,0.11375,0.0977,0.10315,0.12245,0.11865,0.10775,0.1039,0.1248,0.11495
1649,0.11255,0.1248,0.1139,0.11375,0.11025,0.12175,0.1027,0.10055,0.11235
1650,0.1103,0.1089,0.0989,0.1176,0.10905,0.1119,0.1117,0.09275,0.10505
1651,0.10825,0.0934,0.1013,0.1074,0.1121,0.1159,0.11405,0.1002,0.1094
1652,0.1107,0.07445,0.1277,0.1129,0.1033,0.10655,0.1104,0.1151,0.1083
1653,0.1145,0.20025,0.1141,0.10565,0.1053,0.10555,0.1072,0.11475,0.11225
1654,0.11275,0.0646,0.10285,0.113,0.11395,0.12095,0.0974,0.11185,0.11425
1655,0.1126,0.08595,0.10015,0.11315,0.1308,0.1132,0.1139,0.09785,0.1113
1656,0.1113,0.0991,0.10275,0.11855,0.1096,0.1052,0.1053,0.10505,0.12305
1657,0.1132,0.57365,0.11245,0.1082,0.10275,0.1098,0.11185,0.11035,0.11435
1658,0.11285,0.122,0.1091,0.10895,0.11115,0.13135,0.11365,0.13475,0.1073
1659,0.1166,0.13175,0.11705,0.11235,0.1039,0.1155,0.11875,0.12835,0.1242
1660,0.11115,0.10935,0.11115,0.116,0.11385,0.1598,0.11675,0.10915,0.11975
1661,0.1152,0.17985,0.1241,0.1174,0.0965,0.1055,0.11415,0.10195,0.1189
1662,0.11245,0.1808,0.13625,0.11285,0.1116,0.11535,0.1257,0.1167,0.11885
1663,0.1122,0.0727,0.10875,0.11935,0.1278,0.10825,0.1168,0.1097,0.11365
1664,0.10975,0.11625,0.12045,0.11025,0.1147,0.11015,0.1097,0.10635,0.10775
1665,0.1128,0.0804,0.10625,0.1066,0.1165,0.12985,0.11525,0.11055,0.1111
1666,0.1147,0.1083,0.10085,0.1154,0.10725,0.1272,0.10875,0.10975,0.11485
1667,0.11115,0.10435,0.10115,0.1053,0.11485,0.1058,0.10735,0.11045,0.1095
1668,0.1083,0.11195,0.1225,0.1207,0.11065,0.10895,0.1076,0.11985,0.11485
1669,0.1099,0.1475,0.124,0.12055,0.10835,0.1237,0.1155,0.1198,0.10445
1670,0.11265,0.08215,0.1198,0.1049,0.103,0.1364,0.1193,0.11085,0.1042
1671,0.1099,0.06455,0.10425,0.10665,0.1084,0.1033,0.11175,0.10465,0.1173
1672,0.1098,0.06965,0.12295,0.11035,0.11385,0.1121,0.1194,0.1093,0.11455
1673,0.1088,0.09015,0.11215,0.1084,0.11305,0.1169,0.104,0.10785,0.11935
1674,0.10735,0.0801,0.12185,0.11995,0.1124,0.115,0.115,0.1089,0.10225
1675,0.11235,0.17325,0.11955,0.11595,0.1297,0.1245,0.10555,0.11885,0.1027
1676,0.1082,0.07545,0.10565,0.10995,0.1163,0.1088,0.10475,0.10415,0.11695
1677,0.1159,0.11195,0.1162,0.1168,0.11105,0.12055,0.1082,0.10295,0.11415
1678,0.11085,0.1825,0.1142,0.1099,0.1036,0.146,0.1085,0.10645,0.1141
1679,0.1105,0.06445,0.1077,0.10795,0.10685,0.10905,0.1048,0.1198,0.10845
1680,0.11325,0.1385,0.12185,0.126,0.0976,0.1151,0.11025,0.10595,0.12575
1681,0.11815,0.05825,0.10935,0.115,0.11655,0.1036,0.1169,0.11185,0.11415
1682,0.11095,0.09405,0.11245,0.10855,0.09175,0.12565,0.10925,0.11555,0.11085
1683,0.1156,0.0867,0.10645,0.1092,0.11965,0.1058,0.1136,0.11135,0.1138
1684,0.11345,0.10185,0.1169,0.11325,0.1135,0.11365,0.1114,0.114,0.1113
1685,0.1097,0.09575,0.13435,0.1156,0.11485,0.0956,0.11115,0.1137,0.11735
1686,0.1122,0.0694,0.1068,0.11285,0.11975,0.10565,0.11055,0.11485,0.11025
1687,0.11095,0.1254,0.10135,0.10805,0.1157,0.1009,0.1107,0.0996,0.11265
1688,0.1111,0.1537,0.111,0.11095,0.10705,0.4609,0.12245,0.111,0.11345
1689,0.10865,0.10065,0.11505,0.1108,0.114,0.1025,0.1207,0.10965,0.1109
1690,0.1095,0.0946,0.11625,0.1227,0.106,0.1178,0.1089,0.10715,0.11845
1691,0.11705,0.10275,0.11175,0.112,0.1377,0.1087,0.10635,0.10705,0.1146
1692,0.11325,0.1263,0.11775,0.12045,0.10805,0.11415,0.1204,0.104,0.1135
1693,0.11405,0.08965,0.1084,0.11165,0.11975,0.1048,0.11405,0.1148,0.11485
1694,0.1114,0.0889,0.10905,0.1181,0.1148,0.1087,0.12405,0.107,0.1188
1695,0.1132,0.1021,0.1253,0.10615,0.1124,0.10785,0.11795,0.1129,0.1016
1696,0.1121,0.10055,0.1024,0.12175,0.1067,0.1172,0.11985,0.10045,0.1136
1697,0.11595,0.06895,0.1107,0.11445,0.1088,0.11355,0.1054,0.1024,0.099
1698,0.1117,0.0982,0.10395,0.1115,0.1207,0.10545,0.10825,0.10135,0.1109
1699,0.1091,0.12895,0.1081,0.1182,0.11185,0.12885,0.11135,0.106,0.11795
1700,0.10995,0.0871,0.11345,0.1192,0.12045,0.1063,0.11765,0.1117,0.11135
1701,0.1106,0.30875,0.1049,0.1231,0.1025,0.11265,0.1049,0.11975,0.10635
1702,0.11225,0.1007,0.10965,0.1132,0.11705,0.1039,0.10225,0.11585,0.114
1703,0.10955,0.11785,0.1296,0.118,0.1205,0.09635,0.1112,0.1053,0.1057
1704,0.11145,0.09385,0.14225,0.11915,0.11515,0.1125,0.10675,0.1302,0.1052
1705,0.11105,0.08365,0.1139,0.1061,0.1051,0.1048,0.1173,0.10835,0.10545
1706,0.10795,0.1138,0.12795,0.11545,0.1082,0.10065,0.13685,0.111,0.10945
1707,0.1138,0.05765,0.1104,0.1109,0.11445,0.1067,0.1154,0.10625,0.1233
1708,0.10895,0.09545,0.11185,0.1134,0.12625,0.10015,0.1169,0.11665,0.1157
1709,0.112,0.11095,0.1146,0.10935,0.1027,0.10655,0.13455,0.11255,0.11225
1710,0.1157,0.09005,0.11055,0.10915,0.1212,0.1073,0.1154,0.0991,0.11165
1711,0.1124,0.1541,0.1165,0.1103,0.10765,0.10565,0.10685,0.1064,0.11205
1712,0.11455,0.0758,0.1119,0.1035,0.1142,0.12685,0.12005,0.1166,0.12045
1713,0.1145,0.074,0.1812,0.12195,0.11775,0.11115,0.10725,0.10055,0.1121
1714,0.1118,0.09065,0.10405,0.1071,0.10305,0.10195,0.10485,0.1011,0.11605
1715,0.11115,0.1318,0.1069,0.11065,0.11705,0.10765,0.1125,0.12435,0.11605
1716,0.1143,0.14015,0.10195,0.12155,0.09925,0.10295,0.10295,0.11235,0.11495
1717,0.1163,0.13475,0.0977,0.1086,0.1061,0.1001,0.10805,0.1072,0.10555
1718,0.11275,0.0929,0.0995,0.10505,0.1113,0.12745,0.10205,0.10895,0.11315
1719,0.109,0.09425,0.1079,0.1178,0.11105,0.1119,0.1163,0.11075,0.1094
1720,0.11255,0.08985,0.0957,0.11895,0.105,0.1075,0.1123,0.1087,0.1173
1721,0.113,0.07225,0.10655,0.11705,0.112,0.114,0.10835,0.1263,0.123
1722,0.11305,0.1171,0.10975,0.13295,0.10375,0.1294,0.10745,0.11475,0.11225
1723,0.10975,0.1962,0.1173,0.1168,0.1216,0.11805,0.112,0.1057,0.10475
1724,0.1109,0.0813,0.12455,0.11255,0.12765,0.11875,0.1427,0.1135,0.1064
1725,0.11075,0.1495,0.1092,0.11315,0.099,0.11035,0.1076,0.11245,0.11055
1726,0.11715,0.11715,0.1039,0.11035,0.10715,0.10005,0.11795,0.1016,0.1066
1727,0.11555,0.10915,0.1018,0.10915,0.13505,0.12215,0.12565,0.1045,0.1111
1728,0.11105,0.15345,0.1011,0.1104,0.1168,0.1162,0.10505,0.1119,0.095
1729,0.11315,0.0811,0.1071,0.11575,0.1183,0.1074,0.1124,0.11275,0.1118
1730,0.11025,0.115,0.10225,0.10815,0.1148,0.11555,0.11045,0.0987,0.10515
1731,0.1108,0.1158,0.1129,0.1243,0.1109,0.09585,0.1224,0.12865,0.11595
1732,0.1118,0.12015,0.11425,0.11685,0.1167,0.11875,0.1179,0.11055,0.11095
1733,0.11505,0.1144,0.1179,0.1107,0.1092,0.1088,0.11395,0.10585,0.109
1734,0.1116,0.08085,0.11195,0.11955,0.11265,0.1027,0.108,0.1044,0.1059
1735,0.10945,0.11625,0.112,0.1167,0.10965,0.1032,0.11575,0.1014,0.1193
1736,0.10995,0.10175,0.11215,0.1161,0.11265,0.10815,0.10645,0.1111,0.11145
1737,0.11035,0.0668,0.1209,0.1093,0.10325,0.10655,0.1088,0.10265,0.1103
1738,0.1136,0.18365,0.06185,0.10495,0.1055,0.1221,0.11125,0.11595,0.11255
1739,0.1147,0.0909,0.1176,0.11605,0.11835,0.10835,0.10795,0.11125,0.1065
1740,0.11155,0.1047,0.109,0.11525,0.1092,0.1072,0.11885,0.109,0.1129
1741,0.11185,0.0981,0.12695,0.1236,0.1093,0.10335,0.113,0.1007,0.11105
1742,0.1107,0.1077,0.1121,0.10985,0.09785,0.112,0.11445,0.10725,0.1072
1743,0.1141,0.0776,0.1166,0.1153,0.10885,0.13565,0.1275,0.1167,0.10415
1744,0.1107,0.1084,0.1097,0.1211,0.11825,0.09995,0.11665,0.11245,0.11095
1745,0.10985,0.08895,0.1179,0.1171,0.11035,0.09745,0.12925,0.11525,0.10315
1746,0.1094,0.09465,0.10265,0.1161,0.10975,0.1134,0.1244,0.12405,0.11155
1747,0.1096,0.08255,0.11675,0.1125,0.12975,0.11645,0.11395,0.13085,0.112
1748,0.1122,0.10455,0.10555,0.11285,0.1176,0.1359,0.1163,0.1055,0.1135
1749,0.11275,0.17015,0.1177,0.111,0.11985,0.1009,0.1058,0.1013,0.1118
1750,0.10995,0.10555,0.1305,0.11765,0.10785,0.1153,0.10845,0.11305,0.11
1751,0.11075,0.15345,0.1106,0.1077,0.1339,0.1048,0.1041,0.11205,0.12095
1752,0.10965,0.06275,0.1101,0.11965,0.10865,0.11565,0.11375,0.10855,0.1021
1753,0.1101,0.10355,0.1278,0.11765,0.13045,0.09865,0.10525,0.1048,0.1145
1754,0.1109,0.0913,0.1218,0.1086,0.10455,0.1106,0.1109,0.10125,0.11905
1755,0.1134,0.0729,0.12065,0.1157,0.1076,0.1075,0.10075,0.1059,0.1141
1756,0.11135,0.1106,0.1152,0.11835,0.11865,0.1053,0.10765,0.1026,0.10975
1757,0.1098,0.0736,0.11565,0.10905,0.11305,0.1186,0.1119,0.11765,0.11455
1758,0.11025,0.10725,0.11475,0.1027,0.12275,0.11215,0.1063,0.11105,0.1041
1759,0.11025,0.0999,0.10825,0.1235,0.1067,0.1185,0.1073,0.10365,0.1147
1760,0.1146,0.1504,0.1159,0.11325,0.1086,0.1027,0.1096,0.10985,0.1064
1761,0.1094,0.1173,0.11585,0.10915,0.1195,0.11875,0.0998,0.11685,0.1112
1762,0.1091,0.10955,0.1313,0.1171,0.1028,0.09895,0.11835,0.11475,0.10845
1763,0.11025,0.0988,0.11175,0.11435,0.12015,0.1028,0.11715,0.10075,0.1141
1764,0.1105,0.1671,0.103,0.1312,0.11275,0.10685,0.10795,0.10165,0.107
1765,0.113,0.12415,0.10745,0.11385,0.11375,0.12355,0.11325,0.1081,0.11065
1766,0.11365,0.08415,0.09925,0.11065,0.1154,0.1138,0.1125,0.10795,0.11435
1767,0.1124,0.12675,0.10935,0.11655,0.1203,0.10175,0.11415,0.1524,0.1087
1768,0.11005,0.09995,0.1084,0.11325,0.11365,0.14445,0.11045,0.10995,0.1116
1769,0.1129,0.13935,0.1064,0.1084,0.1087,0.1228,0.12235,0.11315,0.11575
1770,0.1098,0.14715,0.1041,0.1094,0.11015,0.0981,0.11355,0.1193,0.1109
1771,0.10815,0.17615,0.1081,0.11305,0.11405,0.1143,0.1187,0.11535,0.1119
1772,0.11095,0.13005,0.1169,0.1166,0.1252,0.12065,0.1159,0.11635,0.114
1773,0.11315,0.07245,0.1387,0.1069,0.10555,0.10445,0.1084,0.1122,0.11395
1774,0.11215,0.06535,0.1093,0.11625,0.1107,0.1015,0.1079,0.10055,0.1113
1775,0.10945,0.0652,0.1297,0.10915,0.12505,0.10735,0.1088,0.10995,0.118
1776,0.11325,0.1206,0.1099,0.1133,0.1197,0.11725,0.10125,0.1052,0.1031
1777,0.113,0.136,0.1156,0.11155,0.1096,0.11055,0.1084,0.1072,0.1079
1778,0.11495,0.0989,0.11315,0.1129,0.1143,0.1072,0.1476,0.12625,0.1036
1779,0.11075,0.07985,0.1193,0.11015,0.13935,0.10675,0.1136,0.1158,0.1094
1780,0.11235,0.0687,0.09645,0.11425,0.11905,0.1179,0.12055,0.1054,0.11375
1781,0.1109,0.0692,0.11445,0.10935,0.1431,0.10885,0.1035,0.1152,0.11485
1782,0.1148,0.1371,0.1141,0.1117,0.09845,0.10615,0.10525,0.1092,0.09815
1783,0.11565,0.14015,0.10735,0.11355,0.125,0.1138,0.1024,0.10015,0.1073
1784,0.1103,0.1696,0.1024,0.11355,0.11295,0.1193,0.12525,0.10935,0.1129
1785,0.10875,0.1183,0.1196,0.10925,0.11055,0.1236,0.1079,0.0985,0.10515
1786,0.10875,0.07765,0.12055,0.12685,0.1097,0.109,0.10565,0.1517,0.1065
1787,0.1143,0.16965,0.09825,0.114,0.10995,0.09945,0.1091,0.1056,0.11705
1788,0.1169,0.13555,0.11555,0.10445,0.1092,0.1057,0.1074,0.11475,0.11305
1789,0.1116,0.1237,0.1122,0.11215,0.1207,0.10805,0.10775,0.10845,0.11165
1790,0.1112,0.10925,0.1174,0.116,0.1197,0.1097,0.11955,0.1043,0.1186
1791,0.1114,0.118,0.1167,0.11515,0.1105,0.1093,0.10855,0.10785,0.10795
1792,0.118,0.0892,0.15585,0.1089,0.11805,0.1299,0.11385,0.11385,0.12
1793,0.11615,0.11565,0.10765,0.107,0.1145,0.10085,0.1094,0.10835,0.1186
1794,0.11185,0.0959,0.1186,0.11165,0.1118,0.119,0.1084,0.10305,0.1061
1795,0.1126,0.0658,0.1108,0.11495,0.1156,0.09225,0.1078,0.1179,0.1124
1796,0.1122,0.22035,0.116,0.112,0.11155,0.1044,0.10905,0.10205,0.11225
1797,0.11195,0.09855,0.11215,0.1116,0.1126,0.10925,0.1121,0.1155,0.1109
1798,0.11155,0.1221,0.1145,0.119,0.11105,0.09975,0.1158,0.11985,0.1261
1799,0.1116,0.1139,0.1152,0.1091,0.1042,0.10725,0.1091,0.118,0.1138
1800,0.11135,0.09115,0.11595,0.12425,0.1117,0.11325,0.1096,0.12355,0.11025
1801,0.11425,0.12175,0.104,0.10505,0.1148,0.1066,0.1082,0.1167,0.1101
1802,0.1091,0.1194,0.09715,0.1169,0.11075,0.1006,0.10665,0.1068,0.10725
1803,0.11345,0.0778,0.1093,0.11225,0.12635,0.10305,0.10785,0.1077,0.11555
1804,0.1094,0.2268,0.1108,0.11795,0.1156,0.1091,0.10865,0.11835,0.11005
1805,0.11255,0.0796,0.09615,0.126,0.11815,0.11255,0.11715,0.11845,0.11015
1806,0.11205,0.099,0.10715,0.1193,0.12855,0.1117,0.10705,0.1162,0.11545
1807,0.114,0.1117,0.10215,0.1089,0.12105,0.10685,0.10745,0.11905,0.1071
1808,0.11045,0.09585,0.1283,0.11515,0.11715,0.1331,0.10765,0.102,0.1161
1809,0.11465,0.22055,0.11935,0.11185,0.101,0.11845,0.1158,0.12015,0.1134
1810,0.11245,0.1086,0.12315,0.1102,0.11595,0.1006,0.10635,0.11655,0.1077
1811,0.10885,0.11185,0.1162,0.1094,0.1064,0.1153,0.11835,0.1025,0.1121
1812,0.10955,0.16625,0.14875,0.11085,0.10655,0.0976,0.11065,0.12165,0.11045
1813,0.1113,0.0585,0.10335,0.10555,0.1066,0.10325,0.11305,0.1155,0.1116
1814,0.1114,0.1763,0.11155,0.1061,0.14615,0.1089,0.10475,0.10445,0.1145
1815,0.11325,0.08475,0.1157,0.11625,0.1122,0.11155,0.10885,0.11915,0.11825
1816,0.11065,0.11315,0.10785,0.1163,0.1372,0.115,0.14515,0.15115,0.12065
1817,0.1132,0.18195,0.1176,0.10345,0.1093,0.13605,0.10685,0.1117,0.10125
1818,0.1153,0.091,0.1147,0.1183,0.12255,0.12545,0.11705,0.1141,0.1038
1819,0.1074,0.0801,0.1264,0.10975,0.1034,0.11615,0.1163,0.09995,0.10795
1820,0.1097,0.1863,0.11455,0.1223,0.1208,0.11455,0.11325,0.10955,0.10735
1821,0.11205,0.22135,0.11295,0.10995,0.1159,0.10805,0.11475,0.1172,0.1075
1822,0.1086,0.1112,0.1162,0.11675,0.14445,0.12795,0.1093,0.10445,0.11375
1823,0.1107,0.1078,0.1007,0.13685,0.11125,0.1042,0.12155,0.1186,0.1054
1824,0.11035,0.09275,0.1162,0.1133,0.11565,0.09735,0.1015,0.1044,0.1068
1825,0.111,0.18555,0.1179,0.1247,0.1244,0.1203,0.11005,0.11145,0.107
1826,0.1135,0.1484,0.14385,0.1064,0.11445,0.09275,0.11205,0.12195,0.10415
1827,0.10855,0.1515,0.12135,0.1187,0.11735,0.12465,0.11305,0.10305,0.122
1828,0.11005,0.1358,0.12415,0.11695,0.1078,0.1157,0.12035,0.1348,0.11405
1829,0.11555,0.1164,0.1123,0.1101,0.1002,0.11195,0.126,0.1054,0.11035
1830,0.11315,0.15945,0.26885,0.10915,0.11335,0.1024,0.1097,0.0956,0.1153
1831,0.11135,0.134,0.10875,0.1148,0.1263,0.1118,0.10565,0.1156,0.1111
1832,0.11235,0.208,0.116,0.11055,0.112,0.1299,0.1154,0.10935,0.11345
1833,0.11115,0.111,0.12065,0.12715,0.10105,0.1067,0.1186,0.1064,0.1085
1834,0.1109,0.0902,0.11385,0.12185,0.1297,0.10105,0.11345,0.11735,0.11165
1835,0.108,0.0758,0.1204,0.1226,0.1109,0.1034,0.10905,0.10115,0.1203
1836,0.109,0.19095,0.10685,0.1101,0.10995,0.10955,0.1163,0.109,0.11065
1837,0.1134,0.1737,0.1191,0.1099,0.10495,0.1094,0.11085,0.1124,0.10795
1838,0.1111,0.08225,0.10405,0.10865,0.10375,0.104,0.1121,0.10605,0.1128
1839,0.11295,0.1191,0.1049,0.1153,0.11285,0.12015,0.1095,0.1175,0.1197
1840,0.1138,0.08855,0.1177,0.1044,0.1198,0.1188,0.11125,0.1071,0.11675
1841,0.1095,0.0753,0.10085,0.1207,0.10625,0.1104,0.108,0.1175,0.11255
1842,0.1113,0.14665,0.12285,0.1052,0.1044,0.0994,0.10705,0.12675,0.11325
1843,0.11565,0.17325,0.11135,0.1176,0.11085,0.1029,0.11385,0.1032,0.11035
1844,0.11075,0.11645,0.12505,0.1148,0.1015,0.10445,0.1119,0.113,0.1077
1845,0.10765,0.1371,0.1167,0.1161,0.1218,0.123,0.10745,0.11925,0.11355
1846,0.11055,0.1231,0.10845,0.12055,0.1217,0.1048,0.10795,0.10545,0.12045
1847,0.11095,0.3545,0.126,0.1078,0.10745,0.11585,0.10825,0.1135,0.1102
1848,0.11215,0.07965,0.09945,0.1127,0.10905,0.12555,0.11065,0.10395,0.11735
1849,0.1121,0.08235,0.12095,0.1122,0.1108,0.11025,0.11115,0.1084,0.1121
1850,0.11535,0.105,0.1221,0.1106,0.1115,0.1052,0.11245,0.1191,0.10675
1851,0.1064,0.12005,0.10645,0.1068,0.10895,0.12005,0.113,0.0985,0.11635
1852,0.1132,0.1077,0.10375,0.1187,0.11105,0.1089,0.11255,0.11535,0.1133
1853,0.11055,0.1016,0.11075,0.12465,0.11945,0.1241,0.10865,0.10965,0.10975
1854,0.1124,0.13065,0.09925,0.1102,0.11935,0.11595,0.11385,0.111,0.1148
1855,0.1131,0.0958,0.10485,0.12265,0.11625,0.12675,0.10485,0.10305,0.118
1856,0.11165,0.12925,0.11935,0.1125,0.11445,0.1098,0.1063,0.11255,0.1131
1857,0.1148,0.16395,0.10095,0.103,0.11545,0.1122,0.10625,0.10485,0.11055
1858,0.1115,0.14325,0.10545,0.1144,0.11605,0.1008,0.10975,0.10665,0.10945
1859,0.11185,0.07695,0.1128,0.11775,0.11185,0.11225,0.1121,0.1058,0.1092
1860,0.1132,0.1164,0.11425,0.1184,0.11815,0.10265,0.1051,0.1091,0.12
1861,0.11135,0.07295,0.10085,0.1086,0.1145,0.1169,0.1072,0.1167,0.11535
1862,0.11075,0.2056,0.10865,0.1212,0.10765,0.12255,0.1193,0.1055,0.1203
1863,0.1112,0.1102,0.11535,0.11095,0.1129,0.0983,0.10895,0.11705,0.11745
1864,0.1157,0.1139,0.10915,0.11755,0.11335,0.11205,0.1024,0.11065,0.1071
1865,0.11225,0.12665,0.122,0.11465,0.10825,0.09375,0.11255,0.11645,0.11525
1866,0.11315,0.1037,0.1211,0.11725,0.1168,0.12145,0.1101,0.1092,0.10995
1867,0.113,0.076,0.1106,0.12825,0.10225,0.10905,0.10825,0.1043,0.106
1868,0.1106,0.13545,0.10925,0.1345,0.12505,0.11185,0.10655,0.0975,0.12145
1869,0.1116,0.0874,0.15115,0.1208,0.1276,0.09805,0.12135,0.10665,0.11295
1870,0.1128,0.1082,0.1084,0.12155,0.10575,0.0982,0.1147,0.1014,0.11535
1871,0.11255,0.08245,0.1231,0.10835,0.1173,0.107,0.1049,0.1141,0.1068
1872,0.11055,0.09425,0.09605,0.1239,0.1051,0.108,0.1141,0.12715,0.10895
1873,0.11175,0.1066,0.11105,0.12045,0.10945,0.11665,0.1162,0.11685,0.1036
1874,0.1077,0.08155,0.1118,0.118,0.10285,0.10775,0.1282,0.0949,0.10985
1875,0.11045,0.1932,0.11795,0.1149,0.121,0.11075,0.10845,0.10305,0.10365
1876,0.1119,0.0936,0.11415,0.10635,0.1052,0.10295,0.1037,0.1325,0.11815
1877,0.11155,0.07675,0.1085,0.1189,0.13825,0.1103,0.1423,0.10605,0.11765
1878,0.1131,0.09425,0.10535,0.10665,0.10755,0.11485,0.10385,0.11435,0.1157
1879,0.1101,0.07735,0.1127,0.1188,0.1151,0.10975,0.11005,0.1113,0.1197
1880,0.10865,0.09255,0.11005,0.114,0.11045,0.11495,0.1176,0.11335,0.1162
1881,0.11295,0.1334,0.1104,0.1197,0.1141,0.11265,0.11055,0.1045,0.1091
1882,0.1136,0.0949,0.1155,0.12185,0.11625,0.1684,0.11765,0.103,0.1157
1883,0.11415,0.0771,0.1074,0.11295,0.1061,0.10625,0.1064,0.10765,0.11185
1884,0.1107,0.06635,0.1173,0.11655,0.1179,0.10945,0.10925,0.1077,0.11685
1885,0.1126,0.1021,0.1069,0.11135,0.11275,0.1227,0.10555,0.1197,0.10885
1886,0.10985,0.0815,0.1175,0.1088,0.1249,0.1267,0.1235,0.0995,0.11555
1887,0.1112,0.09235,0.12595,0.1145,0.127,0.111,0.1199,0.1089,0.11125
1888,0.1133,0.09,0.17445,0.11605,0.12125,0.1268,0.11115,0.1149,0.1227
1889,0.1133,0.07565,0.1201,0.11305,0.10335,0.1191,0.1092,0.1186,0.1068
1890,0.11335,0.10805,0.1121,0.11025,0.1293,0.13245,0.1023,0.11075,0.1068
1891,0.1083,0.1183,0.1174,0.10855,0.125,0.12315,0.1075,0.11255,0.11135
1892,0.11765,0.12235,0.11485,0.12265,0.102,0.13605,0.13415,0.10685,0.1116
1893,0.10985,0.1463,0.12255,0.12085,0.11485,0.1189,0.11205,0.11185,0.1095
1894,0.11385,0.07255,0.11475,0.11565,0.112,0.11245,0.12365,0.119,0.11295
1895,0.1105,0.07065,0.1025,0.12105,0.1303,0.12075,0.1115,0.12815,0.11245
1896,0.11155,0.10995,0.1031,0.1312,0.11475,0.0995,0.11605,0.1254,0.11635
1897,0.1098,0.11215,0.13095,0.1159,0.11185,0.10235,0.11275,0.103,0.11215
1898,0.11225,0.116,0.11095,0.1045,0.1238,0.11345,0.11655,0.10655,0.1084
1899,0.1084,0.1198,0.1059,0.1344,0.10755,0.10145,0.11495,0.1185,0.1102
1900,0.1114,0.08965,0.10445,0.11115,0.0998,0.10805,0.1108,0.11765,0.1034
1901,0.1099,0.1167,0.1035,0.11265,0.1955,0.11065,0.106,0.1108,0.11445
1902,0.1119,0.1018,0.1167,0.13415,0.11945,0.1131,0.10275,0.12235,0.10925
1903,0.11015,0.0977,0.1144,0.10505,0.1142,0.1067,0.1119,0.1012,0.11235
1904,0.1136,0.1042,0.1051,0.11515,0.12635,0.11725,0.1136,0.1153,0.10865
1905,0.11105,0.10635,0.11085,0.11115,0.1148,0.11265,0.1094,0.102,0.11355
1906,0.10855,0.0456,0.1096,0.11235,0.1104,0.102,0.09935,0.1094,0.1099
1907,0.11275,0.09085,0.1085,0.0798,0.1052,0.142,0.10595,0.10165,0.109
1908,0.11195,0.12465,0.11745,0.10795,0.1133,0.10985,0.11,0.1056,0.11755
1909,0.11075,0.13255,0.1235,0.1116,0.1374,0.1177,0.1294,0.11515,0.1116
1910,0.11175,0.074,0.12135,0.1152,0.1087,0.11245,0.1165,0.1233,0.1124
1911,0.11275,0.0876,0.0971,0.1175,0.1265,0.10945,0.1121,0.10635,0.11465
1912,0.11045,0.1249,0.1073,0.12285,0.11165,0.1038,0.10505,0.1092,0.1244
1913,0.10945,0.1303,0.11685,0.10675,0.11235,0.11165,0.10615,0.0995,0.11885
1914,0.1097,0.08975,0.1035,0.109,0.10835,0.11195,0.11375,0.1138,0.1195
1915,0.11515,0.07995,0.1155,0.1241,0.10705,0.1025,0.11735,0.10705,0.1039
1916,0.11035,0.1004,0.0986,0.13195,0.10295,0.1133,0.1126,0.09825,0.1111
1917,0.114,0.09565,0.1084,0.13065,0.10295,0.1174,0.1131,0.12655,0.11615
1918,0.11645,0.0863,0.11755,0.11,0.11945,0.10455,0.1146,0.1044,0.11075
1919,0.11075,0.06225,0.1009,0.11655,0.1119,0.10625,0.11235,0.12595,0.10505
1920,0.1162,0.11145,0.10185,0.11055,0.1108,0.1113,0.107,0.11165,0.1084
1921,0.11155,0.15415,0.09625,0.1172,0.1138,0.11245,0.1238,0.1116,0.1145
1922,0.1128,0.0949,0.1177,0.1101,0.113,0.1071,0.10355,0.1109,0.1195
1923,0.1096,0.06835,0.10855,0.1181,0.1334,0.09255,0.11215,0.1071,0.1064
1924,0.1129,0.10495,0.1166,0.11175,0.1341,0.11835,0.11265,0.115,0.11375
1925,0.11105,0.1408,0.1121,0.1149,0.1058,0.10225,0.12575,0.1073,0.10665
1926,0.1139,0.05665,0.10105,0.1194,0.12325,0.1031,0.1174,0.1065,0.10545
1927,0.10875,0.06965,0.1258,0.12175,0.1123,0.14985,0.1072,0.09925,0.1137
1928,0.11245,0.11475,0.1192,0.1141,0.11325,0.1209,0.11375,0.12085,0.1107
1929,0.1128,0.1393,0.12355,0.1141,0.1222,0.1159,0.11105,0.11865,0.11415
1930,0.1134,0.15395,0.12065,0.1086,0.10865,0.0963,0.11485,0.1248,0.11635
1931,0.1103,0.0744,0.1201,0.11425,0.1123,0.10975,0.1098,0.11925,0.10895
1932,0.10875,0.1041,0.1174,0.11705,0.11365,0.11135,0.1141,0.10385,0.1118
1933,0.1151,0.13455,0.10395,0.11465,0.12025,0.09865,0.11405,0.11365,0.10565
1934,0.11505,0.11525,0.1101,0.124,0.11385,0.09795,0.11125,0.1006,0.1121
1935,0.11205,0.11065,0.10745,0.1197,0.12105,0.12745,0.11015,0.11125,0.1088
1936,0.11175,0.0724,0.12725,0.11995,0.1149,0.1029,0.1067,0.1231,0.1097
1937,0.1143,0.0809,0.11975,0.1813,0.11455,0.1275,0.11455,0.11135,0.1031
1938,0.1127,0.07785,0.12715,0.1211,0.1114,0.10025,0.10815,0.1065,0.11015
1939,0.11295,0.08865,0.11885,0.1074,0.1242,0.13875,0.11465,0.15255,0.10955
1940,0.1119,0.117,0.10955,0.11645,0.11345,0.1167,0.107,0.1047,0.11945
1941,0.1093,0.14155,0.10585,0.11585,0.11735,0.0956,0.11085,0.10905,0.1172
1942,0.1141,0.32735,0.11945,0.1171,0.12015,0.1234,0.1092,0.10355,0.10985
1943,0.10925,0.0926,0.1106,0.1229,0.1208,0.11455,0.11215,0.10145,0.11305
1944,0.1109,0.1019,0.10295,0.11195,0.12975,0.1179,0.10935,0.03435,0.1059
1945,0.11715,0.108,0.1153,0.11645,0.12455,0.11295,0.1131,0.11065,0.1057
1946,0.1086,0.066,0.12395,0.1167,0.12385,0.0929,0.10845,0.103,0.10785
1947,0.113,0.06695,0.106,0.118,0.11965,0.11405,0.11115,0.10955,0.1182
1948,0.1163,0.13125,0.1158,0.1258,0.11325,0.11,0.0998,0.1101,0.11715
1949,0.11035,0.08805,0.1637,0.1165,0.1045,0.1176,0.1306,0.1134,0.1123
1950,0.111,0.12775,0.1108,0.11355,0.1069,0.11065,0.10955,0.11435,0.1122
1951,0.1141,0.10785,0.1351,0.1164,0.1286,0.10715,0.1133,0.11245,0.11695
1952,0.10945,0.07815,0.11645,0.1351,0.11085,0.10635,0.10315,0.12045,0.11065
1953,0.11135,0.08985,0.1217,0.111,0.11325,0.10705,0.1186,0.1001,0.1157
1954,0.1166,0.1729,0.10585,0.10485,0.1123,0.11205,0.1145,0.0991,0.11175
1955,0.11535,0.0832,0.1117,0.10765,0.135,0.1042,0.1042,0.13675,0.1128
1956,0.1121,0.09015,0.1348,0.11195,0.10625,0.11975,0.1093,0.0987,0.1229
1957,0.1141,0.07155,0.1101,0.13215,0.1133,0.1026,0.1188,0.1176,0.1149
1958,0.1174,0.15395,0.1193,0.1219,0.11665,0.1162,0.1316,0.10925,0.1054
1959,0.1106,0.0856,0.1103,0.11525,0.12245,0.11235,0.11595,0.105,0.11265
1960,0.113,0.1591,0.1091,0.1086,0.11515,0.1133,0.1018,0.10715,0.12475
1961,0.1099,0.14575,0.11375,0.1075,0.10395,0.1057,0.1114,0.1086,0.11365
1962,0.1125,0.1216,0.1021,0.1213,0.1283,0.1052,0.12065,0.11525,0.10765
1963,0.1132,0.1319,0.09905,0.1143,0.1144,0.1353,0.10735,0.11315,0.1142
1964,0.11065,0.1073,0.13305,0.1112,0.1077,0.11015,0.11415,0.09285,0.11705
1965,0.11045,0.1421,0.10645,0.10845,0.1063,0.11415,0.11165,0.12305,0.119
1966,0.11125,0.08595,0.12525,0.11185,0.11665,0.1182,0.1118,0.1064,0.11745
1967,0.11095,0.11665,0.1238,0.1148,0.1196,0.1058,0.11325,0.1209,0.10845
1968,0.118,0.1168,0.11955,0.11075,0.11005,0.10065,0.1031,0.10645,0.1074
1969,0.11365,0.0865,0.1021,0.1251,0.1174,0.11095,0.10675,0.12165,0.10525
1970,0.11375,0.11365,0.10905,0.1185,0.1138,0.10055,0.1025,0.11335,0.1098
1971,0.1041,0.1086,0.1094,0.1092,0.10835,0.1208,0.1095,0.1096,0.10545
1972,0.11175,0.28215,0.1285,0.11245,0.12165,0.1161,0.11035,0.11885,0.1303
1973,0.10635,0.07365,0.1127,0.1134,0.1113,0.129,0.11135,0.10105,0.1164
1974,0.10745,0.1214,0.11675,0.12015,0.11195,0.114,0.11645,0.10675,0.11685
1975,0.1142,0.1079,0.1066,0.14215,0.1144,0.1353,0.1128,0.1174,0.1131
1976,0.1144,0.1255,0.1134,0.12255,0.0997,0.11215,0.1041,0.1214,0.1148
1977,0.114,0.1462,0.10595,0.11115,0.13195,0.1115,0.1108,0.12335,0.10905
1978,0.1123,0.09555,0.0998,0.12145,0.114,0.11745,0.1097,0.11625,0.1063
1979,0.11075,0.09035,0.1079,0.12465,0.12805,0.1091,0.1117,0.11305,0.10395
1980,0.11225,0.0787,0.141,0.10565,0.10985,0.131,0.11615,0.12165,0.1062
1981,0.1154,0.0787,0.12595,0.11405,0.1066,0.1087,0.11805,0.10605,0.1091
1982,0.1135,0.1067,0.11055,0.11325,0.1259,0.10825,0.11415,0.11105,0.1027
1983,0.1083,0.06205,0.1244,0.1099,0.11925,0.10945,0.11535,0.1167,0.1105
1984,0.1096,0.082,0.1175,0.1155,0.11065,0.12725,0.11135,0.1113,0.1103
1985,0.11565,0.13005,0.1178,0.1118,0.11175,0.11625,0.10995,0.10685,0.1071
1986,0.1132,0.08015,0.1053,0.11615,0.10845,0.1006,0.1325,0.1197,0.10485
1987,0.10735,0.0826,0.11345,0.114,0.1139,0.11165,0.1244,0.1121,0.1167
1988,0.11645,0.17685,0.1096,0.10755,0.115,0.1078,0.1127,0.10245,0.1137
1989,0.11655,0.099,0.1191,0.11665,0.1281,0.1291,0.1086,0.11205,0.11425
1990,0.10925,0.07145,0.16005,0.11345,0.1132,0.1049,0.10865,0.108,0.11355
1991,0.1147,0.1075,0.1036,0.1113,0.09865,0.10715,0.1214,0.1098,0.10345
1992,0.1104,0.1014,0.12905,0.10665,0.13775,0.09975,0.10315,0.10835,0.11775
1993,0.10985,0.14455,0.1126,0.10485,0.11865,0.10995,0.11415,0.11275,0.1136
1994,0.1136,0.0666,0.1118,0.11565,0.11455,0.10585,0.1151,0.1115,0.11015
1995,0.10845,0.07875,0.11525,0.113,0.1023,0.1045,0.1185,0.1206,0.11
1996,0.10945,0.111,0.1159,0.11745,0.10905,0.10345,0.10145,0.12055,0.11055
1997,0.111,0.0887,0.1085,0.1047,0.108,0.1348,0.115,0.16335,0.1123
1998,0.11315,0.1646,0.10735,0.1342,0.10685,0.099,0.11235,0.1114,0.11275
1999,0.11075,0.07675,0.11795,0.11775,0.1162,0.11695,0.10805,0.1171,0.1125
