chain_id,iid,ula,uhmc_5,uhmc_10,uhmc_random,hmc_5,hmc_10,hmc_random,nuts
0,1.0936295647554608,1.1397229056928557,1.1396046065638274,1.0970732777207362,1.1373059684715567,1.1011909292355284,1.1319881433112495,1.1269540963645157,1.0879142216542708
1,1.1034931674340516,1.1722142303396936,1.0881266152886513,1.1997372563817774,1.1358413983284932,1.2112239072512438,1.115971937798977,1.0776344971921734,1.0800454273519704
2,1.1021126482981052,1.0975579482746034,1.098979229504882,1.1218581285355065,1.0758466989443873,1.0680067617027669,1.0765300457103384,1.1018766737624148,1.083713284514421
3,1.1061096306739524,0.9088278736451987,1.1302365295434165,1.1067916295414504,1.0939006292133624,1.0655632346299,1.1347906125330947,1.0991020839853924,1.0994517908182884
4,1.0930849137605687,1.1898799573079826,1.139507182317224,1.1495013675960444,1.1430912309486716,1.0719400600523183,1.0970759272857267,1.0914850267069112,1.099075549634569
5,1.0874513025861066,1.0169913350576205,1.0807400701381318,1.0765880769917295,1.1787339179877971,1.0862811683707791,1.1275610363862067,1.1091270628921215,1.1085559798655227
6,1.1175190245333855,1.1907400273273185,1.1623719980088325,1.1302603595648828,1.1134771796574965,1.1378247877055747,1.1194618980313065,1.1109956132858627,1.0855048152973137
7,1.1125157306939477,1.054886475040718,1.099442381474953,1.1262084523414944,1.0979924412259405,1.064071432708106,1.1228107505909972,1.0738198001076047,1.0459764720741487
8,1.100766258161328,1.070274205034612,1.083917444097618,1.0834983920127526,1.127531047190435,1.0830536153474382,1.0339756952539292,1.0919144533058904,1.1484977788779005
9,1.1024998467576907,1.0754312317966295,1.0742138429569428,1.1372318494437674,1.114013310983032,1.0787613710254298,1.0877915684310835,1.0707965954871796,1.126405307723315
10,1.1036951360899572,1.1307523302913423,1.125494979541534,1.126844583125866,1.112363623558354,1.1173614489824983,1.0787256525848303,1.071688153617386,1.1479910838217868
11,1.100745779330407,1.1784443842493943,1.093958637244939,1.0824158240184958,1.107067433493896,1.078161733584231,1.1059427313007943,1.0295334921748958,1.1520556266869186
12,1.1039076923390656,1.08814572265348,1.3479443773296644,1.1161359485745057,1.095169770365309,1.1198166359527852,1.1032518643534894,1.0822238456479272,1.117808166841029
13,1.1197450949371195,1.0688622345509098,1.0614298699041163,1.1162196778594666,1.1558004571637375,1.0510349206158345,1.1555222107131746,1.1126646450118793,1.0863688075555915
14,1.1162486455946503,1.035243477841788,1.138304178153204,1.126852966114066,1.1135793971194103,1.0712606559693363,1.0377261528639334,1.1020635330340611,1.1249379109302342
15,1.1125706878647978,1.1886709799795674,1.100879582499656,1.1916113016598429,1.1173710628934508,1.075505827353145,1.0954623168352118,1.1206277309459398,1.1385112407255462
16,1.097373558568405,1.183450594372572,1.0937054694524229,1.0789751396016087,1.1214639267969426,1.0651968388992499,1.0883857738362805,1.0680965037598118,1.1177759460503927
17,1.101285639517394,1.0427819548383364,1.2313106763966437,1.1163916306023007,1.1008102510642557,1.0929750611683549,1.108914904737162,1.0888308855211914,1.0939206541824944
18,1.1058523642195268,0.9408083115096739,1.1672595361262252,1.128029060630041,1.1163829188901384,1.0831463121336553,1.131709765009822,1.0936113772062548,1.1397304537969355
19,1.0973306616947633,1.0037999669058233,1.1176838151960602,1.1200895274635343,1.1059245818468826,1.0980617564480184,1.1478296535260772,1.077718912845755,1.0673180440545724
20,1.0920111858616008,0.9898032071693892,1.1334659405190304,1.125115937089076,1.1365542567031375,1.1081300093893556,1.0762041276776533,1.1780766854306735,1.1133280540876602
21,1.1067752250829612,1.1782737206202436,1.164896978549745,1.1297391151938512,1.1284758398419201,1.1120121426222676,1.0919732361807384,1.1083714534163016,1.126603342012289
22,1.1055474557379616,1.069181744572833,1.109313583508583,1.1805460783676398,1.136740699684012,1.0974362909872928,1.0533208113539967,1.1237958340654624,1.111651507831548
23,1.0970460022888695,1.054553890962644,1.112401986659406,1.1033960853014815,1.1354042025978837,1.1242169633346462,1.0955440103665937,1.113473221376253,1.0714794231177636
24,1.0989439880178238,1.0654441949048168,1.1427584654396785,1.1078865441478014,1.1120781246277334,1.1120047133034956,1.0851508807179908,1.085485854459161,1.1184578511537209
25,1.1140061008034723,1.0519612324547665,1.10961240604611,1.1261900278392118,1.1157030803380406,1.0576466329141658,1.0985663299126824,1.0801468009292687,1.082018854773991
26,1.0914594454909978,1.163603031019113,1.1178635321788046,1.1182060660175657,1.1299856229478769,1.4131769134542898,1.0845604827861788,1.0964287619014648,1.124810598320231
27,1.1103224050025466,1.1335440803911392,1.1425705026417914,1.1226543275272958,1.1231620907916267,1.1221619478685378,1.0807470718934207,1.1678200095772138,1.1323397635600931
28,1.0969929795448177,1.0736189743909283,1.0906534611174223,1.1402735845915748,1.0799940036992945,1.1599434002340205,1.129519788375341,1.109502016262201,1.1423094913326437
29,1.1038268074689552,1.1172515323766652,1.1199631874695708,1.1135703398158159,1.1011003029394684,1.0627854449709904,1.1364375328918885,1.0517275050971149,1.0721315558367066
30,1.099688392949458,2.191707427118192,1.1009382152991638,1.1532363435165962,1.1033784762032317,1.0688858402037285,1.1190027450702047,1.0924183862316321,1.1377595963498088
31,1.0869612562023603,1.1057169415810224,1.0892600745721326,1.0989530780891996,1.0968804936537428,1.1835791100130593,1.0909449194704581,1.091391632699198,1.1526438176387093
32,1.1176163380609374,1.1301367794619206,1.074595125672192,1.1745244736292095,1.0942192801242647,1.11395510582534,1.099050665035622,1.1469918232328575,1.0710371035064108
33,1.1077785650472713,1.000402578399064,1.1415080048568185,1.1440111529542047,1.1246193440616792,1.0624479398543598,1.103392389810003,1.0643304524229351,1.1064787938469498
34,1.1094296423969177,1.1626599375326854,1.1464108172960252,1.0942745759033452,1.1276879960227595,1.1057997550685978,1.063347861082224,1.069285812516726,1.0601087162201248
35,1.0968560631902038,1.062084275893965,1.0897929266392885,1.1676877666518903,1.2156399695913742,1.1166245354987157,1.1174518126465107,1.0647244096795265,1.132678983547898
36,1.0965432628021898,0.972512766474778,1.0932444860837545,1.139287337949279,1.137713322410135,1.0524848603685242,1.0985670694824272,1.1172988080530029,1.068039595978884
37,1.0966257986640167,1.3001125360802506,1.1386644313317604,1.0901198743747733,1.1083392122713067,1.0771673420093366,1.084428355172573,1.1131025690090612,1.166612272462301
38,1.1049180257410627,1.1888249070461578,1.1007142582184974,1.1246473044075755,1.1236850271708023,1.1300027357789666,1.1014123924178503,1.0910645118104507,1.1144825754503018
39,1.1008408812432904,1.1052169690934404,1.1105620534227159,1.1304125805485887,1.1127284049839683,1.1355968284738507,1.1371209939546534,1.0605157987857738,1.1333630783101512
40,1.1005052412601135,1.0389074353149854,1.0894865330199839,1.1519902790959455,1.1119969946629025,1.087118652208177,1.120971051893004,1.1207349809827105,1.077005494489905
41,1.10506592188006,1.6251264455447396,1.1695990471305833,1.1144693998488033,1.1219940925579297,1.050501043073352,1.1542876148697054,1.0656951856867414,1.167552636972003
42,1.1134072572490776,1.0979133341185503,1.141649013134472,1.1271348730487571,1.0609975509499605,1.1604423560297634,1.084024901394267,1.1353748298835429,1.1147567160201053
43,1.1076715833870465,1.0986201553593091,1.077234911634541,1.1235311691829066,1.1471625707868645,1.1248981077493942,1.0917564299697076,1.098792525362815,1.076073634583
44,1.109887509260651,1.222651353234458,1.092482329716821,1.1430602763129265,1.077205451266302,1.1077898384242315,1.082561173773559,1.0936813096927616,1.086951928260998
45,1.0881625122863894,1.0399738522124677,1.104111913645747,1.0932092907513016,1.119439744767964,1.0813226844317159,1.0689392076979016,1.1437196052569751,1.088881113787588
46,1.104880306856278,1.0233091490821657,1.0928478841378955,1.1091477560482716,1.1067320831228422,1.0745686844453244,1.0709014458092219,1.0640451697368714,1.0823569880176915
47,1.1070103439733945,1.2379577060890854,1.1655108191921397,1.1064972571158922,1.0913790217274115,1.120020666479148,1.1185754931617908,1.063622984548395,1.1142611775478055
48,1.088065656932315,1.0762141668435392,1.117611475227576,1.0877901499893736,1.0742954739306427,1.0650187814643568,1.0935945395461146,1.105015013182526,1.104232199516087
49,1.1108971010721758,1.1253006168298552,1.216559938240812,1.120441091652078,1.1565605730306159,1.1151399147549648,1.0976072938195216,1.118709170794255,1.0804433577116985
50,1.1115858335783313,1.0957969358556234,1.0854369921078884,1.132339226474878,1.1273879199576593,1.0720246874529196,1.1087960182201055,1.1346612418565458,1.0644319316007842
51,1.0951131211849154,1.0355870743735582,1.163864686065536,1.137291330920904,1.0855248595575056,1.0660639182897935,1.0761648962797792,1.0466261383899615,1.1271093076847387
52,1.108225257295704,0.9945342553549821,1.098102792090608,1.1462144781312598,1.0938541141664115,1.0853877719570828,1.1331798573053318,1.0691832005209796,1.0988866067099494
53,1.1068844769866168,1.0576854896931223,1.1147319840246472,1.1325610617866455,1.1066570332473558,1.1185798607920738,1.0810968171695925,1.0709388205714663,1.0996201886994061
54,1.1121354464501103,1.231614739413774,1.1575533887521279,1.1254309183963755,1.1877012091707777,1.068693970614083,1.1056372103286003,1.076810648827433,1.0844282685422966
55,1.0932725176634792,1.1738636246727907,1.1688517254539572,1.1044088256556819,1.0617035619503157,1.1408575976602708,1.096843208480958,1.0931889777413701,1.1689316827436402
56,1.098063630037421,1.0984651814949034,1.1646818126576102,1.1084272918111422,1.0825811293261536,1.0554606232916344,1.0798502215893135,1.083382871465859,1.0649481970504884
57,1.1115801054919163,1.2590718738354587,1.0939670729089315,1.116682846611023,1.132647714577435,1.0810070080409213,1.0840738823033929,1.0595120875663733,1.0607494967300983
58,1.0965589467861931,1.0205596419438823,1.1244031379260464,1.1256697449444717,1.1309322776095274,1.0544762760715916,1.08462476677133,1.1358519096186603,1.080954832535537
59,1.1032018979623026,1.0207593618066104,1.0915733954853937,1.1591212895231808,1.11492406136963,1.1106572830023933,1.1162340063856053,1.08804916701989,1.1673466123673504
60,1.0990911841802073,1.0300618998909523,1.0868532049105692,1.1637534169065065,1.129439430211413,1.1343702352311418,1.174903862711963,1.1036930557626305,1.0820445806472492
61,1.0905656722355388,1.1005778875171421,1.1136565910264695,1.1264293920448882,1.2199142177729159,1.2088848235839191,1.1436208446604623,1.088790795593588,1.0666237345062572
62,1.103687569655722,1.3227039869571597,1.1004562251824908,1.1017226700602962,1.1549026707185277,1.0707405983526752,1.1362324273780733,1.087928088393988,1.1412661079531496
63,1.0973121695330028,1.0473626921111356,1.084897168070134,1.1148688879008244,1.1198640923623386,1.2221186137565845,1.0630494362594733,1.1024487478821314,1.1249216790728835
64,1.0906322088023714,1.0216491380028037,1.1626276041902583,1.1195302699062135,1.0849539850302858,1.063327626171831,1.1058539481586793,1.075944727497551,1.0735046725065944
65,1.0886711195316252,1.237571611089271,1.1131797843269509,1.1239672711939166,1.0983187712148266,1.093883222959038,1.101418825402146,1.0704748040643832,1.11891379116615
66,1.0998351797768635,1.1323133037139361,1.0893193620213784,1.1288033426487796,1.1275476932546298,1.1289571241565886,1.2059419898128738,1.113768684774232,1.0853638409706383
67,1.097682019654501,1.005648187242714,1.1069954499204646,1.1053363948087707,1.129004952194118,1.1103977038170558,1.1488022228941097,1.1408375899483898,1.0779688279269888
68,1.0957216667430325,1.380259837481722,1.107965130513877,1.1066490886204328,1.1396242899130393,1.0734735998687617,1.0786403611245696,1.060549550361271,1.117941893731145
69,1.102703817143835,1.052127310035911,1.1516054356333811,1.1006270511650458,1.0940850725385252,1.0752417431149988,1.082843839895052,1.0896211704951928,1.1601662756215376
70,1.105833642043717,1.0178180592088517,1.0794306832901928,1.1031200387567457,1.107958389129717,1.0489497096025897,1.15235370890063,1.116633736400493,1.0688096896510046
71,1.1023336397537151,1.1871326884791635,1.1164336406675792,1.0986417565856623,1.1625814258461447,1.1428190811913532,1.130334452836462,1.0746389748318284,1.0972455706303004
72,1.1006141138579553,1.059290787431113,1.0946480783749377,1.0900021284819148,1.21730531142133,1.1895604495172745,1.0618044612540878,1.085325578742067,1.0875645075589266
73,1.1036668812288584,1.0856498324612707,1.0988415437960226,1.173775345375879,1.123824178733719,1.061443995651403,1.1110251600227898,1.090077116088173,1.1490111685681603
74,1.1018787612580625,1.0261024485066697,1.1006410067991528,1.1736802256296466,1.1648347667399568,1.0852723534264972,1.052356070692773,1.1366722677644092,1.0406670101510713
75,1.115698426751959,0.9837284466242215,1.106769053092908,1.1078686653738177,1.1059679542073173,1.085449693641788,1.0763204792711925,1.0745751462323603,1.1293727235603306
76,1.1034320180527104,1.1047551206114512,1.1280973514009511,1.153043792167559,1.1165061649390156,1.1059432165449623,1.1075989123720722,1.067083235297209,1.1260224263146257
77,1.0912036798792357,1.1015253901581292,1.1033909335863006,1.1524277703311778,1.1349366973893844,1.075911651687456,1.1411849811081511,1.080516878161354,1.067662738994957
78,1.1001122810161643,1.0406680849127445,1.1030583200766735,1.1209277717972896,1.1574913671500608,1.0992733837393995,1.1278540522377043,1.09643827550704,1.1223643079872208
79,1.1005193170618142,1.1706243437653636,1.1096027526128511,1.1123116807805418,1.1030540716180623,1.10201118588825,1.0870772956571568,1.1056946320939431,1.0732818051396018
80,1.1016520461399897,1.1174239361027167,1.1196580399314346,1.1449930017282068,1.077200235143716,1.068919171979518,1.0750592243075905,1.0649874285552747,1.109351490023627
81,1.1162155264165832,1.0121816353426658,1.1274147811403978,1.152733048309156,1.1238461635971957,1.0845498819950345,1.0942027461347106,1.0990238817394589,1.0899525854781478
82,1.1115187168369198,1.0533427939069493,1.1512058700786094,1.1659199524114932,1.0930145180864226,1.0873373781224858,1.0817020168501341,1.1049277767472658,1.1864998995738443
83,1.0996651077064499,1.237785216124689,1.064584076854978,1.130348552484414,1.106768433923482,1.0447665136445707,1.0781862918835043,1.0577658375794166,1.1273910475188746
84,1.1021723072653844,1.048287932830372,1.1563077919218836,1.2101857873698738,1.1109042127128161,1.0757804613573372,1.0699572206267947,1.1447155839767413,1.0989625798523905
85,1.1060904730975618,1.063156161629949,1.122629892427482,1.1446773273278377,1.1039807200058724,1.0733027333710616,1.0843437023139535,1.077638446817951,1.091070618054965
86,1.1040100300285192,1.0657925106935546,1.1404812343333168,1.1316283631143849,1.143480527373258,1.0615350388957894,1.1317586504020662,1.104423918142211,1.1040636206507721
87,1.093208264952797,1.026342919539105,1.1290740073816965,1.1362124101602307,1.0831551727652742,1.1408797807328552,1.1310680566104296,1.1018683465121237,1.0819198115648967
88,1.0777508045208712,1.080141981014995,1.1405354410968844,1.1248152181877569,1.0978217650993822,1.1730242978639658,1.0988565735660358,1.0725874512517464,1.1144871315535596
89,1.1122549609494987,1.2210633476007207,1.1714043051519292,1.0991524242742419,1.1626220920198644,1.1378161024208466,1.1201312943916237,1.130477294997342,1.0499559745939449
90,1.1030445208621327,1.0629773484549063,1.1396020592695417,1.1190312203904975,1.0643073817395592,1.0461764952545902,1.1016983366170066,1.2595562764835027,1.0929306621929886
91,1.0877416563623863,1.1567476864246824,1.0761159171543935,1.1915549233736,1.1290046894449988,1.1552342527242547,1.1145882659140782,1.1464945584323978,1.1198487905087573
92,1.1089013364667406,1.1264303625164052,1.111785579665927,1.1102716960401053,1.134376310754522,1.1075117410444213,1.1159676083013828,1.0987422385876249,1.1234923939854615
93,1.0851875331032013,0.9837225726812502,1.109911343401965,1.1021968844934533,1.083750478118545,1.0665894261708304,1.0921051644467135,1.100011166304564,1.1597253231649098
94,1.107141072934545,0.9996074552244618,1.1068191715960969,1.1088035787648887,1.1168753850301976,1.0787209818086572,1.0842151047564155,1.0376102455042246,1.1160343698442152
95,1.0946926802844301,1.0693336752976765,1.1324959219659485,1.1244687269194618,1.143958378983279,1.133427605428412,1.0925393097870806,1.1585999685192436,1.0997891633157262
96,1.1024143566144329,1.1192930596570285,1.090067383913495,1.1473752467147782,1.0948467707739642,1.1366884713753298,1.119641670061164,1.0662995889601015,1.1482886863539024
97,1.1077555140911743,1.2585978821432702,1.1594753488114595,1.1351766334787723,1.0963682271875046,1.073383373274033,1.0655222133627402,1.0707794131521522,1.0951745179204462
98,1.1157206844050793,1.0978931247041568,1.1264249164390288,1.1164731224324695,1.0871811427283178,1.087567599293902,1.0755957215276324,1.0657854982063337,1.1279935234991585
99,1.105393626066181,1.1025046214681506,1.098937919340484,1.1208085749025882,1.13849976465003,1.1027704976237562,1.0672715032027034,1.0754451975515609,1.157125382902731
100,1.107843191628554,0.9880339672661382,1.1205889527960224,1.112341934778164,1.1264361068689464,1.0928616016517467,1.152457982515946,1.0335919944431446,1.0644759982096357
101,1.1013405898818427,1.2352901760289499,1.0863451484969453,1.126587268789738,1.151172906593978,1.1068282311131397,1.1344221775805674,1.1359741224569209,1.1134313543622034
102,1.105431913252244,1.189954537145994,1.1393264499350142,1.0807619950449587,1.1274473672781862,1.0822735636950345,1.0474964564776197,1.1164834060273998,1.1171744699659896
103,1.1058349036879493,0.9894306996850121,1.061959448303915,1.1278695306886137,1.0582082139168476,1.1973457750769385,1.0758543295771568,1.0732619109920054,1.1475356769559926
104,1.0955919399366367,1.0783446876582998,1.091236868228805,1.1533518433010574,1.1035490318666257,1.0770329455043302,1.0864907997780502,1.0757723062004336,1.1222804849358452
105,1.1177670824527433,1.1048245088914288,1.1334949392660916,1.1366815261575973,1.106245844635868,1.1395514869466814,1.0532886342854053,1.0781400595897102,1.1397668256624427
106,1.0977578701563588,1.0031853188913418,1.0929753404685287,1.0739283161895816,1.1184787095150697,1.099306466535235,1.093913323444589,1.071806348739125,1.0887885271659823
107,1.1183074052560609,1.1003445372061251,1.1406493079734041,1.1847282118098386,1.1771635895097778,1.0830982621798328,1.1025253063004408,1.0772100045316795,1.0863567387296256
108,1.102527669909983,1.0160404590436674,1.0896420986196413,1.0796101054854883,1.1358539865967532,1.1079356424018885,1.0671818294797513,1.084338191804299,1.1224910930509617
109,1.095359732689229,1.1212492633343227,1.136700638450362,1.0754223747940024,1.077239288096656,1.056301387006952,1.0815125020535106,1.0872708120709464,1.065025873138514
110,1.0985646546945111,1.0977014289306357,1.2349777906934725,1.143633358688607,1.0785441070066446,1.0955064133468346,1.086362163886662,1.0783668877369266,1.0856716724244782
111,1.0982127978519207,1.2539170564864832,1.1278588264500236,1.095587442468768,1.0969485143486786,1.0806101277582725,1.115999889619748,1.097854119989373,1.0680407341967997
112,1.1076417914743522,0.9954580560880848,1.0742132908245337,1.1345879198775712,1.1344970701470218,1.120850183838634,1.1068041249742684,1.0750574693925323,1.0914915779302967
113,1.1094627443103164,1.3751754443133544,1.1012669289841137,1.097819687293822,1.0957157849612436,1.093422306071981,1.1523759193212546,1.103249664099955,1.1193325224787005
114,1.1066091731482683,1.1130919354518929,1.0825906608022504,1.1413875506601654,1.0841104888965953,1.106138986879637,1.097104948945499,1.1231875502767368,1.0803828108874947
115,1.0927835267298327,1.0793654692630612,1.117495957885582,1.164555625357647,1.0776842097368962,1.0788857649441859,1.1105268545640519,1.0765553380968789,1.1451194399752984
116,1.0944806738877044,1.0195433039303603,1.1397499158692106,1.1561611845777562,1.2215157736889175,1.1268394254940985,1.1103089304197171,1.0534671321959475,1.0239692320212683
117,1.0932334334613443,1.1026528023148388,1.1304066779919824,1.086398780582214,1.1113164210565065,1.0855588538157137,1.0910567564302918,1.0536387681157362,1.1032047412425219
118,1.096425619250571,1.2192808340136916,1.1128290299914556,1.140806865564371,1.1247590961352902,1.0818399450194223,1.1002525312475393,1.0701377492915771,1.1070208306065248
119,1.1173455046158376,0.9865271243200281,1.111298052543233,1.1577531334841609,1.0933578703887865,1.0562375732887392,1.08476433458192,1.0797427364586256,1.0905792555698757
120,1.108101048240601,1.0659803605481801,1.2883072257329062,1.096839494973274,1.1027578830312867,1.0710422537841846,1.1357868729231888,1.088516336079238,1.0834588534568148
121,1.1167378869958486,1.1387024308598894,1.1278643811967137,1.1619577092936433,1.1793203011571183,1.0707892958491605,1.1170045866539364,1.074438560417259,1.088709134271989
122,1.1149201383070746,1.127297211278338,1.0987730711233912,1.1403728027141355,1.08722198368813,1.0850749091237126,1.1315319645288417,1.1252499637297753,1.1333083242377429
123,1.1059512929445814,1.0791359746618052,1.1134523060070574,1.1511975737225233,1.1475562812201505,1.0668374314163342,1.0983725502276536,1.1277691656073232,1.0782887491251143
124,1.0815297764833494,1.088498420292363,1.1258335043584002,1.121824788024518,1.082248448738578,1.1492348254889673,1.0640512424647204,1.0851792854220808,1.1045064082007594
125,1.0946874945090286,1.1301235198000519,1.076601105902514,1.1031828451416263,1.0835940684403813,1.1438329168256716,1.102962479478711,1.0719738990312813,1.0737136634857751
126,1.1169837458196832,1.1991056002302225,1.0670956356795571,1.1429608639956215,1.0958694456482243,1.1134905004864248,1.1000698652955723,1.1754366836410393,1.1308036383487163
127,1.096325909590714,1.0846037299229527,1.089257829488881,1.1171438309727861,1.107147925713907,1.1095071203768516,1.0823121742125694,1.1198625358232452,1.0793438715429062
128,1.1192222961859875,1.1468075888229339,1.0782250381074432,1.0769103924830206,1.1597250225411047,1.0519927701244252,1.0981375176413566,1.0942200403285358,1.1002655265146517
129,1.1169019037181285,1.1021861077575321,1.121450846143755,1.145015503844204,1.0925001065349516,1.086032938175282,1.1038146748804378,1.0884354255037039,1.1409923721459847
130,1.097328604968373,1.0486054465031531,1.1039128082530152,1.1276991946112778,1.1185031423284701,1.0725345980316878,1.1144128510380222,1.072793799831272,1.0036413273249647
131,1.1142194608773677,1.336279175067127,1.1307115984532732,1.1312558982301353,1.1366766066130785,1.0980749143933244,1.0641546183035093,1.0971145242990614,1.1101213023320364
132,1.1118115580095258,1.0288846139942516,1.0942237466785212,1.1315767144500821,1.1671673561995461,1.1163165101163215,1.115654934931657,1.0986174769974202,1.1202713424471435
133,1.1055665858191297,1.3740540784908108,1.1443552503227472,1.1449724975856819,1.0856729347830731,1.0860840571641843,1.1204748951799093,1.1260194934870853,1.0981911707482517
134,1.1061878653083084,1.141718317724668,1.0974609892767855,1.1456701354362213,1.099572028311419,1.1002950134316951,1.096513928384412,1.2153446692930774,1.0422908225354444
135,1.1166768108988123,1.244565612932129,1.1425571781541046,1.0854323579967569,1.1204186912022507,1.1035996297802833,1.1121048595508523,1.0791022614715633,1.0866049093185535
136,1.102276079310839,1.1141614991242896,1.135644900325973,1.1322087226465105,1.1849090546122794,1.1079757782705641,1.0980320334124685,1.1586714935730322,1.0946185689445598
137,1.1108577383713494,0.9869992656878268,1.1575762514081354,1.1561417872497841,1.098007565658534,1.0763966540507761,1.1406082968648596,1.073268878482113,1.0876405196529217
138,1.1120411803492567,1.0027479395995709,1.1093970522694327,1.1156608867365758,1.1343584126586301,1.0476794952985904,1.1120831933329394,1.057485956332653,1.1475643371582924
139,1.0995353041536524,1.0963346838555497,1.1313968610382534,1.1709510271445867,1.1146674045210727,1.2091243329041805,1.0825323938799885,1.0961284109807807,1.0918651050791306
140,1.1062921428554895,1.0148032856037192,1.1363668027253675,1.130849035605256,1.094365682593794,1.0690838064922166,1.1426850439113085,1.1037416302358778,1.1151150258635563
141,1.1139203812994163,1.087440029100792,1.1053820496489748,1.126804609493989,1.117587574185205,1.152817456176898,1.0939994073367325,1.1090989445842359,1.1310307098577617
142,1.090773741793978,1.0822159606104114,1.1036801918135144,1.1698941049755212,1.122893602351256,1.0999639004587964,1.1086145377865022,1.0824261451122137,1.0951194013076777
143,1.1131037731143043,1.0309689393460757,1.1132643138919431,1.0607578406379892,1.141322340056986,1.0746654917479226,1.0565525923916377,1.146133967449588,1.1556267848896251
144,1.1065029361533816,1.1119501248281407,1.0977012704710118,1.1138151337940454,1.129452158570306,1.084380878789017,1.1058918696691535,1.0951472890114429,1.1229905166418486
145,1.0963290666714163,1.2190177227085486,1.099236022486117,1.050725901069998,1.0989763554294496,1.088299056202248,1.1043139929800792,1.0988704506959157,1.129439178696507
146,1.0943036599514024,1.0297891413733347,1.0842088297303427,1.153459665573494,1.1400854001514484,1.0684133262594289,1.0872787344809633,1.1277732199475914,1.026133846883757
147,1.0956083301248252,1.0641167327839818,1.1034268103067033,1.1304360096601922,1.110966782429462,1.0632193931280605,1.1343703464434942,1.1440457266946669,1.1581318387259403
148,1.1197457391756769,1.13840302458421,1.1173151029132242,1.0891514929460275,1.1053449199963858,1.1087266805753604,1.091763651527493,1.1077041808957113,1.0667332102889633
149,1.0920602958398782,1.062486384370925,1.1427005323528485,1.1209760350162918,1.153133851851291,1.1374264882466458,1.0770779396749999,1.0504508512059731,1.0762967910750583
150,1.092433760956595,1.068612589844836,1.1119106906865186,1.1312255554339083,1.081818115049611,1.0928232729986718,1.0742340126850114,1.2031709634786527,1.0931444035535436
151,1.107540083694665,1.0817589222093265,1.105099753662747,1.2945559838129876,1.1157803395814059,1.1108441849290183,1.097394099259172,1.13058816794164,1.0909624541583973
152,1.1151708386658226,0.9915356601586142,1.1075773552023305,1.1407557461087987,1.185912074732567,1.0613738233959942,1.1153846394337699,1.0898911457477085,1.0702817285855177
153,1.0992667651195251,1.0485331984811919,1.0981147529379716,1.1090514363062158,1.0886321469601925,1.1848994151919652,1.1508443935973875,1.0667045113185416,1.112444199206623
154,1.1010613204946307,1.0663628571159895,1.0915215584750255,1.105699332259848,1.0831381288227078,1.085196403363689,1.1003737650373036,1.145631659246672,1.1022712304866102
155,1.0987593152914499,1.1601222507524325,1.0841960074701051,1.1119964470712114,1.172604846141974,1.1255972203870186,1.1017547119644842,1.0511127441963353,1.1087416310079539
156,1.111399072258004,1.1028775608808035,1.1932479141328256,1.2450035166290083,1.09401780638183,1.1176193093412568,1.1288371215323085,1.0887158366545266,1.1299139398137825
157,1.0965357615196856,1.1558780958279344,1.11298299495934,1.1240215085008567,1.0813076842332485,1.044007169324196,1.0744527037365645,1.1188410577695598,1.1047078424177095
158,1.0975813840193298,1.136360267514148,1.1138677585976202,1.1308744915427333,1.115944378026687,1.142002672987818,1.0891808889040888,1.190293021665944,1.0749289296508808
159,1.0946350319494138,1.1245770392465013,1.1163050282404956,1.1485768900441813,1.1030807326077052,1.0839895105569752,1.0671833655324459,1.072338476929917,1.0729224271917415
160,1.099737799787602,1.1635518490367143,1.1029298086871644,1.1027283326521153,1.135872384017752,1.1234792187832006,1.1505917020128325,1.0613228815334432,1.1176552235989787
161,1.0930449609420354,1.1346291709218637,1.1387587247891349,1.1331015588510789,1.1017028956454182,1.107637654382753,1.1565948549118317,1.1384961714319466,1.0915523069428845
162,1.0919208982057393,1.0265104998098369,1.1150671132693826,1.076548971236892,1.1260904451456402,1.0553995230448125,1.103152477179156,1.0811783250065816,1.1156463511620545
163,1.1124864680558182,1.0947652122076275,1.1554524704993065,1.1527704939436172,1.1142796418346015,1.1310915433982147,1.1008306925718665,1.074412313334506,1.1182607908420619
164,1.1087323451098152,1.057477880847509,1.1520248353527511,1.1202408642296993,1.0872581486143773,1.143764181044984,1.1214907787414365,1.164104210701739,1.0855307946976123
165,1.0948213857904785,1.8692871323474323,1.0998014285621824,1.1374621491427932,1.1125124751728568,1.064200838506143,1.1057829219576125,1.0887952182235012,1.1224061678680048
166,1.0984594656822002,1.071199778032304,1.0867647134779406,1.1891817022111064,1.1103761983511728,1.0835451147544743,1.0907698784777595,1.1022539697478313,1.1270597827372277
167,1.099485753606262,1.1745916866966848,1.1423673880548377,1.1296134756266059,1.104673176078726,1.0816087750465517,1.1199067356302144,1.1408953000715403,1.1782501352276014
168,1.1012835382610973,1.0460746615920091,1.0935051785923127,1.0896016517552967,1.1807920724923078,1.100029126152786,1.087058808964554,1.047690383853386,1.0944596925086019
169,1.1006471191610385,0.9912630202502513,1.1476510454229574,1.1404257796673842,1.103522233986625,1.1192048989414376,1.129642951080162,1.0785128387839027,1.134256037857992
170,1.0942010739707875,1.1426184521103084,1.1366210641586292,1.1009200778368355,1.1154223297465906,1.2171851346728444,1.0790455041406009,1.1301499382232594,1.0879452248545824
171,1.0944550188285767,1.3966358423266547,1.1154184120159467,1.0998020992695239,1.2001275284961135,1.1265728456248998,1.098022050505403,1.125261573413647,1.083161262646618
172,1.1092926743748168,1.3115822450942185,1.1067422006066223,1.1156042592739528,1.1733208643976252,1.0827052895293494,1.1080605731331028,1.0822834726143913,1.0801047343424164
173,1.1021829517140667,1.0122307391249088,1.0961382189545987,1.1172510804351639,1.0989656529978364,1.0983372870864652,1.109100156617074,1.0962324506090424,1.0891290069822515
174,1.0999325758106377,1.0063121395063526,1.0845963354421655,1.1380319643310641,1.1198033822076183,1.0786443610421081,1.0792620356683362,1.1041066049053863,1.1079172165085736
175,1.1013015836408944,1.1064633154385315,1.1489762194575026,1.114313499723641,1.140997401944055,1.114451624871368,1.0757417124572097,1.1106220034210676,1.1120882329928576
176,1.1049031931642253,2.3422774001397206,1.0838858519619088,1.071512819009988,1.0949717200363416,1.07005671495942,1.1244282878027543,1.0786526363070228,1.1017491326223092
177,1.0996554894030586,1.120225835180186,1.124615837816914,1.1203249577396652,1.144566913144093,1.075416645864397,1.078117168211166,1.0822543411246242,1.1490131043332266
178,1.1062809304093795,1.148516023442734,1.1186619918088918,1.1255390683330688,1.355290731736099,1.0846073687501196,1.1194149229826158,1.0720977802669185,1.051281915094743
179,1.099470804218866,1.150573045042296,1.1508236760446207,1.1306702201222365,1.1428504517908107,1.104190248773465,1.108139802299527,1.0897551433279409,1.1366885099947723
180,1.096278371114628,1.081211089601074,1.0919201199864188,1.1694880432776367,1.1268898969512107,1.149906885251748,1.0586695879424541,1.0739736779794589,1.1138595146782264
181,1.0971565219251225,1.0394757372946617,1.0924354694395553,1.1260059107305174,1.1258963675355003,1.1169140701875095,1.0938050059497921,1.1033531909056493,1.1028577223259546
182,1.1135732801934641,1.1220424412765766,1.114943747088458,1.1098499343141994,1.1098101988530331,1.0774461806851863,1.0966077681079205,1.0785847956585133,1.0835073011177683
183,1.0954552610632193,1.119234477821942,1.083574702728113,1.1239584029635317,1.135680473622858,1.0791876953114519,1.1135721065612811,1.0754987639929334,1.1045425909342401
184,1.1341791850050562,1.8101637338363155,1.0948388286665893,1.1210844291961664,1.1421072745332863,1.1389451794255459,1.1034490769917822,1.1412533285636601,1.1176667430569875
185,1.0997001183436785,1.0555823427643531,1.0942330878774515,1.1320368401617482,1.1266000469690396,1.079975292262195,1.1067725895307596,1.1020164227014662,1.0745288226019838
186,1.0918743829565565,1.0326030802641935,1.0987646954323436,1.0800256075591645,1.095078270733198,1.1576808176196118,1.100101640457887,1.0882197039652939,1.1108538262641527
187,1.1146849552509537,0.988505917448497,1.1401087256345106,1.1091684656854695,1.0833279321882139,1.1962356640717395,1.1734037425534964,1.0977273884608354,1.115142138480432
188,1.099137441016649,0.9763482834720062,1.0694877116521975,1.1373736630183704,1.1497959539118916,1.0785008168850811,1.124229564600794,1.0845130895757527,1.1838069677880898
189,1.1123396752440757,0.9720814757993874,1.1362213747103167,1.1134816982818576,1.1452920492116332,1.1348289151810562,1.1332631603374523,1.110219219813441,1.1212308718965474
190,1.106787433371827,0.948539833806756,1.0856524456760008,1.1715885206996297,1.0924857989918502,1.0586132603483787,1.0959782683565615,1.1366098222654986,1.0908792843796828
191,1.0961489105089823,1.2506568262831066,1.1151185111268687,1.1259618977354338,1.1203315683481627,1.0667327197436982,1.101119993429847,1.0739323237057514,1.0803158242810271
192,1.090214471703547,1.0425108133098344,1.1968705759362048,1.1517115994189089,1.0844990166496706,1.0721891961289265,1.131234764003824,1.0775997001819466,1.0885987678343017
193,1.08779607524072,1.1867643038026534,1.128433445111583,1.1439410200320008,1.1201769662413223,1.0978829803817727,1.0543190801248312,1.1137587929514243,1.0941411287633367
194,1.104129011258281,1.2095336895624278,1.102538368103098,1.0770506512736635,1.1237089647590797,1.0733136208829785,1.0826586906646505,1.1536044506255902,1.1025401495270801
195,1.1075191304428662,1.074947134233059,1.2633131010504708,1.1495764642114752,1.1417565259953923,1.0940174654843084,1.081563376730239,1.0993251483783764,1.0762688997718495
196,1.092640128954888,1.1052271188793668,1.0693009583959603,1.126032484918724,1.0796105363878379,1.4104726488792327,1.1036758737960943,1.1145488422562744,1.0956712798621124
197,1.110945875355231,0.9803518104904794,1.0513188106033629,1.140062202764617,1.227404922745677,1.1024372722432867,1.091088706539798,1.1190610827553695,1.084417606867497
198,1.0918907501020285,1.10948379178709,1.0994252962639766,1.0759787508350265,1.1806932785888953,1.0945615299958213,1.0822036110053825,1.0560107032407415,1.1199706961237137
199,1.0943661634334219,1.1850245332547287,1.1045442766107936,1.1655551683946166,1.123635438983305,1.1026484053575503,1.0861292366863267,1.0937454198010117,1.0571646233436072
200,1.0970413244410597,1.0055661898390957,1.1629356154947177,1.2754093377022198,1.1062979987584503,1.0676401760750722,1.1051083690833063,1.1020988449756757,1.0756349729901042
201,1.0904754771326584,1.3303242840015703,1.1248489103767083,1.119054864773815,1.108805211387929,1.1099193371307163,1.0634553472387411,1.0608624350502815,1.1076804234325974
202,1.1036507986775688,1.0178623872676742,1.1128656748631947,1.0538635769378453,1.1045345363299512,1.1025154014834049,1.0701627436591015,1.0664033707995009,1.114975347575541
203,1.096183827735503,1.12818679591043,1.0939491445219551,1.1391810095495165,1.1721364122593123,1.0850456361626026,1.0571988119261353,1.114908437576021,1.1007027253996846
204,1.1132572393916105,0.9810778228650413,1.1218369229309189,1.0991832018687229,1.1304362461869564,1.2044620516275941,1.1188148932300646,1.092482871563231,1.0448775093422702
205,1.1146826518225772,1.0304814442294654,1.1778591175965942,1.1365301870619149,1.2238149076383003,1.067448232501273,1.0802490940624025,1.055396602931416,1.0953459925352695
206,1.1056646729413324,1.04396558596808,1.1764332399264958,1.1403728338521548,1.1214089183065994,1.117934209780337,1.0758281460895593,1.1073856263388469,1.1122015819853301
207,1.1039792429870188,1.668973577693433,1.12218752173805,1.1170784710477644,1.2004378638391615,1.1001506758586126,1.115518476689031,1.1424301154320944,1.1276480727613762
208,1.1141805477464934,1.1556358697183602,1.0850254178757022,1.146884779221483,1.0872059133014473,1.1181810322763919,1.1048185542722522,1.1251409480532386,1.0971397313025957
209,1.1036633710294301,1.2523638912840678,1.107388959143953,1.099084926076123,1.3526346767656385,1.0890116255870401,1.05754038754781,1.1720823778817453,1.0648822442115489
210,1.1075599672896708,1.044133377871928,1.1280303197845443,1.1722970135178716,1.105602978084649,1.0553426402711577,1.0926671404125545,1.1420707180248693,1.133679844651041
211,1.10223308215602,1.11496389979467,1.1563919367461182,1.0991043765674253,1.0585464199081887,1.1219621018738013,1.1211551078130462,1.0548982237571256,1.1027224089934464
212,1.0924354830342615,1.190970832248057,1.0940814652034507,1.0920366459973057,1.1225187876253282,1.0822654590617193,1.0872776435880172,1.0791945659466324,1.117188987938518
213,1.0992159782922435,1.116900225711676,1.1172133527687544,1.0944884398209758,1.1041979248477418,1.0923813550160666,1.0962960598733247,1.092895973463978,1.1243563054299688
214,1.0928511400132581,1.0192751957134245,1.2049192729785905,1.1157290504474928,1.1261474791116415,1.076976518046679,1.0910682563674665,1.059137536040407,1.1115018641356593
215,1.0882732067583751,1.1179571606726033,1.0793970433756996,1.062243458760139,1.2103483083525342,1.0877594386849339,1.0942714297745713,1.0793687992571142,1.1110832874526995
216,1.1061284606697752,1.110621538886511,1.1077695559747145,1.1485127450409376,1.1259837910958799,1.2679218793787632,1.0329774431464749,1.1028615943413742,1.110821040998881
217,1.1191183421594328,1.0538811366688101,1.153433278613116,1.1955812469893043,1.0870113544102713,1.0913411075140125,1.1112129336851104,1.0927800986819838,1.105144164766023
218,1.115403504939552,4.236393717511149,1.1064708822637785,1.1374737718541645,1.1187740650629419,1.0992504719028378,1.0822409625494804,1.100655949019212,1.1358499422319903
219,1.0943844831107696,1.1612486195098826,1.086699843955768,1.090281786770868,1.1215925635240895,1.073315416941815,1.0786437635205561,1.1075348657307489,1.1050222263055829
220,1.0820653390374861,1.040793547384433,1.1788835593754956,1.1035219022173888,1.1116047923050583,1.106157282682427,1.1070991103114092,1.0924975843622298,1.1411601345549862
221,1.1016818458134117,1.2634090200365047,1.0944896034052285,1.1037754720306283,1.1474921237428528,1.0736569060056735,1.0904102034489296,1.1104272255113916,1.105774871863224
222,1.0902686169958749,1.0105286484707658,1.105734088525277,1.0884340676174846,1.134660259721009,1.1243705256348464,1.0717246941172143,1.1965291090218022,1.10846968897882
223,1.0974166089401267,1.2517192106861919,1.1256703628439857,1.110707748235879,1.1412347039420723,1.0910616806533948,1.0725946170887906,1.0746942839618103,1.0845888906326355
224,1.0925022741261117,1.0154456160849892,1.103649195746303,1.114523047530571,1.0897578937411567,1.0982259531233,1.1494899823082954,1.0777625136110598,1.0854483568222892
225,1.1120876972146312,1.3726663705382207,1.0532605434094,1.185694273792533,1.1367073367795149,1.1149299046797942,1.1057351226933134,1.155978156246951,1.071840146085235
226,1.0979299061168357,1.0468950510406125,1.1140070957555486,1.160391642430142,1.1119224402807628,1.0871778581003506,1.1036132476236276,1.0915677178336343,1.1214701307324235
227,1.0893444393866154,1.027774737262298,1.1458098387560045,1.1419842314577828,1.1025120051362989,1.0988264828935952,1.1161381169555094,1.0772820077255116,1.1243787257088
228,1.1015608323206114,1.0357820430003752,1.1966415212278037,1.143785639446394,1.1160229827013928,1.1429726667825149,1.1145698220353482,1.090821459269842,1.116104588661322
229,1.1005729565781173,1.0132025607376147,1.116411925146893,1.0968716286647402,1.1322427909292898,1.113879139132941,1.066728109856757,1.0945733452145232,1.1114645293157088
230,1.1009371994291608,1.1881427746265187,1.0949542021182088,1.1547173035573002,1.0873900283772422,1.1137480665793857,1.093296679066956,1.0771151042549867,1.0583935590651354
231,1.0995691477983487,1.0588019373148088,1.134317979591531,1.1102601876311475,1.093982377188425,1.0764311486059865,1.1293900069471123,1.0903032839637123,1.161768492584852
232,1.1079137332858726,1.0925595175338594,1.1087134577873894,1.103095829993435,1.1919189557209624,1.0827295321269743,1.0899921112160935,1.0753002273369796,1.101197400003125
233,1.1180183991284567,1.15883323363563,1.1225016826807441,1.0909188833854875,1.1204720118133504,1.109664695401298,1.0900549588437216,1.1501313510900386,1.090746346013938
234,1.1042001270530015,1.1199972994428729,1.1442854013512949,1.144546715687413,1.108650920520446,1.1050493055882418,1.0834015822734335,1.1057657356668205,1.095219808995087
235,1.1173664267457233,1.3393282730697273,1.26807966226307,1.0889943249081269,1.084206108307391,1.0572450462205156,1.1233989206046544,1.0859025236912496,1.1421240019879506
236,1.104219199640634,1.1322518771313261,1.0936831401720646,1.0844000047517486,1.1281451283636426,1.0280045745515412,1.1182184831109647,1.121237787065699,1.1068857963464354
237,1.116773054557534,1.0869530795105327,1.1307650277743204,1.1346062176749088,1.1145410729270417,1.0699495913698203,1.1077198816011957,1.0943887196366877,1.1217866919303825
238,1.1116368153060252,1.0919340018404953,1.1579435478649847,1.1615779103183888,1.0964911961893589,1.1299597504813468,1.0904066972275668,1.0820758194404412,1.0600420864541582
239,1.1096039791299175,0.9956275992245129,1.1508679562296933,1.1585438201809661,1.1100558034927073,1.056690785223719,1.097821268444327,1.1068438345759002,1.088327695088398
240,1.1068122563530527,1.0166189134710022,1.1319746836972626,1.1645795550864442,1.1110032397663046,1.0550838340927995,1.1892683418633603,1.0931552182505802,1.1782061171298746
241,1.101827707964708,1.068648431321874,1.1496750450943012,1.149991878398181,1.1045274670712508,1.106867741887924,1.078403887739084,1.106819894124214,1.119611866151223
242,1.1088941811521962,1.0374147749655533,1.1059556128043102,1.1361609548628981,1.0762331517014507,1.1643565705707857,1.249762776153099,1.0568244366138162,1.085757249601248
243,1.089085614681883,0.9414135806923414,1.0903502426484666,1.264962948797391,1.1045650827285118,1.0778332610452883,1.0897420369137698,1.0891627234658636,1.092803498174066
244,1.111430644403278,0.9869800738853391,1.0953983965380738,1.1555916415492635,1.0998574700185355,1.0859021800524078,1.099988338465024,1.0994943565205477,1.1160269533437048
245,1.1055081335692027,1.7949891724465357,1.1070065399481812,1.1625577463621988,1.118656990182382,1.0779719680201512,1.0910075625276954,1.1144637587245123,1.0689368344259784
246,1.1031676009237958,0.9794510734985413,1.2469083216763754,1.170850692439524,1.1480847702804255,1.0761257614164614,1.1043073055399215,1.1323512886051836,1.0873296614837487
247,1.1083192290987824,1.0375453774843284,1.0815955030664606,1.0961813197878933,1.167185387389972,1.1061674071063443,1.0792520461351784,1.0813511189205915,1.1302693238833943
248,1.086972115664023,1.0232693226774938,1.1154509587083437,1.105783386915904,1.1141992519869781,1.1330934132958983,1.1123181649145848,1.0887460034746557,1.0838215745345565
249,1.1100415700225301,1.155128386288669,1.1450936385072499,1.1513120535838692,1.1236222541541987,1.102809566639893,1.1160418793619105,1.1866956042596852,1.0922309074308503
250,1.1187114460948748,1.14194787739692,1.1196471004071655,1.1328951192508752,1.1887679942347433,1.081897009531723,1.061851077180238,1.0799371987421842,1.1362510442559481
251,1.0993149141975949,1.1824034666108685,1.0981721888915563,1.17243643353191,1.1454597687844177,1.1263770948176932,1.1163484857595727,1.1537541715253867,1.1765465746599009
252,1.1040894045708998,1.242167051195567,1.0895583583471051,1.0577054190741284,1.0868361405553075,1.099828937168341,1.051232307452132,1.0745280983772445,1.0721311911331504
253,1.0921645191221854,1.0592992200904672,1.1145903315750865,1.115484660138227,1.125742172871958,1.1119329783792022,1.076774168733993,1.107322262451439,1.097380923475902
254,1.0861554019962052,1.1822353308995528,1.1071769205409847,1.1121494147790327,1.1623112699265958,1.083955108264653,1.074808692050303,1.0845898610992104,1.1068344402517591
255,1.1105880049126866,1.00276545931389,1.1347438924442592,1.1258612635912058,1.1438951772602817,1.090538416113872,1.111725753194248,1.072711619736187,1.1270753090891383
256,1.1040453374760555,1.0320504044910097,1.1304960352809836,1.1252482371657402,1.0733732616855265,1.099086253147871,1.093936573355422,1.0718117490514318,1.1016819905220214
257,1.096854213055273,1.1679972159837377,1.1441331190247805,1.0925526495375815,1.083550472982826,1.0859898524042806,1.1046792844562443,1.084902062443346,1.0960478915532177
258,1.0977269007034252,1.0547316044020105,1.1340700596232733,1.240037047319885,1.0914682821757498,1.124310983425432,1.0536366951193399,1.0756793009995278,1.0681899654216769
259,1.110745422400594,1.0283547936211903,1.0712010522217121,1.1488578388510526,1.0989276266658168,1.1431748234883234,1.1307784352982895,1.0745576876774736,1.0955084928567635
260,1.1097657068046265,1.1137824772290592,1.1080449779120884,1.103070253676794,1.118114474233314,1.1168974787718828,1.1005552540499046,1.0876876017606696,1.060405064873658
261,1.105044561386791,1.0321129293986218,1.228158182611117,1.1244823049116706,1.1092666198480559,1.0755337925309738,1.0906775913318363,1.0969269438413554,1.095010611110235
262,1.1049881370203376,0.9926524627036947,1.131084414721582,1.141584322098763,1.0975286939286442,1.1159102287863298,1.097109095143099,1.1166336958352496,1.1247053016119632
263,1.1204911493596268,0.9504021143895103,1.1132575217905885,1.1063410766333173,1.1872149161167092,1.075361053319372,1.0743786560032176,1.0946582216110061,1.1144502737434456
264,1.1172813147487761,1.0597906927074523,1.1721468518511016,1.1697574175576453,1.1241509635171865,1.216069265312999,1.1179510506347106,1.1040555664255065,1.1228800558308052
265,1.0999774215894014,0.9914538577875966,1.1004888237501456,1.1074681487155535,1.118261874411483,1.1108740672297015,1.100258266098168,1.0849053836844633,1.0857469970614502
266,1.1043969967323413,1.076917868723889,1.1421032023891662,1.1297865349812712,1.099273693799143,1.0551693370470596,1.103518510948008,1.122147759595221,1.115265252836272
267,1.1076250090062265,1.0456058863479363,1.1015560487334812,1.0961342803903973,1.2244109422585758,1.114496759371319,1.0921657482277387,1.0726062697403311,1.1139854443959154
268,1.1082029778745628,1.1831422746757805,1.1229492256353457,1.155774188706311,1.182930417405165,1.133896411826341,1.1009813256463812,1.106256154803593,1.1601932871921774
269,1.1039375692613171,1.2180592019702765,1.1115038205280108,1.1219035951595342,1.1462545169254978,1.2292761088276039,1.0855312206516898,1.1082378019677837,1.0965403120473052
270,1.0952202086952096,1.1685598002188406,1.0847858576588543,1.1357775809010213,1.1388440015428716,1.060484043228704,1.0957748138355343,1.111611108570726,1.0969256512884566
271,1.0990327383262146,1.1434049100785868,1.0941048106104814,1.1050846803858567,1.1040246474024096,1.1211671389182776,1.1327869182189474,1.0506627050184647,1.0827895555249667
272,1.1015266418098817,1.006770045353453,1.1086336872615674,1.111644807306781,1.1128143332174285,1.0775022319941963,1.109512979418513,1.0894816133902316,1.0816618948418666
273,1.096863955838519,1.2403696091328962,1.1172988008710327,1.089677133377463,1.0862828441653132,1.0813885216496946,1.1220414048744887,1.0651393764909165,1.170361224652204
274,1.0870850555008313,1.093976960171601,1.1389115157271832,1.0715262033035038,1.109546089017229,1.1137188026822125,1.0811145110517646,1.1301564471175116,1.0846634615711561
275,1.1051745592528168,1.0263835296910622,1.1471575699579146,1.129745067372153,1.1351692694402853,1.1167114155508777,1.1308170166299367,1.111030485168771,1.1242001541614148
276,1.095603487642193,0.9755178968452712,1.1174520570095008,1.1229344390446476,1.0727937532434233,1.164538018057361,1.079195291468914,1.0868990311442237,1.1124329553980792
277,1.0959952484088602,1.0480198539411238,1.1393224028495728,1.1149139005537128,1.1348487892125616,1.077829774715151,1.105405520775498,1.1000362112183275,1.104537406593872
278,1.0959823226967673,0.9974858136853374,1.1086349546916032,1.0957100152633412,1.090479211559442,1.128529956418051,1.065478418416042,1.1231010708202347,1.0973112638847002
279,1.1003862828838573,1.0631906646220102,1.085110805582484,1.1148650243921248,1.1209341684816052,1.0784429732752783,1.125932390575314,1.1373243616862012,1.1311538978152647
280,1.1053181151635503,1.0717977080565448,1.1538652852301934,1.1353800165724677,1.0964881406583726,1.1050928612591173,1.0747328396572338,1.0872155638575083,1.07629236748649
281,1.1007831693234433,1.0456876969142093,1.082297547555617,1.1181832776533118,1.0936259210579833,1.1514045810334816,1.0973802249441083,1.1778550108195833,1.1175240325369042
282,1.098743643206127,0.9635814357810747,1.088737355615227,1.0816802892659763,1.1712970777697773,1.1376638867428785,1.0586993373278641,1.1178123140932033,1.1286055638097214
283,1.1012724022127103,1.0679462251901453,1.1291871204614647,1.1141577494223405,1.09485899121585,1.0751950874106282,1.0881503462850144,1.0882406416342387,1.097734536781544
284,1.0903458560642636,1.0713747602149977,1.075861615409153,1.1554861459908756,1.1217201150136307,1.0725085978668725,1.098510833018417,1.0878635504440763,1.0776136674849741
285,1.1043989483090615,1.0262961134103221,1.117962188407642,1.1483076546922542,1.0999352048261026,1.1361038407906696,1.081271106210076,1.070450431602754,1.0868105180105203
286,1.1170830499426738,1.0407565891706976,1.0774188278419279,1.0923663672485815,1.1544964998174587,1.0886266035493084,1.1464893875323148,1.0888029204824792,1.1383976427875775
287,1.0958688519285478,1.1625385028416368,1.2129254942017453,1.1236105023612042,1.1326776700842796,1.0769983011565656,1.1021579106440456,1.0986677193257544,1.109778004787523
288,1.1053155964245027,1.2124380254832574,1.146128457822141,1.1190925353766181,1.1052675740011206,1.1669190284006468,1.0846702896890412,1.0750166670041894,1.0599427292288042
289,1.1124622334236316,1.2108250612680995,1.1030329152100682,1.129552319417596,1.0926821059488285,1.1201421618535627,1.0889857120431026,1.1165065093853943,1.1154081406616685
290,1.1255513378120352,1.1470523307726814,1.0976744725980982,1.1420128022330627,1.1116597467983453,1.0631238704584387,1.0598088140707114,1.0832495715568171,1.075514257338244
291,1.1101678200487828,1.089586172895426,1.1051200710750888,1.142087752528855,1.0759438715668965,1.07998829403239,1.0885040960345767,1.0917496858210178,1.1478931790536862
292,1.1147475910536888,1.0205534317739988,1.0865016150741589,1.1177359241192621,1.1050125263965263,1.0778536353590826,1.120418057946978,1.1010265399578112,1.0958821215118075
293,1.0885403148016195,0.9302038287684044,1.0981246013657666,1.1183474372934346,1.0923938663914678,1.1682362004003515,1.0988335325189689,1.121389138376608,1.0699333158293367
294,1.1121752981157764,1.1750522816475386,1.1039681127863448,1.0984683109325295,1.1230942152126555,1.0724294042042433,1.1116787629154117,1.0752733718006635,1.0936092934792736
295,1.0987041833704982,0.9894706864268202,1.0980030635765736,1.1445266642596308,1.1595615627195526,1.1139825598302298,1.1135590086853164,1.0777181094450703,1.0895766244658591
296,1.0857818241794501,0.9501502943474776,1.1091632668296498,1.1476954479336443,1.084334587391349,1.0896895695669044,1.1298177806690646,1.0804837358379427,1.1360393192946483
297,1.1005480428517256,1.0801134298224833,1.1152904406629012,1.1029723947543129,1.1255505014739444,1.0798003243989174,1.0833206509776205,1.0601877406561115,1.1213748580710579
298,1.1130981315048827,1.095557022141851,1.152876699679778,1.1743970852763916,1.144676929577487,1.0621102083366116,1.0844340514876958,1.1099832001418826,1.0794295482877228
299,1.0968029514998694,1.025880857128694,1.0891316837290934,1.1720118195191758,1.1414639764588244,1.072666792152174,1.092801834492798,1.0445069504415772,1.147824473444299
300,1.106778542209861,1.0101938825904906,1.093658272210771,1.0783200965332158,1.1367902105439083,1.1178075347746228,1.0783409145357175,1.1215961649509216,1.1023869510714175
301,1.1040857893831766,1.3942438389840333,1.0977955090628035,1.1270737067117773,1.1048213616391596,1.0974210502033552,1.104707493278236,1.0814875356589269,1.0857975726373685
302,1.0972406861858999,1.032787041804652,1.1653935468402432,1.1366270938522516,1.140248400250844,1.1255141807879094,1.0710541408198553,1.0976144286399754,1.1008744898233553
303,1.1024999636954818,1.1681946663705745,1.158353449573031,1.1056314620378218,1.116312725618695,1.0571840329210964,1.0870845907114155,1.0550513110237278,1.0902024090494984
304,1.0987660943482163,1.1928252713897756,1.148359637080444,1.1041022595165624,1.0686505090158906,1.1407099437830812,1.0693325250991892,1.085839318554464,1.1039152678386943
305,1.093919429381173,1.0725294109305528,1.092079776536127,1.1475793742039675,1.1238905084936346,1.08378937704721,1.1113850319355336,1.0817946353365133,1.1012827626467858
306,1.1020147439738017,1.0019961787298177,1.1260044872265254,1.1242922887079996,1.180920819884968,1.1021521491142618,1.1169629078926862,1.183424891719631,1.089250981139569
307,1.1095643024524537,1.1237976042163655,1.0966295822438554,1.0998798726909176,1.1629791080811802,1.170238382579549,1.0970906433531036,1.0838146816895986,1.065473695822417
308,1.1077065948828293,1.1528379441017735,1.1809975007942777,1.1414947915823153,1.0979433155490381,1.1127371464915712,1.0804173641176422,1.0974222219864205,1.0731855147480411
309,1.114410263384233,1.0862289791569002,1.0723740072755132,1.1569502764006474,1.1186960851819687,1.0741974163090908,1.104753165016602,1.0637956960772947,1.0553719335526082
310,1.0921202197010513,0.9686566086720534,1.1009626562503163,1.1119451115835073,1.1085163373374285,1.0917328737346508,1.1158528645305068,1.1049591997348507,1.1821802004738182
311,1.1019522603679295,1.153339032228368,1.177049358052263,1.1214743959618003,1.1001964711428904,1.1102404203475251,1.0969261950289404,1.0860737279098682,1.0552451995155065
312,1.0950509643141078,0.9772800879926088,1.09494278777439,1.1226922002820967,1.1555395138230127,1.0972861132328877,1.0521517198942945,1.1628811978386506,1.122424359537754
313,1.1074324227202297,1.1442622561066436,1.1009299352431585,1.1381482223002761,1.1222301345799688,1.0742281428189169,1.1287624428964635,1.0928871296056675,1.091305343527916
314,1.1041447659220414,1.187497361767766,1.1271943028800855,1.1754453668930667,1.089826867940851,1.1398158108289933,1.0904445628537411,1.0751349974831372,1.1096120955951616
315,1.1069891189717436,1.0320043480681282,1.0870071414709241,1.0908899486857162,1.093373545183444,1.1627430757264547,1.097461458936378,1.1359161895631091,1.1336371641045042
316,1.0917935301430783,1.0154455682113013,1.1277868195725276,1.1485848310819393,1.1202903255332113,1.0815172230119368,1.1007466537372081,1.1465512355018266,1.1195847504366758
317,1.102574139550004,0.9746107460843916,1.1226588997652736,1.1320895621659564,1.0936859123875886,1.0855078647111287,1.135374217147848,1.0907011853751414,1.0943250000166416
318,1.0768547375853341,1.1097327392691174,1.1406627367587736,1.133953194288396,1.148071814737659,1.119372987965304,1.1013472487822589,1.0956394205922124,1.0661817840531895
319,1.1076700476830175,1.117475680223839,1.1198193546818553,1.1166172778485712,1.1797352031731934,1.0637551103859937,1.1107897824730864,1.049948676315649,1.0586618656831028
320,1.1029032772144967,1.0063591377134193,1.1138763895217842,1.104380593451197,1.1481968316879574,1.1147352752427162,1.0791768726991608,1.0706312343661832,1.1355013053005136
321,1.1013403190288948,1.1351188272580117,1.1180482823490443,1.0869085839847126,1.0931003389789045,1.1798337955130598,1.1055248942207692,1.0382261600901321,1.1362404998488034
322,1.1052374826718654,1.0183144063248222,1.1292817508060535,1.5826902107079148,1.1040484705435007,1.0707975467815787,1.2348919701472563,1.1184951363797786,1.0760252383238957
323,1.1124095161981766,1.085812636525577,1.1529567111601302,1.126630942114495,1.1064397484406596,1.0846195109573906,1.0569066039039534,1.0776776054015127,1.0641744616891369
324,1.1076948904852446,1.0110350545483104,1.1549931432616105,1.119797798843429,1.1431936280110506,1.1409935548821346,1.0759162764990216,1.1290189081457715,1.1133902167207896
325,1.1001254890894248,1.0590171348925217,1.0747171831547195,1.1518974393217054,1.1328183397961686,1.1748232433599017,1.1260134235178336,1.0875353431421986,1.1085544521521509
326,1.1116582719968138,1.0828062284837625,1.3287994237809047,1.1314685278574215,1.1018430435580737,1.127590041939781,1.1106470181421886,1.1132708508747757,1.0534810718589365
327,1.0933083293476848,1.4624900886266219,1.0985868306176656,1.1167333592914015,1.1359788035225102,1.0891116614056768,1.15675704174025,1.0812161004784522,1.0846335598073453
328,1.099896548781662,1.0357997288848395,1.1310102830932787,1.097506933791074,1.1348032233978262,1.0630105652969415,1.06387476983369,1.2182803919047966,1.1122849410941804
329,1.1170001445593234,1.3246808302682207,1.111546638184165,1.149603648580607,1.0731425348960197,1.1297911881472138,1.1040800894270395,1.1097086257140032,1.105021979791231
330,1.0964437505154303,0.9478261350634078,1.0776906209640968,1.1285543469427577,1.1457759642473655,1.0705986934599698,1.1112368178251617,1.0649948262600775,1.050770278964656
331,1.0891202960669646,1.0312917507414658,1.0922379502992605,1.1481996033116706,1.1362916269657783,1.0827647187254512,1.133937508413405,1.1233147188206494,1.1486531305475576
332,1.1144552221493846,1.1455085108760976,1.1614632513080336,1.1154613393842094,1.133382988787176,1.0907448775251514,1.085162820701931,1.0687253719725245,1.1025426977210855
333,1.101127834657852,1.2081596227602804,1.1384271048438115,1.1828362172998805,1.0872683772502603,1.0718749385091257,1.0655373266811143,1.0917394378412562,1.0863739266758716
334,1.0906724752951438,1.0938884279672805,1.0770786662866128,1.0933698258167592,1.0957335458899313,1.0898032316101192,1.077174968738542,1.0910810017106316,1.1575264261391813
335,1.1028828669797972,1.1413422398918602,1.1144697268560322,1.1244261961090365,1.1242224060966892,1.10103571467254,1.1350694656723757,1.0573677315609122,1.091614922491979
336,1.0996618667404598,1.0269942057578811,1.144554727438035,1.1015192348063874,1.0888317961824037,1.1291903920486188,1.0522471655868026,1.1132995094974858,1.13802305537079
337,1.1017720403201914,0.9804096765577344,1.1380252180332082,1.1591980147038656,1.1201176354253102,1.1037287742333601,1.0950922211001508,1.1640654727318802,1.1186438673028687
338,1.0994852718231052,1.1187120721295924,1.1268944383768311,1.0952075776152423,1.0922380983040303,1.055647668022985,1.1013138485218188,1.1181752124671436,1.1115615038305127
339,1.0998401219967928,1.103448401284611,1.1570868113657844,1.1744166723214302,1.133169011979227,1.0373733196948636,1.1059312921538111,1.132985674490264,1.0970942299404434
340,1.0947979700747308,1.0554419346204167,1.1136855140893547,1.1394557738855822,1.1324448651022803,1.108677008004599,1.1392924953791568,1.0663070149153135,1.089807025177469
341,1.1194468232806758,1.005241564228161,1.1428581486768914,1.124457533995535,1.1130004294967921,1.1079867295528991,1.0910017867571635,1.0791240009523462,1.112958240810004
342,1.1128522423597258,1.169097414051763,1.138120940556116,1.1171009133509266,1.132107821988608,1.0801611839286338,1.0814420707879167,1.08420336323473,1.0992082517898552
343,1.1050043484842211,1.272466052358104,1.2704555563325473,1.1319688056753785,1.1171970099227455,1.1436363172478516,1.0759317433378348,1.072172445218994,1.2001615057493265
344,1.0915938266970444,1.0453408208240398,1.109640356180696,1.1372592968916981,1.1024474923311418,1.1094092963607123,1.126534621464544,1.1027782189257975,1.0676895639695307
345,1.0982937612491748,1.1285910254164098,1.123469967934224,1.0754295274915313,1.143459998641821,1.075006633565779,1.1006466888932922,1.0775600994901817,1.0490133991819428
346,1.1117507855284563,1.041918319542182,1.1235352729962325,1.077539525945042,1.0806911689470646,1.1034054655621084,1.11552302167087,1.0679067288594397,1.1517693212863533
347,1.089789687336612,1.0947491673760041,1.1405770823389176,1.0959564979774816,1.1772939107099096,1.0859092901010272,1.0868311876882473,1.0873550669923415,1.0769368731519489
348,1.0948354749062574,1.1701382898926405,1.068887781114242,1.0932301677132843,1.1137820519971222,1.1084937928619139,1.1363051078528206,1.1046830454779901,1.1539308945793467
349,1.093390669455845,1.1836650723823214,1.1948952782693951,1.1181486991589142,1.0954574649086743,1.1047979663180332,1.1224382518592253,1.061892104811765,1.092155726882117
350,1.084297505264972,0.9942177409985503,1.118366682267525,1.1232996210852604,1.1177924002533686,1.0932972487761443,1.069716525955119,1.0906890981240132,1.0746314767654868
351,1.1112862153922718,1.1186479278696349,1.094195879980764,1.0733142659182742,1.1623041341777014,1.0483086953052516,1.0805020060607566,1.0459226357099956,1.1224106983236042
352,1.0967135505181806,1.057690092525184,1.2168386272221323,1.150734064166137,1.1359203499946948,1.0790921831390472,1.1004278991628467,1.0978843432176588,1.161690897863692
353,1.0846509422046082,1.0401440177829655,1.1157402862240255,1.0931766848242195,1.1200419500553214,1.0843300570880443,1.154591925073384,1.1039437651527026,1.0992387755324478
354,1.1190166703717663,0.9825793483984584,1.1374255529370094,1.1067385331390323,1.0745343016935847,1.1413991745161616,1.0978440501548499,1.0919430461801114,1.0732051011635872
355,1.1084001829169838,1.1110549957315796,1.1522888322466758,1.109160038653576,1.0930501208407108,1.100751565023767,1.1153004880785051,1.0858400604559744,1.1421565151151338
356,1.1001197421173754,1.07888698876431,1.080217104274816,1.0978575098424699,1.162756045338855,1.053937760216489,1.0864845818711313,1.142608113886746,1.092378941811518
357,1.110357701973514,1.1160309558204982,1.1443484644628557,1.1278323743647922,1.138983114103231,1.1012368259774676,1.1203604906041087,1.0843132864396385,1.0528810748973603
358,1.1325637371368973,1.0370566251264277,1.1277813681874505,1.0990163958995578,1.1245527206005688,1.0889501268687438,1.100393500814794,1.1706481426655664,1.1136691512862547
359,1.1042979670123234,1.256623199625836,1.1899652403953953,1.065211500115116,1.1648315314228421,1.0737072901911444,1.055404548188553,1.0929091966524305,1.0671654121056775
360,1.1025202301330776,1.009707846492462,1.1466159662748832,1.1396483486280355,1.077108955572515,1.1073973997372166,1.1175188362283077,1.058824028555261,1.113258945832222
361,1.090296576202942,1.1227855740834234,1.089108885511625,1.0917200245922745,1.1354433153260746,1.0892674508809652,1.099541524171657,1.1682751690384419,1.1276702507411924
362,1.1026212340290673,1.113717826086029,1.0856987369502726,1.1371607890970752,1.1163570628553732,1.0919670650363569,1.1111445500396062,1.0641124616001305,1.0731133857319823
363,1.1057473101805704,1.0616189122665676,1.1203657075356284,1.130603222352931,1.115825428288394,1.0854241354837209,1.971780202567971,1.098174242811809,1.0652898079277406
364,1.086732589598031,1.1027169416558285,1.1246865111878472,1.07309728831407,1.0919078701850427,1.089261039217731,1.1011095306022824,1.08514043034935,1.056727704713781
365,1.0968073275131864,1.0547252977799944,1.094295540535259,1.1263416274535079,1.0922215830636064,1.1903874350937018,1.0975815598771033,1.0927116506376895,1.0998804913318316
366,1.1066791671557743,1.0868843359696152,1.0816827405658156,1.1298578236451762,1.0954639888120974,1.0918169991356765,1.075989029612076,1.1219432975137533,1.0585812932733116
367,1.1066621494932505,1.126060576075433,1.1498957553837326,1.1488904644861466,1.0775971412018484,1.0879964810166112,1.0930018366629204,1.0922978239642784,1.1952573792986783
368,1.1129560836318648,1.026649279013369,1.1595094295068185,1.1193121424515986,1.1508377819901257,1.1054843122409004,1.1319173899351935,1.076117674756842,1.0935007462475144
369,1.090849769074905,1.0762509571172851,1.1754644568697952,1.1503451840060959,1.0786913470909687,1.124037214026582,1.1331756712257832,1.1132271499609663,1.1241098247487724
370,1.0911887625484078,1.066762392157549,1.0998179409768007,1.1155565527835936,1.0926144164661697,1.1083691142175616,1.0781159896359012,1.0722686092858034,1.1102639021991116
371,1.1210299301342608,1.238743253483334,1.0812743541054064,1.120477984162314,1.1111165508537002,1.0479747204599459,1.1692674472279803,1.0812694106547356,1.1239306157585707
372,1.1229789648784074,1.0485200230693283,1.1223345362007022,1.198265100333465,1.1466960709600424,1.095794609852089,1.1186259408710926,1.2220224250088254,1.1750254186883975
373,1.0949766445366416,1.1677512595327024,1.1359055810919494,1.153985135121329,1.0874492095956074,1.0998782711219688,1.0915247096739173,1.1261767934767295,1.13465775046905
374,1.0966573816742726,1.0114822590889663,1.0913581251296953,1.117319530215785,1.2612104786173932,1.1258195333512968,1.102809397269062,1.0802502729365646,1.082490950777644
375,1.0862287161149213,1.1045587925255425,1.0910810149121388,1.1836152362404366,1.0863328735682374,1.0821412992565433,1.0806447588687338,1.1142158540131055,1.09425005058923
376,1.1085321999700186,0.9858622014154514,1.0989682065990085,1.143812011350259,1.1268246598017186,1.111552822959194,1.086110781159667,1.120827118799246,1.0980949484700444
377,1.1100686756730254,1.0513798011030886,1.1118972539215806,1.1882958677519653,1.0776091747238745,1.0655761880379457,1.0850799507828766,1.0500861961586936,1.1318702081735825
378,1.0917026782166956,0.9833171789051507,1.197507027255673,1.0936015594785746,1.1202039814091143,1.1014619706093263,1.0696173841058565,1.0917144675846049,1.109687203150812
379,1.1123603368732868,1.033103069541836,1.110468535285135,1.1445084155091412,1.113967048426012,1.0720379169727505,1.1037168281833873,1.0852005860585054,1.103978696474496
380,1.0873269093705116,1.0616896528041284,1.1247652280144642,1.127248069020408,1.1131592995576276,1.0999532645273646,1.1195675830450285,1.069792875853202,1.1193491930288018
381,1.0996331658331524,1.2416732392956076,1.1644341940201761,1.1476399821516678,1.1548498873862683,1.0841152682253206,1.0946460647254261,1.1056446894590235,1.1166466968286488
382,1.10487820155554,1.147042026320275,1.0876934394039228,1.1148698748332964,1.0877701386492595,1.1053076868077898,1.142786210977274,1.0607040580595581,1.1132475384113185
383,1.0954743169410512,1.0755335352991628,1.086612545816772,1.1245495358437012,1.1215432329056074,1.0786516058720312,1.0863258472392123,1.0876856759695188,1.139064027444436
384,1.095719335374909,1.5016490042832036,1.1681754588889983,1.0927480203868392,1.5403292040764764,1.1314361140952582,1.1190523391811682,1.0817372311057738,1.109588642966465
385,1.0912752262261536,1.0509429564279804,1.1213681066352665,1.1355206216128575,1.0487834408634515,1.122063127925436,1.1013914492176053,1.0740329457136177,1.1069813869081917
386,1.107559608267013,1.0593249685498805,1.1428276775116937,1.182866499551832,1.2159895163896464,1.1600478955510403,1.0806028727154793,1.0853743890652734,1.1027490761500558
387,1.0943007019594218,0.9998041509693864,1.0834285438702167,1.1678613031527767,1.0996990005296834,1.0889998210340741,1.1137291859698173,1.1284138640961474,1.0814844263752013
388,1.1167261354884213,1.1697679664672072,1.1315505597101654,1.1036690339033333,1.0869178426831574,1.1231053866423786,1.09513388594718,1.071287048334548,1.0749120456112151
389,1.0959716562155435,1.183667582018375,1.10809132507243,1.1629293542944603,1.0917314341033093,1.075617124614151,1.1013505158472345,1.078606836549217,1.0965955473814273
390,1.0938273205697155,1.122900425696184,1.1319625473213861,1.1049832408573628,1.0818578468681725,1.1295551301353068,1.0782579118141822,1.0670801781915724,1.106509348773169
391,1.0884758399245997,0.9952855902460178,1.1625923850402844,1.13390429097428,1.1170798874380008,1.0707360220933098,1.1128031968816088,1.094110208261621,1.074767211969404
392,1.1042229270618673,1.109900327947514,1.0885621519042858,1.11509597335894,1.1033175737989933,1.0922523130123771,1.0928768410038772,1.0898046394045409,1.1022643527039167
393,1.112250326785181,1.2499490984764587,1.1080976196760792,1.1162718529859226,1.091034718575094,1.0854481524904174,1.067999610894031,1.0877725248139443,1.070722468753281
394,1.1008145739036064,1.2144732278821584,1.1263850324912545,1.0742924472982462,1.0790921416499937,1.1348432587690154,1.1342834258668155,1.0888232238430609,1.110285984910794
395,1.087168843338515,1.2036886127443926,1.1513376288792012,1.1189213731756722,1.0654023563684274,1.0895370497352406,1.0756352759098853,1.2113931360910595,1.1040471727483212
396,1.1015835252204629,0.9680341251310447,1.1417117547211055,1.1068887009831783,1.0989147752521866,1.1240891360148941,1.0893623409105873,1.0702415696273155,1.1066897329555958
397,1.0824999966448294,0.9757140081391477,1.1176677064671166,1.103939132216605,1.0937008607291014,1.0914569682705155,1.080604056240095,1.0612515005350542,1.1088757262774356
398,1.1042656460595275,1.1528785644483215,1.107401992780524,1.1467918192203053,1.094526525173322,1.1166722215447933,1.0809121266294845,1.120155209229074,1.1054696604461864
399,1.1011012542115552,0.9845110400120924,1.0933621020153952,1.1070240356494803,1.1042257063304415,1.1368679860954558,1.1189145160599747,1.0729891035447545,1.11863285217302
400,1.107733782913963,1.0301236147310373,1.1076303318332905,1.1316776875652623,1.1672875387143797,1.0968489616110448,1.1047317108216497,1.1365950928867339,1.0670628533483015
401,1.10168915165925,1.0279653030747777,1.166518624205858,1.2045791056504969,1.1219059427527907,1.0870018654918583,1.0908342923892618,1.1209239105114062,1.1033127302353851
402,1.1001389026197084,1.3844301433354378,1.1466394085685294,1.0953910629599641,1.0934330176103053,1.0817664623064294,1.0982300775468208,1.1044678584805947,1.053019116718142
403,1.1066772917967613,1.0622330150258932,1.0682031112789654,1.0949928576418058,1.1112704676169531,1.0971906670981681,1.115733101680549,1.0988912594660643,1.1256837240642035
404,1.0907633005511552,1.0623784981396343,1.0835545265159612,1.1126107214873175,1.087673880731309,1.0529121823524732,1.0655479687810239,1.0849697458998881,1.0873905771350416
405,1.104257467993088,1.0294709783617506,1.0756177367307587,1.0810762196433075,1.0975802831084556,1.103370937625739,1.1011161214555143,1.0698967360609397,1.0972408114059504
406,1.1117066134653246,1.0564100234360503,1.0666847437933287,1.1010400519493064,1.1210658604320223,1.0934607082922476,1.0558393508727408,1.0922275317800543,1.0847502638107172
407,1.0996927031924735,1.0728316827376092,1.10242750914307,1.1062856017772438,1.1375682990053977,1.1381567042846126,1.0845965201825634,1.1172878041829295,1.1649022875602468
408,1.1105072429115495,1.0720202015068563,1.092712092859701,1.104724138462196,1.1856862427905224,1.103143220603094,1.1466188776843127,1.0549135649375618,1.0682099650731944
409,1.0937221077204677,1.106357717895115,1.1103876791000102,1.1283967456277548,1.1103267584759398,1.1088872037138966,1.121151273459185,1.0757888393743098,1.1022331039737687
410,1.1107971720467038,1.0174553958998496,1.111741985996846,1.0993910434199898,1.0765134615888012,1.0946920095266366,1.1187881836469837,1.1129296329647613,1.1170477829198098
411,1.1021914771495087,1.0417775453665474,1.1317352633340905,1.1490515351128145,1.1554621656886641,1.134461630082728,1.1099707144428768,1.0620386945558977,1.045667901518587
412,1.1060854101819624,1.0708203102093485,1.1246885014934818,1.1238297926877294,1.1511929183677165,1.0677084669175738,1.1159341436104362,1.082246369602797,1.0891378727166112
413,1.0990393671404688,1.1712516432661244,1.1315016338653907,1.1560024430156663,1.1804621004151357,1.0554084079213106,1.09203224432277,1.073124076354278,1.099647756149426
414,1.1152310621676147,1.100559930853296,1.1469975752264738,1.0938024407235225,1.1163061498897997,1.1152837707995258,1.0670050542368585,1.0830902982425286,1.0792976043069928
415,1.1076913364750747,0.9836727604945734,1.1148749467307664,1.1467176744676693,1.141986051484875,1.0386659630142543,1.1221393832997224,1.090170596829825,1.0836343090858431
416,1.1051295927534037,1.1187372518115424,1.1020878017116642,1.126538696395053,1.1234106167074411,1.0465541323628893,1.275078444409549,1.0666059542804582,1.063832941323655
417,1.1158877540685765,1.0258452430288805,1.0814074425054478,1.152243443633519,1.1361752339375115,1.072171729960433,1.1089140349085922,1.1020687147609805,1.0892629442956039
418,1.09804255250216,1.028144801365388,1.19595267852801,1.1452382696777985,1.0996464613275598,1.1135003934543493,1.2358872755569452,1.0463082104405983,1.1187822119204414
419,1.1037793180127657,1.0873683473481761,1.1403112153917132,1.1817525736845607,1.123076649709711,1.0594704165045448,1.0730645332723379,1.1078245289291333,1.1074536324285982
420,1.0872030412212006,1.1832231886125237,1.0679347409105313,1.0957520146267168,1.2471338286595728,1.0977586057799125,1.0991560317277747,1.062457760692898,1.1446720036103475
421,1.1011308375206816,1.0171190454821624,1.0661366234175271,1.0943460837001118,1.1377196055129752,1.234246119228209,1.0862239127331064,1.0992150046050788,1.0784440912139464
422,1.1084423228170106,1.2385894578089527,1.1048165415128548,1.119432772293551,1.065771323161935,1.103006007225289,1.1032689021622788,1.085932039850642,1.107082146455995
423,1.0956537696710125,1.1377000083535151,1.1379601674779494,1.1363716685891607,1.0625765084664116,1.0615218637316517,1.0788288526703487,1.0636867941518822,1.096926658450798
424,1.107396044672232,1.1695563490913292,1.0875373438918348,1.1156842644668734,1.1013418524232117,1.0680883579031581,1.088145750665247,1.1214590243640685,1.0830730116174307
425,1.1047432873905418,1.051605119147229,1.1830474588125037,1.070275473820619,1.1110762176917446,1.0607536060460905,1.1021205528724072,1.0830566937327613,1.0992085744345155
426,1.0988659919780486,1.0619744363059853,1.1891265108111668,1.1411860567108296,1.130475105810659,1.087166724168885,1.1203742606199538,1.0979979053346558,1.1229526320274084
427,1.1044855350727216,1.0241878925037988,1.0694372539036825,1.0829818668984619,1.0897676358192596,1.1187971029217842,1.06978410457807,1.0739928629084796,1.1014144574676334
428,1.1027112525047464,1.0634472807712332,1.108371931188797,1.1094258239424455,1.0941265645059697,1.115087087692956,1.1494029875510912,1.0910677712743937,1.1006394470920835
429,1.1086679780245319,0.9320112508913339,1.0926555393363047,1.1237538869383306,1.1122377250556044,1.0933650313991592,1.0889701999865482,1.1093531204568068,1.0959402545814891
430,1.1175623198524682,1.0614971373330904,1.0802028716302066,1.1090254711074783,1.0927311834798592,1.0972783079068742,1.1054073635417905,1.1016103091490113,1.1201649023038416
431,1.0927637923633955,1.224400778246728,1.081686904600988,1.077634945589424,1.1042278891785002,1.1053099749873307,1.109957953275247,1.1178108496200754,1.069367673199053
432,1.095042401468017,1.0994154944479035,1.117749918466963,1.1049524191403939,1.1177214520992726,1.1120690019469506,1.0984101297960427,1.0946255851420164,1.0921457838222715
433,1.1003181975119896,1.0324434922624215,1.1533575423538287,1.084426907706211,1.0937573826071074,1.0757530410249398,1.0923205940498188,1.096892425787017,1.102289168157107
434,1.107428805622905,1.001598826754631,1.103016392407357,1.124941142548535,1.1247310505631019,1.1022991516945524,1.150237700830396,1.1360017999022416,1.1365414223448338
435,1.1177803349413278,1.0222690046105796,1.1402744414507715,1.0843587658734382,1.125076958217097,1.0831568753506344,1.0789817368199184,1.0949847133162594,1.062957650423381
436,1.1102642988243032,1.0858504263039694,1.1244169096524426,1.1023595607280956,1.1456840686724477,1.0810392882163808,1.103859354568477,1.1324296191321404,1.074526971589324
437,1.109403491469881,1.1214580885976209,1.2043013225259673,1.1195293071747205,1.0865818340505027,1.0710168426538922,1.0632807042291927,1.107459008512037,1.100909067502751
438,1.1242959423095014,1.04149591027014,1.0904820988011297,1.0766096496883373,1.1440917463024654,1.1247924292759066,1.112557467516366,1.1215132204806948,1.1047220002819724
439,1.1082172687999956,1.1287174058451506,1.0942392289201028,1.1319836355321877,1.0882903908749797,1.075323952253111,1.0546757147184387,1.0804121209791393,1.1103863231449136
440,1.1095807285536163,1.0143216966079887,1.0975984343749854,1.1204206632690215,1.1392721166066757,1.108538728699239,1.086531720820232,1.1208599555290268,1.0632513145667848
441,1.1090715567380844,1.0781659659033964,1.1391322489099187,1.1190907349368484,1.1872598273736434,1.1362863732084214,1.073631548307302,1.057872178753149,1.089173849953101
442,1.0942166933420028,1.1839428089618598,1.1309476026852903,1.1130560690787212,1.1283037802607991,1.136295226832532,1.047015360613711,1.0786342391821342,1.1058637158497566
443,1.1023853792596854,1.0350084212400987,1.0775809118797193,1.116301916826257,1.0961658969463544,1.0769365751554856,1.0523964366673955,1.1298142700327234,1.1356723419365267
444,1.1156620704045752,1.1794709323740562,1.1425518662900176,1.2818745367359667,1.0638002275853278,1.1289620065501524,1.1478695638217107,1.1014952708896015,1.0866823559808876
445,1.1048843822136585,1.1067410081906164,1.0997781916035514,1.1309322715288523,1.102459124854147,1.103521402116232,1.0783497171243035,1.0848166835893454,1.1170688804124909
446,1.0917821811522095,1.0510008380461642,1.0798292709182027,1.1341238175957724,1.1743934001427538,1.1052067579469818,1.119212474277908,1.0693098010502018,1.0968081653862958
447,1.088931764523895,0.9676787096162874,1.1863615228145097,1.1316024188448817,1.1177480485355133,1.1097895356733922,1.0974000645066637,1.0637867531350467,1.074015487171402
448,1.1089072601410528,0.9463921261823102,1.0890577979299934,1.1283183446863039,1.1282842724925748,1.101475417834396,1.1134254460821702,1.1597338160852477,1.089584283524481
449,1.1157714261193012,1.021016243484746,1.1155239347368744,1.1587180117065028,1.079297541240351,1.083130858972112,1.1292519931028464,1.076813935560381,1.0800935410650856
450,1.1046964857092538,1.4452528246573229,1.1407854585488113,1.1037598750597086,1.1214749844056213,1.0549692968223934,1.0780185769386113,1.0716447948779964,1.1371467064373932
451,1.100477334922433,1.811861729985449,1.118075240583848,1.1091371434022226,1.0731766765129411,1.0963502397721756,1.0947331861673992,1.0526612412365803,1.0978398079145004
452,1.0909123496746844,1.4734697821104832,1.1672865348401698,1.116767298453711,1.0798276244103422,1.073217891309172,1.1009873824688665,1.0714163596936408,1.1462117585721476
453,1.093792359358778,1.0608563008929732,1.0618150156612967,1.1677156307268242,1.1557186153504975,1.0953287119772273,1.1352901013006034,1.13284981170532,1.107170364878488
454,1.0955422326958024,1.0730511838845782,1.1320929294916142,1.1500340904096213,1.1527082885519382,1.115513806515787,1.1680794930641862,1.0695849647871665,1.1322176964904342
455,1.1043612332395316,0.9971296158737356,1.1061932311565796,1.0730966965430626,1.1125428007233895,1.0762490321831295,1.0669248925804127,1.097203269101911,1.1068488322692442
456,1.0942917792391018,1.1368033838611384,1.1302691057235486,1.0971610127910687,1.1566635641396992,1.078580174074381,1.0919926486899312,1.0444477931967837,1.0692156634795482
457,1.114656359664665,1.0739066196734097,1.1772643249943568,1.1246889616101436,1.103539133974868,1.123314549906615,1.1115075306923494,1.0567779535227915,1.1423161822781045
458,1.086591073678442,1.0750022676902198,1.0784807776273262,1.163207101523974,1.115141658565451,1.0836179200496296,1.1080794631390285,1.0651992221034838,1.1423468415296272
459,1.1125344262594636,1.0508418689869325,1.0919702924044108,1.1212550569751227,1.168304544312705,1.1322818627133984,1.1117998031727685,1.091902993957873,1.0918295317599325
460,1.0964028945677473,1.171661896859821,1.1325635691193854,1.1227286521395765,1.0818793083544236,1.0902667530478067,1.0858145224976978,1.2225121580704381,1.0926523907046979
461,1.0964199039857547,1.017511157778252,1.1067123952799964,1.1334495582794661,1.1156512018423672,1.112910958291798,1.0813435202506505,1.0777960937821476,1.0654296037162032
462,1.1065486449950208,1.0233759005608973,1.146439347709474,1.1267295997325928,1.1484141498891856,1.3717342640751813,1.1158934247894372,1.096865169101139,1.0578196221500764
463,1.0975626207629037,1.044926284973233,1.148171122820431,1.1305644681201672,1.0901768506758218,1.0784771945457405,1.0690986338073336,1.1062499213181554,1.034634737068142
464,1.1049662026340827,1.090559461526352,1.0737883307701672,1.1090545316735183,1.1606474722321496,1.0787043438744737,1.0781114474510665,1.0504727527001834,1.1186742573666495
465,1.1022535312588462,1.160133970342635,1.1107639282851838,1.1389282284811135,1.0967234897460891,1.0892629993383187,1.1153415510221414,1.1818124037849413,1.0656236803480152
466,1.0991789313700635,1.1860429079397945,1.112524512135404,1.1291905166553367,1.0758520782549945,1.0908659090507955,1.1124587801354375,1.0780090952702135,1.092333899305271
467,1.1286958217333454,1.1459284855025837,1.0864747447095227,1.0973306651896029,1.1033231415753166,1.1113257845607705,1.1054241219066157,1.0693647515261686,1.0899882728067745
468,1.1027596365114354,1.0300603166708138,1.2785022543059914,1.1587434420212228,1.1159005742593402,1.0597667238675976,1.0869539757270152,1.085333270879424,1.1225922870381406
469,1.1059221921118194,1.1141634755187024,1.1303278034442663,1.1531476758054031,1.1323183197318594,1.0841234683721925,1.1517710480188526,1.0784106862156368,1.1624544902930707
470,1.1128449429496767,1.0170579159558064,1.111740453744351,1.1157794749943666,1.1088585860327813,1.0941925372578958,1.0912526076900946,1.1178338206817184,1.0991312946850602
471,1.1041913545896422,1.063045787609461,1.0946194465993706,1.1641199605797057,1.1071330019803258,1.0988808551799532,1.1567360254471577,1.0709179507072775,1.137969761208835
472,1.1003238637556068,1.0214137773009806,1.0938876194011606,1.105411220594889,1.1016975561893165,1.116135901921417,1.095358314829986,1.1177920991777481,1.1239268934097504
473,1.1021063333133359,1.3022669898266426,1.0833096956549653,1.1074255801912507,1.0929015252971317,1.1172817764254737,1.0761689712442282,1.0989908512212532,1.0851332740902335
474,1.090233894329956,1.0462318112615545,1.1238835260319053,1.1025656536481578,1.0618384505530134,1.0735323389996532,1.1208673769941286,1.12395199952701,1.0677581155342368
475,1.1014221761981597,0.9698042830038587,1.120003268773562,1.0897560180207426,1.0819586124604978,1.051026838802135,1.0983602344878973,1.0713190726833401,1.1553568269475039
476,1.1202004421755882,1.1090243271820945,1.0634744416269222,1.1187152179674114,1.1067477660768175,1.0776552544233806,1.09227038941505,1.0883826389416367,1.1648497494506254
477,1.1242596617188116,1.5837074126792994,1.118635742355869,1.1513209096209591,1.1407544214686678,1.0593290990147284,1.099349170604365,1.0822493031870188,1.1069730846294144
478,1.1073531157640388,1.00530395077269,1.1224277545948955,1.0807038295700893,1.1440829554821426,1.080949018852034,1.0552581762389466,1.1134302034544272,1.1220179014311331
479,1.1111948791633381,1.0805928947049797,1.105374608515557,1.0691006798846994,1.0973731655544365,1.111107891173996,1.0829530874567734,1.0768894241362243,1.1254687783270774
480,1.1119414665234713,1.094480457994106,1.1741833287470713,1.1155986540297085,1.0678787021082494,1.133336209264385,1.0767985166042993,1.0889152111348879,1.1378632193522848
481,1.1150998099833955,1.127404406630963,1.1362281146141793,1.1346702051470983,1.120032816668899,1.1053583097232205,1.094470142595897,1.123518332774107,1.077664400292267
482,1.0912079832101513,1.1342487654578977,1.0879053660413933,1.0841485679803948,1.1447009547581093,1.0543600854496058,1.0580846107418282,1.0904826821136826,1.1006719526962234
483,1.1017311815786268,1.0327422111360034,1.1233008250260765,1.1518330365360372,1.1398925924058823,1.091616572644653,1.1132445281544916,1.1261966587974108,1.1425273269611307
484,1.1194294706975239,1.143025807989647,1.0788127093618691,1.161817210272282,1.113736994659424,1.1074220658011364,1.0506279861281325,1.0615798456578303,1.1146178480570808
485,1.1098295094655208,1.0468209306524443,1.1085488526506828,1.1175164275716327,1.132422872150809,1.0630692165128903,1.0658801801906852,1.070600533548575,1.1297869083174297
486,1.1163523089848597,1.2013847781371565,1.1473971297309975,1.0999182230970694,1.1332337804850392,1.0843355824580287,1.090921517710946,1.0968979855067915,1.105188507990939
487,1.0932070872228026,1.4260820818696824,1.1038457327629843,1.0716478304511863,1.1278279899387769,1.074264698917703,1.0824752071244916,1.1130246391296894,1.0986037438358074
488,1.1036576818177097,1.1906240849169136,1.1680454109412353,1.1357599287337732,1.1419955527091474,1.102548358314812,1.1099508183235876,1.118585932547134,1.1292248788971941
489,1.0946597500444715,1.2713789437911858,1.1726117455203249,1.0806580241147974,1.0648350146561265,1.0836613365781933,1.115036387620187,1.0869351851088842,1.1405528539489194
490,1.1186783115160632,1.1841493693488787,1.063684579771714,1.1304235727389067,1.1491208197832934,1.1094908083784973,1.0662564479078964,1.103301642974176,1.095358217121114
491,1.0824165464763038,1.1297153399845479,1.0778900235672857,1.1132831944918933,1.0822490297713114,1.0977257901009343,1.0848519025113466,1.099494086029003,1.0752366266180884
492,1.0897503507100277,1.113349564869966,1.1194164960689188,1.205979123371737,1.140898252322067,1.1215480171073637,1.1022063028267877,1.0821125210619047,1.0914967547887344
493,1.0970964718993053,1.0617886665081646,1.0496909639846053,1.1110725673177444,1.105752495949727,1.1157650225600573,1.1023828000661444,1.167645090679227,1.1108861032817914
494,1.1008561440592026,1.1163920142991215,1.2247833376105297,1.1408721088048484,1.1701403998734987,1.0804101846142182,1.1396899573344519,1.1773328591647618,1.1165737665919457
495,1.106876037388802,1.134882478299836,1.089039689022011,1.1070430099215909,1.169901791970714,1.1090478519439,1.0899728234128034,1.0997403137696151,1.1144685676598012
496,1.1171448591872761,0.9914705361160042,1.1516763472108675,1.1059078825300117,1.181005100111085,1.124824594982423,1.0986541168334287,1.0811236567245865,1.1178253919470296
497,1.1006385332375777,1.0012922735810923,1.1544035913004407,1.1213190082341644,1.1059317696167892,1.1067418378981275,1.1072094028967214,1.071392593732007,1.0649407342635862
498,1.124493509971483,1.0749378821883022,1.127701701043473,1.121789303957291,1.0709896309289764,1.1459342800640184,1.07131875561174,1.0977849941072266,1.0751290295014353
499,1.102720161421682,1.300644181718739,1.0759467995705143,1.098439873742885,1.099972021691667,1.099350147541783,1.093093432838977,1.095871067745408,1.0925635056398795
500,1.111420722715253,1.200570860646336,1.0982766142661722,1.1168072262283455,1.1014470389244433,1.0769916662435124,1.1133271508493536,1.124708081598282,1.0780328455367232
501,1.0934052342922513,1.0460425902589063,1.115016634691564,1.1129263841805788,1.123338612879372,1.0691939093335787,1.1253408179914002,1.145938527683975,1.1174102956042697
502,1.0984600100424018,1.019483887105765,1.197319191850429,1.1033714699282255,1.0847765428020697,1.0598608202544328,1.0943354683305813,1.187597312781035,1.1257594227204133
503,1.1152519724388348,1.0424684681391672,1.1035849953381751,1.131963416208228,1.1514116971625756,1.075890749671801,1.0618063376071598,1.060875258494832,1.1069568000813266
504,1.1148707319103033,1.155913247273835,1.1053685550461478,1.1010316554442638,1.1796316255728343,1.0668356227904467,1.0810700866586596,1.1340799318515071,1.1111518650141037
505,1.0946639712052466,1.1363638941225223,1.0910567883890545,1.1131887822081363,1.0938685585554897,1.0911695851558114,1.0836411798095558,1.085352758328777,1.080377568788745
506,1.1076523036135861,1.2040245678641481,1.1341558236777143,1.1390112761373503,1.1311769551678865,1.0824573367798371,1.1221813839717618,1.0972822462083973,1.07367555470741
507,1.116072912168514,0.9601816575853678,1.078925695386031,1.1065601114043733,1.086019574074563,1.0987212907241632,1.0953646523366045,1.0784039574416417,1.0716910128978323
508,1.1010013382296597,1.5143700786607985,1.1058297965125676,1.1519847164614732,1.0868391033678357,1.0700172306421842,1.0963571574809716,1.0229357849529428,1.1083468090512938
509,1.082726555801556,1.1441183777329857,1.1483259144074518,1.1288770972509543,1.1073843471863831,1.116713316211991,1.1201514968585404,1.0730198895060628,1.1622755032772585
510,1.0890532304280036,1.2087042796045948,1.146350974369929,1.1330690621250434,1.0758684885519245,1.1076521778084463,1.1291350509776485,1.1472063873640623,1.1132277621522682
511,1.1181010383986787,1.1119453422367085,1.0893367121560789,1.2393257097866812,1.2231027216599244,1.087822458604328,1.1015788340657713,1.0966385045442653,1.1229884282696216
512,1.1010039355671288,1.23138038678227,1.0815214195967247,1.0906130142868293,1.1001381964239585,1.0772906961992337,1.1149811287586169,1.0849477459882353,1.0781900312845345
513,1.0953788840150058,1.1630449456817662,1.1099971270425155,1.1831758742975356,1.141944821391309,1.0595853209510067,1.0754583040470245,1.09065167934292,1.064022477446021
514,1.1037118291814667,1.0406210034699053,1.1562308611986136,1.1259283502449933,1.1205784605413738,1.12542833703025,1.1466621983021055,1.0957250344574767,1.091969688747009
515,1.1051394945521646,1.1938779538892932,1.1006104520521,1.133857074635782,1.1123986220683952,1.0768995434080058,1.0607182291548602,1.0927246119132485,1.0831497089951316
516,1.1161969564825966,1.0077355017482346,1.0940255037029296,1.2355735983563532,1.132708234620048,1.0728606437187846,1.062474828487159,1.0889715962353987,1.1323175247688715
517,1.0986882226790056,1.029370535085377,1.143042908916795,1.1041806703404637,1.1486026585505769,1.0615972413596222,1.1169191687597362,1.0429742823412065,1.11336293925107
518,1.0894897813505189,1.159534511095023,1.0974466050305878,1.1279212842550845,1.0980603390334107,1.0530216964297503,1.1083503462542337,1.0748964472089513,1.10914648022355
519,1.1005334902677404,1.0530258975973046,1.0855883761380007,1.1400367218619916,1.090304281538707,1.1045036217415594,1.0500310127455486,1.063268281160007,1.1030161009556565
520,1.087906279495003,1.169262488846578,1.1646309341435122,1.0911415520272127,1.1496516168693327,1.0949457026823677,1.0857168599014535,1.1461672805300744,1.1024631645165874
521,1.1074478392769298,0.9567363407000592,1.1672403388196517,1.1868144369737856,1.1563122923335611,1.0948447620245125,1.0848711009276086,1.1092983019533433,1.1432982266558211
522,1.1075055271419727,1.0621976335657102,1.102285032737298,1.1502484315707366,1.1022677705875614,1.0886477466344353,1.1153938872444094,1.1316625807000533,1.0879270331767936
523,1.1062741250558923,1.0599928350612768,1.1325623601890724,1.1660295170554933,1.095008367604944,1.1061423245239315,1.1138792071550938,1.1009698230853457,1.133258598590577
524,1.1090484051745142,1.118091913580824,1.1367838303066964,1.1204307319227262,1.1170598610972398,1.0636218630373204,1.0726202055073073,1.1268317479587695,1.0960996455770036
525,1.0966296277974061,1.012141237935039,1.1064600312827768,1.1151526148610615,1.1138841366531897,1.0710475308075524,1.0732226104765092,1.1117770249770471,1.1115379506374183
526,1.0932332348231963,1.0433548005044728,1.280382523610321,1.1407613273216863,1.1690745072265782,1.049021946656452,1.1414302167900854,1.0750728452767864,1.1393401700628663
527,1.115470411524407,1.01984769702518,1.1084928486387338,1.1485143498541108,1.1405440810388454,1.1546558086529206,1.1000810326973045,1.066225508538054,1.0692631276553037
528,1.0938828223649397,0.9888436485392272,1.0821411726349013,1.1013229959966604,1.111065380272757,1.0883660663645462,1.1132528022003054,1.105368668389815,1.1934817928035641
529,1.10143687037401,1.0962432449353672,1.109667996494609,1.102839308739564,1.0950468218837481,1.1492529927420627,1.0487126441825265,1.0805892730275954,1.1344896046451172
530,1.0894729261358689,1.1166817866190415,1.124609384709475,1.1636858295768973,1.1884757689110192,1.1012792014988917,1.1090713526617169,1.0976757329890203,1.076643945459927
531,1.1228624224838202,1.1043500034264848,1.1015066778309899,1.07526208507267,1.1275243019429795,1.1040964543610026,1.0910462813551431,1.1179483277102216,1.1293355079014682
532,1.112194431159545,1.1807220454537433,1.0816181949145287,1.0884436825794725,1.1498173460974481,1.0598401167251728,1.096010257876406,1.0722838946670372,1.1126070360564508
533,1.1042929051655446,1.106314500939221,1.0775238920528498,1.1893707891539906,1.123263361783112,1.068329585272801,1.0458299111283187,1.0500234437860794,1.0580239076064293
534,1.1193852393406898,1.2507875443533019,1.1518167409232365,1.0961104196374438,1.0896866824489633,1.0643378350766897,1.114619877172956,1.1324798595818326,1.117246039749493
535,1.1093492438952006,1.1053701757473877,1.1115068387903089,1.074032623017572,1.1303709853009116,1.108942256045194,1.1315094441065154,1.097499355823664,1.0865103861695753
536,1.0926126447907083,1.2786120050748422,1.0951507309514685,1.1155063628841912,1.143985193638777,1.0649941631189968,1.1084697604835398,1.2631473265556392,1.1010154253853204
537,1.0952208514655286,1.0027710437844386,1.16297583661813,1.0841417671586204,1.1132320649517908,1.1449370650128492,1.0725882476918787,1.1008697705030162,1.0730119825957698
538,1.1028336804157546,1.0627807861586738,1.1036435718874344,1.1387651702393797,1.1156029482211067,1.2790658958029515,1.1073146756237149,1.1127091483663323,1.0752511183089344
539,1.1046216214941667,1.0327206177571104,1.113532076621535,1.1488146703985807,1.116349744713334,1.0514972212830376,1.1012613455533593,1.0775459478670386,1.1124367621084907
540,1.1017360914444059,1.1106711604750659,1.0936887932474053,1.1162825538246444,1.1144565272816742,1.1063205800904705,1.153047816642198,1.082025583228474,1.1014309223149537
541,1.106672467064858,1.04297119498289,1.1021355736357332,1.1236822511795332,1.0669320715768342,1.0901585871191222,1.1085542486365787,1.0775116940088536,1.0507926695003007
542,1.1000994918168274,1.096240457094511,1.1202613645028472,1.1580585451830243,1.1269433242154625,1.1022771134634346,1.1372136185027244,1.0783107919732973,1.0975457005286047
543,1.1125509035415824,0.9921467560082309,1.0732601477394628,1.1040548015053537,1.1098389267295747,1.0593331205517897,1.1475265595962647,1.0734525125994017,1.0801244577881794
544,1.1069964890548383,1.0305612558067885,1.1352663418104032,1.1467104509909019,1.1065908888893794,1.0949971984349631,1.1060132360271835,1.1127905419542352,1.0722799861127739
545,1.0959931013198403,1.0697452815738056,1.0834487107128978,1.1132632983098534,1.1213478149302711,1.0703403582021964,1.1064495378569288,1.1010647702026,1.068416498154101
546,1.0907958477333282,1.176894641654411,1.109358625704932,1.1288587139722666,1.1181971745535628,1.0869816688812453,1.0747527137053214,1.0965252040939137,1.1107833173566972
547,1.0966228067582278,1.1809045789027321,1.1123984406979193,1.1504688321960248,1.122680194809181,1.102272528172456,1.1092846809146342,1.0982628323145796,1.1126962170351822
548,1.0980737402461185,1.0825274964059615,1.0719669393637519,1.1767040925515118,1.0665569132260078,1.0572673794774947,1.056640415186396,1.1008900449118904,1.1235098465245903
549,1.112343141786,1.0458352044593764,1.1193933400574796,1.1499560209120356,1.1184508947762946,1.0769765252245367,1.10892924730857,1.1159608026269519,1.0981112581522259
550,1.1158868556540635,1.3188090569139563,1.1109625145446622,1.1224133160951828,1.1098392167552042,1.1220125678603068,1.1017787609159357,1.1044761782811492,1.1294932725774194
551,1.1194489109662757,1.2130701259767362,1.1415017915800527,1.126154005649862,1.0819516355348544,1.0654230795931057,1.0979727237331949,1.1293584383141044,1.0923184321738022
552,1.1020506424339054,1.0804902398055347,1.115879574630293,1.1211940022701412,1.1423183558370371,1.135857160831724,1.1104926149343677,1.0899864164940836,1.0836930844989867
553,1.1178386136609189,0.994329631607703,1.0739618418805055,1.1269588292436368,1.1182185690978412,1.0848664115372157,1.0822669131221894,1.0863950745218462,1.1016132464135728
554,1.117813500383497,1.2505847057229424,1.1579197538743216,1.1594270886805724,1.1233643572450613,1.1160897201076807,1.11939107064342,1.1224553163871898,1.1020862916964773
555,1.105944521586145,1.1149089337475557,1.127058802396633,1.0553341033379464,1.1294070147417392,1.0954720297549556,1.0938530218597964,1.1082702005249725,1.14655200931325
556,1.0986304003265424,1.0265193066605152,1.1710849233511471,1.0967150488872708,1.1186428883002097,1.0866453072615139,1.06702764420463,1.058761433908734,1.1529490661102018
557,1.0889396893768832,0.9874210408860811,1.1306705977584002,1.1559837158410873,1.1500896071832996,1.1119099462063244,1.1041130649872342,1.0737527888176965,1.135913234091618
558,1.0937787585567322,1.053028403533256,1.1047214649343124,1.1230500413767481,1.1113809866273403,1.0626359144665032,1.0722478480237416,1.1039134337112815,1.095618439145295
559,1.1020727399030832,1.0654720880894273,1.107268006596718,1.1492037391547913,1.2670917165658562,1.097637410551868,1.1127434817151187,1.076423878464093,1.1097129448968603
560,1.0963062885756305,1.2189052668086768,1.1182217693198255,1.1413304654661427,1.0903777329819495,1.0995723522648282,1.0865145699509504,1.0973732630683812,1.0733349282597193
561,1.1070576069872944,1.2042851318695735,1.1123388752979841,1.1308635332239951,1.1086318466606686,1.143231264473633,1.1125454269820425,1.077303165057395,1.0953540812075433
562,1.119525963269581,1.0291242826333928,1.077256094253051,1.1175263500314354,1.134397684319586,1.1004607027774898,1.09377784151767,1.1472016506670033,1.0827600196142204
563,1.115120552067206,0.9881128633575447,1.1065485727184157,1.1024737459011547,1.1117166478305303,1.3599285709851614,1.0737625315649275,1.0804991365103214,1.1045550270886133
564,1.1083754548527325,1.0442698086781794,1.1341916682926425,1.0876664333714943,1.1416561663015241,1.104473501455274,1.1566333965372289,1.0893303052922663,1.0970580416140778
565,1.1068311863980411,1.3154860906204104,1.091494287543462,1.1319702018523616,1.1449326746769006,1.0996504428773326,1.1155956254979875,1.07494210861054,1.1485629302125293
566,1.0994401250045838,1.0285198055849227,1.148150527599389,1.069807780123333,1.1125374668083066,1.1352085328909158,1.0736987355486056,1.1650086326169546,1.107047163703585
567,1.1074715378076625,1.0361147780201854,1.12273688321461,1.1439809148215174,1.0904745921027315,1.0909869714094407,1.104827736779108,1.096452326601015,1.083895559389474
568,1.1047129686492425,1.031647600958724,1.1439113850049147,1.0954271382686147,1.1039652389237171,1.0605973609984218,1.0906384474955868,1.0961317954557601,1.090915421769242
569,1.105402478795318,0.9712261238686543,1.0871212417043667,1.1219305682460188,1.1023467802155598,1.079304572115985,1.104367211245931,1.0766338375032378,1.1007333656303817
570,1.0998645437012557,1.0610608689635657,1.0926519390312897,1.1324404741366085,1.104694592755732,1.0524908936903032,1.079115492203114,1.21401507369578,1.1069189576812999
571,1.1117174697098193,1.0479370267044834,1.1027743926101738,1.1411638616119164,1.0907947427026086,1.1054813858894441,1.0832913824863917,1.114966408673981,1.099102668177022
572,1.0968325033768043,0.9606638469961818,1.1081139041392423,1.173085130286624,1.093593894721463,1.1155116937845853,1.0828344973717108,1.0843470146262977,1.126686977056378
573,1.1109304502204498,1.3132450360085217,1.1250087039657362,1.158184915823644,1.1154056025716836,1.0820703256564896,1.1093676600999174,1.1550093649022497,1.0810985034512235
574,1.104077517545686,1.3020375233349626,1.0630940340105228,1.1464120957399413,1.1254896990406178,1.0785693741268232,1.1736975354565609,1.0882156851427263,1.1218936047735173
575,1.106200443622605,1.1215512721409115,1.1260437485067443,1.0790703920455569,1.1186832601943244,1.1024030696618736,1.0705184547696167,1.0864308889764582,1.057933668020153
576,1.106429535374383,1.076382299259079,1.0797467028187901,1.1003343651628141,1.0765326008435847,1.112567910472773,1.0733371793916047,1.170260714918834,1.07407549932336
577,1.1051367234102176,1.1386248516892459,1.099648775758129,1.1224983189205977,1.1174503932689237,1.067209971900939,1.1193297639671858,1.0992439049093532,1.108640377587162
578,1.1215611093286229,0.9950409624641862,1.2108115093930636,1.1415605588728808,1.0823011403117113,1.0926049349209292,1.0526018591368278,1.1186560712204539,1.1075393877591695
579,1.0936532394434817,1.0076852358363717,1.1168303000447772,1.1635097985287424,1.1097830772941475,1.0973627857205381,1.0825951107617031,1.0698778645886715,1.0927426876066273
580,1.0983421794156811,1.116331940426158,1.127512903976834,1.1339240823851868,1.1412081655268682,1.0986233049071397,1.1864763965198761,1.0822627494678725,1.1283781686250318
581,1.1073523855279723,0.9279665220621313,1.1449269221804617,1.1217611467789412,1.1089830967652348,1.1023916044614528,1.0908094848740586,1.0658230641453341,1.0876714239245198
582,1.099791814986891,1.1163945402232593,1.1036123192951137,1.1139513716228486,1.112494162555262,1.0992501076341332,1.085242619280598,1.037401043621411,1.1057095218538524
583,1.0951992692424533,0.9949162110579005,1.1540924051862027,1.0998122354739048,1.1785839769187099,1.0629921390475268,1.1037364648221581,1.072926608647643,1.1147871928419055
584,1.0942798223122079,1.131313832542037,1.110124044318948,1.1293132728533957,1.1114764773738939,1.12213836290874,1.0990248344894862,1.0795591807276794,1.0482153828672518
585,1.1104492909222121,1.0043429783754663,1.1005910269205326,1.1203477333536578,1.1489462499641174,1.1395420916412748,1.1139893351371135,1.1156383304541873,1.1025527154305874
586,1.1002426690842868,1.2025232333376934,1.100241118954765,1.1762329242424248,1.3723852723648822,1.1095815176548272,1.0907398448003165,1.0627902983256297,1.0503285494176495
587,1.1080442134562,0.9780490945176649,1.091773976916721,1.1597553602105264,1.0830958333720908,1.055923881902088,1.1206760777738736,1.0543821655161256,1.1293324605897288
588,1.1033578974424876,1.312490712422176,1.2126089353204175,1.1295747928459123,1.1772427004103116,1.0607728607191318,1.1126965043374517,1.071720714446951,1.1153129495167313
589,1.1241427287904235,1.0860400431853297,1.1841833088442104,1.134001088349012,1.116396593999847,1.0795255205692857,1.1571940369064164,1.1139287772471689,1.1282087297522196
590,1.0824627607235133,1.1395845159921485,1.3097729962639497,1.1210773558786247,1.1371655905169125,1.0942253098595,1.0997140485884562,1.102274579820606,1.0866121074872472
591,1.1019652661114065,1.0996681642072916,1.162874265793968,1.1395018095880185,1.208381200492082,1.105324707555852,1.102053136344162,1.104535467862464,1.128078557196449
592,1.0998452600459916,0.9977354275487209,1.1211094978866132,1.2385390425508567,1.2062589201848402,1.1073510026854403,1.0703741509383369,1.121272475996309,1.1436944233295336
593,1.102474028155558,1.1113436480148404,1.1083720476403653,1.1396066394820734,1.136110112734307,1.1004307001215867,1.0850139525569749,1.1404679363286394,1.074901596162588
594,1.0988766696274301,1.1311308399588549,1.1445397891520468,1.1446041974337269,1.0638935544110304,1.1755713138610713,1.1947037756788532,1.091044381060584,1.1008189104815316
595,1.1052822369433615,1.214371827390864,1.1061469647390725,1.1025864852728742,1.1080134164250866,1.1325132835091727,1.101646475779694,1.2401063011128488,1.11751449768496
596,1.1156007590798662,1.1237526368971018,1.1377993869657355,1.112548886935108,1.1289880176593912,1.111023952469458,1.1776244571095742,1.1121649039997699,1.1192799793678505
597,1.1087018730588973,1.0063885011203304,1.0908827137579382,1.1200532389527227,1.1282138925375509,1.0885206046053293,1.1153388155729238,1.0790097298210684,1.0827697988075409
598,1.1119602179683568,1.349493886522205,1.0949437246543576,1.1180642882624008,1.1366479026831793,1.1237996491012816,1.1167488099005718,1.140945230369155,1.1223123445816012
599,1.1169702957133165,1.316946359518774,1.1174617827994324,1.1413915016629048,1.0861262797207158,1.1326837749479395,1.1227961325229638,1.0714660622679446,1.1095964435354935
600,1.095878754857468,1.0747739247706096,1.116092119851192,1.1609494852816706,1.1187318108171205,1.1414783263375847,1.117823152189131,1.7705728979749575,1.102357915624841
601,1.1065544339870124,1.3790246745438337,1.0944428449487862,1.120640328719216,1.1188897753896105,1.1179497614713854,1.047686464332562,1.055996891565985,1.1109706065027984
602,1.1046642012464551,1.0148024132024942,1.1406270787814687,1.1178354265746289,1.1287841134278387,1.0840621380881585,1.4110182558883728,1.0761195641120993,1.115926073249937
603,1.0890995118711198,1.04440159167772,1.0795928664481185,1.091111611618103,1.0809221005939487,1.0966550468260203,1.099622333256469,1.1124815296690365,1.1239316233076164
604,1.0922259016734333,1.0490534859259701,1.1216789022208555,1.112275256038892,1.1100285974700703,1.0908743311314768,1.1548606938183839,1.0740660581771844,1.0975475752513162
605,1.08336772757594,0.9992053699290533,1.1652305390044735,1.0748962870933934,1.1556069948959693,1.066093601901362,1.0485726801709916,1.1194516348715684,1.0651471430254786
606,1.112196951455123,1.0382902065897075,1.1087791942880163,1.1096666454590265,1.1413021665198166,1.1157531158094873,1.0934478809936972,1.0735063931909339,1.1219387580922573
607,1.0932818149028019,0.9810038095041719,1.140124664001202,1.1535372533635189,1.114301339256696,1.0564831587833554,1.092220424300942,1.1087621899649998,1.0688942278760374
608,1.1001003263595355,1.1746631539064005,1.0806022312201389,1.133360901075306,1.1425634097269597,1.0994729476569407,1.0898318883522995,1.0726237965461562,1.0877590774252064
609,1.1103565661322745,0.9641567619320683,1.184864482450452,1.1373741944853524,1.083585141005545,1.1577887632246482,1.1588499339586023,1.1070438457858243,1.1555178140362063
610,1.0979419568273368,0.984898708993363,1.1060853368220251,1.1614303911856287,1.0898498937060064,1.0934190993002202,1.084773880393921,1.120077544193855,1.1418703521593463
611,1.102951316975516,0.9948820506830042,1.1243680110879128,1.1287649509408408,1.0997625075190935,1.0974180018698008,1.1056688623773085,1.1073128673629304,1.0716993282860987
612,1.1113879092709902,0.985764186167898,1.1508915665682002,1.09759992526892,1.1382897466186166,1.0533206834947182,1.1183961070562392,1.0588831773190375,1.1081953121174342
613,1.1012627511329258,1.1705817079874945,1.0988956104071415,1.0818001342048857,1.169584696398956,1.1364748443014554,1.1317236383921023,1.1017553442974488,1.1402123967687805
614,1.1198469374842566,1.0628280473954537,1.0906657801101511,1.1212772275051428,1.0785242797243495,1.064007231307531,1.074315410404772,1.0819828538338323,1.1782503346186863
615,1.099907936273375,1.0019501708901226,1.119944549669819,1.1339892905156586,1.1187535172698746,1.0665285343393005,1.1367525766634738,1.139716229021398,1.0674271820398737
616,1.102834446030922,1.221734139339523,1.0716861742500925,1.1376564013405008,1.1111406189376067,1.0653901004553754,1.1086000531609617,1.0776698706959917,1.0927408836932788
617,1.1053466241987517,1.0509689661802681,1.1214294408053533,1.0834599965048775,1.0905247364559831,1.084439562064219,1.107348545617157,1.1156385715378938,1.0683638983840407
618,1.086905460339906,1.1972641578264294,1.1140329336310042,1.1449148346700238,1.0964290888773984,1.0865561103809818,1.1632706482768398,1.1378558247570225,1.1561679112791998
619,1.1087869952654574,1.1901184595538086,1.1015926291749571,1.0794033968474719,1.1067033306541627,1.0712173771310258,1.1054070854457672,1.110171878891329,1.086143061158276
620,1.1069499276853632,1.0098353851050073,1.1064618863254672,1.1132281185131367,1.1634432648881285,1.0596474995167915,1.059994847427034,1.1134072105310737,1.096865457649452
621,1.1067486885816569,1.083511570989267,1.1617861849694586,1.1657223585965866,1.0801498258978093,1.0834895998832226,1.0867035337323885,1.083596106010109,1.1128924459599197
622,1.107949268970472,1.072886173968607,1.1073000690023693,1.102784808867075,1.1261352780834684,1.1175778206853284,1.1419526859060214,1.1243924270852443,1.0808076160288653
623,1.1176072953865912,1.1664096529368835,1.1470260729309156,1.1397306014958195,1.1108290702244035,1.1379217072728243,1.040113962801525,1.1114416471253714,1.0951705361011754
624,1.0946249678647582,1.1390351297902228,1.0775353361681372,1.1381370596306697,1.115504402427167,1.1231863895022953,1.1624430891984783,1.1360166163854786,1.0559022818798265
625,1.1000627165772272,0.982289978229039,1.128262379488278,1.0701059801503592,1.1348140200979513,1.170380430412268,1.0961987360443615,1.057755221810774,1.1051084968126716
626,1.099873332399412,1.143003482523806,1.1030946419352068,1.1846769021877814,1.1023981373167278,1.0418895207808527,1.089079336071402,1.0679475013902209,1.1381109352240835
627,1.0999409475450022,1.0994763694505474,1.1216419011718506,1.1267861640212888,1.1005665622988208,1.1434552417557704,1.0723106192670273,1.093812835416649,1.1037793536446399
628,1.0999640857147897,1.0860550989481332,1.0979077768640044,1.0890200011424787,1.1168085434530797,1.1250569463343651,1.0716296308753344,1.2322362964261988,1.0877197186484164
629,1.1194414833016262,1.1129173961997516,1.1163190688373645,1.1277200160894223,1.097833424861314,1.0627731618818126,1.1286583822561418,1.0972556418892807,1.13422071099317
630,1.1164928847317386,1.044969458222667,1.114356310572926,1.1302216977251367,1.1076399596678415,1.08438505232733,1.0962231988330233,1.0867279354730435,1.0930308546843694
631,1.1112663561940122,1.3394806233452625,1.1177490545288724,1.11000775233264,1.1577437850016226,1.109624646530175,1.0863937881817523,1.074636170863497,1.0856812454848668
632,1.0976236124285643,0.9891821173584773,1.1569342990069742,1.1059297479979773,1.133140689472069,1.115690135308762,1.2990824034447632,1.0755255005608328,1.1058509688940554
633,1.1022534926417558,1.4834387011467005,1.150370516815391,1.1191456196868836,1.1454059030688344,1.0777717779855343,1.0918143313536666,1.0855994867816452,1.0889274596335512
634,1.0973555779153779,1.2241260450980072,1.0976749579420169,1.148163608325456,1.1529994437213205,1.0883759200879746,1.0477784940351955,1.0819235183420943,1.0677812966735263
635,1.0948959676213805,1.2926371390806097,1.1334027309083068,1.073385028488824,1.0938473612964612,1.0423069505685436,1.0381485016665482,1.0905231639371598,1.060950398395941
636,1.0914603303055133,1.063929936135772,1.0939317897070604,1.0959868550211451,1.0954428416063755,1.0794979490744945,1.1098082690916995,1.0709925605559436,1.0870261404018466
637,1.1239817861825647,1.1576930253553945,1.114557605329433,1.0980641046795885,1.127365037760555,1.0618690596914317,1.1140354077368262,1.0858887461936024,1.1305590943382164
638,1.1123155070730593,1.014266798360383,1.1865245130095974,1.1417825783308466,1.1071650212960327,1.0714711352619841,1.0827917073353566,1.1139197439529427,1.1139310592036087
639,1.098897034984717,1.1729092040485516,1.0870966184541948,1.0952931876551508,1.1006350796554467,1.0667644068708142,1.1036389840051242,1.1709119860029442,1.09973250452243
640,1.1062872383246674,1.0393579905289019,1.2269392860702162,1.1451804233268805,1.0840232296005243,1.0597210848149357,1.1045364884217772,1.107196860803128,1.1061715871229703
641,1.1109391778530113,1.1095529234583583,1.1469996339030786,1.0960908048839282,1.170075190209319,1.1120258116537933,1.0936409271313676,1.0861543854741589,1.1055588906420577
642,1.1108116991916601,1.2204804184196196,1.1566902421488865,1.140277452281336,1.1185907939366997,1.1351605416032462,1.1133002736696573,1.0910753039492875,1.1274407444531733
643,1.0951917728381515,1.0205297248146687,1.097007388535151,1.140310698285112,1.113283998888265,1.088181228179617,1.1091721499147602,1.0577041320947622,1.1490489774022945
644,1.107317376955774,1.1012566999807272,1.1112121974068807,1.12541169868135,1.0919366210943906,1.0435668523836648,1.0562855240076046,1.0528356170982307,1.1323942149792812
645,1.1190472898157517,1.2552003196180967,1.1056558771766165,1.1299328320963595,1.1261728341526138,1.073865204131076,1.0727490537515108,1.0811378427599585,1.1237887692856912
646,1.1048635233376116,1.0491704234020052,1.1024938227630292,1.1244220600645083,1.088799912047533,1.0789490020723185,1.101341575555564,1.101099860436351,1.135341647737656
647,1.1066581423876125,1.0933492183358167,1.0692419060160978,1.064161005586832,1.106089457590123,1.068709924902827,1.0883969798317459,1.0692761387858543,1.082111851146574
648,1.0943340450892527,0.9408695160661309,1.0936084938716266,1.1201086674038363,1.0922273167135637,1.0733253114775994,1.119083396803511,1.1082731775367436,1.1191961340834249
649,1.102785317669516,1.120191625154986,1.1382811068574767,1.1905869688566795,1.12327926392549,1.086449554453364,1.1044888369616028,1.0936969153056992,1.0948242960069177
650,1.1110739738999296,0.9748760191703075,1.0867757196031371,1.1058765120866278,1.1336932651094047,1.0830483626505565,1.091405764020613,1.133509644759958,1.0990066875610693
651,1.1066235580608967,1.1929628541613655,1.1489790095938361,1.143237405043511,1.1328096952611904,1.041947816859364,1.0560778013625085,1.1340562779241727,1.124735913084463
652,1.120372980438942,0.994165774039148,1.1036843142139212,1.1044998703164655,1.1078138723345423,1.0724228010251664,1.0617884214160105,1.0347204954290177,1.1531008447998927
653,1.11439280053854,1.0401123134822818,1.1141705496328953,1.17068579161065,1.1421972653008334,1.0835993856499773,1.1062613562348587,1.127032260589516,1.1069884660358675
654,1.0985313600622229,1.2281011210641828,1.1100926627561565,1.0847421017584618,1.0808612286548172,1.0845441008269887,1.0936747875075712,1.1005320959288276,1.0996550919138328
655,1.0949723993803278,1.813024958020272,1.1000480887728559,1.1560321496659787,1.1134501168577733,1.0580568092689668,1.226365842916343,1.0771277200017446,1.116192601137212
656,1.106424093787322,0.9640570885741343,1.1068604676671239,1.0914819213727271,1.118804808491451,1.0929066033800225,1.1194332099230144,1.0776374157513764,1.0737587072899288
657,1.1067988293799105,1.1493227091624245,1.1072875233590342,1.1355058106475615,1.121629435288665,1.10922365444752,1.0943585744857829,1.0785056459592852,1.0777288028249743
658,1.118461250862103,1.0368970754493414,1.2043649914407375,1.1219504586659819,1.1988182732767334,1.072833453868898,1.0749013158967977,1.0974762078790967,1.0920747805290028
659,1.10318797867378,1.2629314446947413,1.092144591565535,1.1010692843896912,1.1365421354885685,1.0953328869001808,1.06485214061323,1.0527623851500858,1.072330430484908
660,1.1025783478642355,1.0826180858743966,1.163846346010532,1.1168443907937273,1.1622444496249111,1.1227803928793783,1.0525070389191835,1.1224389918004407,1.1040187993063382
661,1.0846213223621983,1.0847072097493102,1.1396657381313022,1.098089960845741,1.1098902420955283,1.0683475368161732,1.1079192820753714,1.075180956996639,1.0948758711538862
662,1.1077566641196368,1.0474828764452773,1.1026692278833712,1.1519906165288047,1.1491415124835518,1.1006439468195703,1.095647957337155,1.1258088141829687,1.077077769006667
663,1.1090870983166743,0.9221270597906256,1.0697546326144765,1.218054617921957,1.1176439516570673,1.1189975446235887,1.1423095389965323,1.048064628090445,1.165532844979219
664,1.122879660245022,1.1940538869725577,1.1333661371558497,1.0930044108593302,1.085814069280118,1.0510809490074924,1.0743153982154499,1.1392260825219664,1.0713188185657472
665,1.1052531014737015,1.0898023812000144,1.1158008777149124,1.1260498729332697,1.1576739338705149,1.0968169940380335,1.0611878806709663,1.1072476453874691,1.1279815642610618
666,1.097967042933807,1.0233453239509744,1.085220690598895,1.0715402286255975,1.1296216538765034,1.090635728834017,1.1254647474290964,1.0908273297554703,1.045269364838214
667,1.1087307561555408,1.15253623072459,1.1020781334447682,1.101749679319775,1.0932412716325495,1.1546186891923118,1.0849695082698108,1.0876454485824691,1.1144832993851146
668,1.1115633192444765,1.1640222454733105,1.0829962430914686,1.0992435241419318,1.3590072172072092,1.0833922473844841,1.133322816722347,1.1671490298155647,1.1137889057872186
669,1.1091341183297196,1.1097471788396267,1.112862136705361,1.1286295084844826,1.0823793766748258,1.0874914172590318,1.1580867065663902,1.1486644226442952,1.1308666484371925
670,1.110628962260038,1.0089526950604597,1.1003575170858477,1.367245144296333,1.1647279236176489,1.0503933471080364,1.1055025031308185,1.081686532234499,1.132108110974595
671,1.115247094177532,1.0491094084249066,1.077948888686152,1.194679628507588,1.1173957598912783,1.0837213574568478,1.0825732673261583,1.0753683323820553,1.145975152408615
672,1.1029444200224792,0.9519013384067865,1.1258738082990825,1.1201275368042694,1.093386819780995,1.0477216789979016,1.1251848037476102,1.1470573027060345,1.0961074202133618
673,1.1090901002474844,1.0122048418547012,1.156871430751335,1.1169860100885274,1.0852416630544524,1.085927337860388,1.1242439889082572,1.1820022147990916,1.092614917220373
674,1.102722537861297,1.0599368920908363,1.1685456435397483,1.1410886398023463,1.1414901002197835,1.0999764677747672,1.0729739482292906,1.144100357282926,1.0932654216247912
675,1.1213311186394792,1.1109602597069754,1.0995471173461644,1.2821880712459002,1.0966224926953616,1.0753196796817435,1.1055054869756133,1.0966018402194597,1.1261960756266938
676,1.0941060143192451,1.235849206378911,1.0960615731386552,1.149245841515457,1.1800187410618943,1.10216944611095,1.188726692024004,1.0978858156095148,1.088303467368774
677,1.0909082993779193,1.0156607427002908,1.1140602211396184,1.1332434690739768,1.0711392225748513,1.1121792747892119,1.0883097309168908,1.0871327179480281,1.117223182777822
678,1.0970592342257137,1.1300919568611363,1.1131314345918988,1.1704825849242222,1.1247717715077337,1.0532076892276312,1.0772120901668436,1.1021073175852465,1.1191001668435268
679,1.1093888841487005,1.207239219692698,1.1093177497832962,1.142092246563526,1.084060110497379,1.045323938200347,1.0613103990138775,1.0495894431153439,1.0840102966640313
680,1.107347185075883,1.0333467096511484,1.118944023529096,1.0878732732956484,1.0981964380931033,1.0606918372711776,1.0926677882283806,1.3674194638643753,1.1055338890608397
681,1.1030398290122059,1.0061636358225923,1.1281631893770605,1.134098490657088,1.1665197444697115,1.1635169657877409,1.0970295226201903,1.2200415056588563,1.091229162122408
682,1.1171817469616003,1.1520574385145086,1.1373221366754063,1.0973031036460537,1.1098327692269536,1.1061631989080671,1.0995065400423454,1.1275162807226005,1.138189923259902
683,1.0993291827990115,0.9980193255259335,1.0762931671624771,1.118550213347204,1.0725387088011016,1.0931290787148091,1.1079071520997628,1.0921007747283622,1.115584872475728
684,1.1109960986190361,1.0050907159750309,1.0713896538376098,1.1412413705501514,1.1168534550594953,1.062752403690595,1.1144075578718402,1.0801336058098692,1.0827113136755164
685,1.0967828968063127,1.0510131287429287,1.0813992046212535,1.1228492680920195,1.090881914342325,1.0700732359829097,1.127365062190187,1.0565061405510783,1.1159176559982351
686,1.1043977524545656,0.9652341999952195,1.1405732432462625,1.1239706233992397,1.1426309780999013,1.1012963595767995,1.0840159982648099,1.1060214471935994,1.0786964039227334
687,1.11223556459487,1.0685018710167724,1.1025732162245476,1.0992906837215246,1.0931479961540216,1.1477098484928212,1.106554373740679,1.1093968319732803,1.118925804572753
688,1.10479351805755,1.0197304907849116,1.1246903322593151,1.1243078904271622,1.1448373517747394,1.092219619868544,1.0846591171365447,1.1370365606687065,1.0913170430910664
689,1.1004596501694255,1.359465635730512,1.0749443837108128,1.1221643702041653,1.11032482107129,1.0903471235530537,1.155262223110113,1.0892038622402944,1.064042965967309
690,1.099901471799855,1.00148671075565,1.1143473431098712,1.1000056738678767,1.1193591040555744,1.1125275075200303,1.0667872252046509,1.0711955733777938,1.1007902908169085
691,1.0942750263222614,1.0030064992999235,1.1481854512443066,1.16681148932947,1.1062002412008864,1.0660874655832335,1.0766875202904407,1.0789701652687878,1.0783340534482788
692,1.0964078379967075,1.299041045905012,1.1296568901001933,1.1441872671532636,1.1235612376848736,1.0712172344951176,1.091168480017363,1.0700652331012612,1.083156538090463
693,1.1056747475041404,1.1592758035489992,1.182087811692225,1.1080929130082946,1.1480724968638434,1.1100612183237142,1.1097094866416537,1.0764681588099945,1.115040427309438
694,1.0967614639809025,1.051499775725057,1.102713315743082,1.113265916808233,1.104877810040154,1.0864039794445135,1.1162159566257486,1.097230467768455,1.0713123946196388
695,1.1044990347103667,1.2363349319511696,1.0912064419297391,1.1010964817165272,1.078642057545316,1.088030177842467,1.1111012265924156,1.0848500974309299,1.0227726421750074
696,1.0881635957007993,1.1611190936189144,1.3828187476997074,1.199641600056309,1.120054086585195,1.1092655372362465,1.1186684595376883,1.1166379033711569,1.1038648753784768
697,1.1025894996592225,1.1201329670768045,1.1214377024097777,1.1184654888288414,1.1015057880042733,1.1860715214627484,1.0972536108569946,1.0870360096928617,1.1151208512599284
698,1.1087379469546592,1.0143332856351894,1.1318139151544244,1.1670865057665496,1.1013706869670088,1.1127001797977876,1.1031942101029624,1.1244484259012841,1.1206167669748912
699,1.10940690172785,1.721722760552594,1.1080690156053794,1.1111644484785392,1.0684155929955736,1.0856400839466376,1.1780344162096714,1.095920892343311,1.0464940706083754
700,1.0922253126270194,1.0859341607272113,1.1317779968809836,1.1387622642897655,1.0726315459208817,1.074808428252118,1.1107232133786644,1.127705751023064,1.1437316016609975
701,1.0912859101449446,1.102178462477905,1.1049637272313033,1.0947994975460482,1.1004340347121617,1.086150743889908,1.1133066719508107,1.0398066128668393,1.1039243290958152
702,1.107148478589103,1.0080760082347127,1.0736111556588768,1.077217819530472,1.1544862175548154,1.0802855682798984,1.1225568008804367,1.1107697398203418,1.1282011270241465
703,1.1099638344129372,1.1153505177959997,1.0829125737211915,1.1670361580710635,1.0901439559139068,1.07772314823648,1.1280777979477001,1.11551356311454,1.1349421450077333
704,1.1079830794205008,1.0098873297491304,1.1823905870246034,1.0968380517066192,1.0898546273948528,1.1131941416421742,1.110723079145725,1.0934978912641824,1.1180628925544092
705,1.1088483956971036,1.1380586557067598,1.1027324429249983,1.1525743286560322,1.0808208261966379,1.0606774642019878,1.0919183829245906,1.165104035197142,1.0754590304290286
706,1.0973144354510482,1.119240884425741,1.1089577848733074,1.1389914402643904,1.095059553368494,1.0960195753506246,1.0783128579995755,1.100508549092638,1.14838231845662
707,1.1161581839744574,1.0055825258475966,1.1004166789285743,1.1131911374235324,1.1111354455259415,1.0806030750661095,1.1169637996892485,1.0809059304649948,1.0902770047121704
708,1.093599286080271,1.4945883041611756,1.1619078309058906,1.1377118859723336,1.0788774361131455,1.0736160329781577,1.0939223201938322,1.0842158214886641,1.0427384816249354
709,1.111667830221279,1.0975582857116901,1.1147678627029582,1.1610525218032572,1.1153264431521996,1.0970468689528914,1.1709046094111366,1.057164745655739,1.102559769120991
710,1.1024373803547798,1.1692967524847808,1.264531127664789,1.1236459711082938,1.1121881104368854,1.0720770528874637,1.0886518644011778,1.0676547952915358,1.0811834597906544
711,1.1120149256630318,1.1318964731931374,1.1223291975077363,1.1573993920628696,1.1192678062603414,1.0958957420267434,1.0946925370472025,1.087870616380418,1.140701400179367
712,1.1066470667270352,1.131702784539662,1.0969369903450537,1.0759607410382495,1.0990500196864674,1.4731901733054749,1.081580671990189,1.0913731174304204,1.0886636556986198
713,1.1007838258236615,1.0637782821354798,1.1152822828814026,1.0965534977622238,1.0914848343548016,1.090139887780111,1.1269806681756132,1.1014983488045356,1.1176676970318953
714,1.1162108167713536,1.1036075928847677,1.1102933723976969,1.0820468652033957,1.0835445046061642,1.055712466253311,1.089552477099554,1.1891086807675528,1.1201141093751095
715,1.1075129581846848,1.2012425618956863,1.1002461653814377,1.1466574115512114,1.0685522669821315,1.1363830705449773,1.1402466029904748,1.082934962987696,1.1279696266603292
716,1.0896814667206502,1.1264481971976015,1.1406219435076448,1.080355858121087,1.1040881130646325,1.0585519974902644,1.0761184907415409,1.105447147556243,1.1421768443001485
717,1.1052110359290943,0.9203135348525139,1.1091545861151628,1.130474322447906,1.1174120622196493,1.088919965148403,1.3390134340369193,1.0602666404424372,1.1198155620148256
718,1.0965995576932728,1.0025897032853652,1.1458560409472067,1.1200721983064856,1.133986569492856,1.067382038903812,1.110466097239963,1.090276222065741,1.06225429561543
719,1.1044078545244604,1.0587891066414177,1.1084105327813176,1.1193819915155605,1.2030465866751308,1.1659570119157807,1.0726508737517733,1.1165363017733274,1.1010824702645445
720,1.1044433854381352,1.127864742909283,1.0744723506997895,1.1568817087922874,1.0896813505457816,1.1096091700685737,1.1033906985016737,1.0942565324775093,1.074215811541074
721,1.1056858006717951,1.008153892961635,1.0881338613203926,1.170663209424553,1.104555385595965,1.1011352131277596,1.1140260235259394,1.1343637092779566,1.1274079680000832
722,1.0982781607250924,1.0746833589748797,1.101703079443215,1.1164451679106255,1.0626762194467478,1.12099704800016,1.0817981794555769,1.108950603215713,1.1318246824846678
723,1.0969296493080316,1.185892202280575,1.1488710165193448,1.147770841590774,1.1617846370278766,1.1110120248790862,1.1429583495674827,1.1200917901499372,1.1023361732857389
724,1.1139473964715647,1.401227699651929,1.1030418994427533,1.1617646665691221,1.1089491960364877,1.1231436645067672,1.115612058810265,1.0742319289280442,1.1089069862399963
725,1.1059296938436944,1.206674103939843,1.0925352284384386,1.1411385658414142,1.112366134313506,1.113580030153012,1.0480735850343204,1.091341269633775,1.0745855376666849
726,1.091070451761276,1.071301840917265,1.1280200494015833,1.1060803668364214,1.113780201873345,1.1054351227735248,1.1053451888144834,1.0913061105994546,1.079111875870847
727,1.0878160837937656,1.0434609867545661,1.1178521888168722,1.1273243680819873,1.1251950681979206,1.0531217673968025,1.1242081697527924,1.2229749063794135,1.0557003210449374
728,1.097133990650211,1.0905600057961804,1.2039722116256388,1.0911542358731305,1.1464237064429847,1.1436200723737697,1.0948485485396275,1.105769199257053,1.1221978238585086
729,1.101297714633708,1.022055675875859,1.1036317442004966,1.1379763546697192,1.1340679700702512,1.081578022701476,1.080652370378609,1.077369082318132,1.0875623403532129
730,1.1039046759157969,0.9913874880448394,1.1192749068386085,1.1141535578796993,1.13151563261621,1.0902420335226854,1.085332059091878,1.1707179966572492,1.0589489082995671
731,1.0976490305656301,1.4876577721089943,1.0969789795030547,1.0969675137008092,1.0814425638856098,1.0389353504420125,1.085122279686141,1.1106614788562714,1.1108426738703019
732,1.1026517893027976,0.9802342513810197,1.065547573679658,1.152422220570969,1.1317559162720048,1.0864351846143383,1.130589284537666,1.0974807806591755,1.1020177243292302
733,1.107876669558802,1.0242835346063905,1.2472259832851944,1.1865681535391674,1.1085574740100546,1.1295327243895015,1.093517167470881,1.0863838461144086,1.0823960818419227
734,1.0953679769323938,1.2096433283664418,1.1053202450423654,1.0977109976185544,1.10805568720066,1.0550018832554098,1.0599847034290788,1.0848096346451814,1.0842623028412925
735,1.1119004370404812,1.1943211194189622,1.1242520798775337,1.1285824529841268,1.120346419766962,1.07904964732522,1.0518890962199121,1.0774875874838037,1.1156197934892957
736,1.0987183215280185,1.0685499671698562,1.118265824372019,1.101865829466856,1.0834951346516697,1.087169217996868,1.0893626526307758,1.0756834941204887,1.1176584961734504
737,1.1054027690348955,1.0835499952164966,1.114083849772496,1.142014511838118,1.097350467889416,1.0808324397217663,1.192738972942825,1.0967123595149788,1.154057422246638
738,1.1122515414533793,0.9481817521856477,1.1379008068743517,1.1275287225518615,1.1191553469938715,1.0981519229064662,1.0917313402356394,1.1443661424372413,1.1133016131957147
739,1.0945477048625751,1.0454217065796263,1.136918772001262,1.1673226251617317,1.1145330405469587,1.075203515951395,1.1412571392438122,1.152854254237876,1.0503495042470061
740,1.103873177068007,1.0456933934940802,1.1537879428128206,1.1239017102292088,1.100299442189258,1.1181932078418362,1.1090276106008967,1.0720048834569456,1.103774163686595
741,1.0887775325473268,1.1337985693043338,1.1579348040658792,1.1422739069456114,1.220136024923289,1.1183304067352227,1.1429657663430217,1.0883415502051383,1.1007643788699912
742,1.0785503875788196,1.321571275165347,1.103457136833645,1.1444429166037635,1.0988735441154698,1.0834855702100419,1.0741482331343208,1.085316279082341,1.0893536198222729
743,1.0936170965332066,0.9242869879456376,1.075447033883094,1.1277243675139617,1.0975186542859867,1.1280594166656648,1.109927633095753,1.1268200671437454,1.1051410912230262
744,1.096137019392182,1.0253083058258838,1.1823583030625735,1.1243126346152106,1.0952160381117615,1.079098944655914,1.0873643238078696,1.1211209550815207,1.0660538871525311
745,1.118365665394546,1.026663581332345,1.0805911173418354,1.1515857740462105,1.1440061016768917,1.076328412367685,1.100999908188593,1.0796557896197987,1.10903752727176
746,1.1159980573933883,1.0392589633919205,1.073532435849499,1.1357050138787423,1.0832840909958303,1.1063711339279496,1.1011831353061177,1.073168383318095,1.1176987742278304
747,1.1086753911700662,1.1191758412394202,1.1085821917378187,1.1445519936031103,1.1169170816902745,1.1227764623276322,1.1321898176688787,1.148247016961068,1.0804042029317058
748,1.1119398629977715,1.1100314163941705,1.1113880855942402,1.1233987653440576,1.1311284709214324,1.0869679087982351,1.1280168288109567,1.093337298468869,1.1772715734659402
749,1.1038776191656636,1.0981732608537995,1.07268421355477,1.1396033070675322,1.134241555966483,1.128867001312361,1.1115502941337843,1.0851234816001212,1.1107911126459094
750,1.1081074237909607,1.1126236037633839,1.0818398475145647,1.1478451252029567,1.1309161454241097,1.065613841041908,1.0970842961033769,1.1250482182095114,1.1000547248666535
751,1.1056867076660262,1.1967453023827779,1.0961388368063387,1.0968521148552812,1.1307374671275423,1.089203601690992,1.0347575304763243,1.077295782636548,1.076830915991519
752,1.1046017746665184,1.0277640665556622,1.129843100704286,1.0862137377442789,1.1474639832716182,1.0741001865569428,1.091054802284178,1.10687179244269,1.1014153129327409
753,1.1042070472333485,1.1813728020471457,1.1254066869287431,1.1002353603253927,1.1104743552569853,1.056114881753692,1.0743239682106775,1.0720613218977546,1.115434656566655
754,1.1096411903007795,1.1189152692112465,1.0858791780883847,1.1292270442421497,1.1241287001242806,1.0759057416135482,1.1267041579351451,1.115533329553726,1.0928376571705438
755,1.1091942672036157,1.0214759416128598,1.2003419301911682,1.1380365317357797,1.097618902070195,1.0913879267005675,1.1157270596366564,1.0918714476325346,1.1942226814817802
756,1.10299561058322,1.1295641448901392,1.1178762099342516,1.1510336899759412,1.1805190020585075,1.1329655078482161,1.0964852253987873,1.0541053337879764,1.074770852175755
757,1.1058250994615604,1.3212683672571415,1.1403240785716338,1.1153997942198615,1.136520582463384,1.1243112516222593,1.0671634820478204,1.1070654525077406,1.1137245332586494
758,1.0917943098971463,1.152493837001071,1.0944552456451733,1.1375851012614704,1.0841850893816698,1.1023218400941974,1.0863566374133966,1.085808028619354,1.0551471278275848
759,1.102671254180789,1.1006054955847249,1.1197055511306024,1.1188926729275284,1.1430742967946936,1.1408523513818145,1.0800722808455658,1.1288396717692768,1.104566891050509
760,1.086315865083523,1.1121214047863963,1.1314771278739766,1.1438025621588144,1.1606569718131152,1.1124326597048086,1.1173798809899576,1.0716168500667729,1.1353734674408718
761,1.1077991658198236,1.0837084021857724,1.1198031138319962,1.117638523701834,1.1206251548851163,1.0945306592723267,1.10349629944844,1.108706775843112,1.0253962710785178
762,1.0980543220048626,1.0271261831458285,1.1380816670993308,1.1387635388312574,1.1128562442086223,1.0773938538839494,1.0753068586315861,1.1066421669749837,1.158680412174502
763,1.1046778315750363,1.0242424264589047,1.0866838618290193,1.1230970988405575,1.1191821996406386,1.1645439064253496,1.1298391181426706,1.0948202043721633,1.0801544226744306
764,1.115223679018513,1.0333030632092277,1.1319984124557236,1.123073223124236,1.097566650186949,1.0607111286397253,1.105953125057819,1.051859268519181,1.1015826272346556
765,1.10279014952017,1.0377481230571515,1.0901869685454537,1.1307303620384037,1.0957072850618073,1.0933138800016877,1.0525030674134217,1.0915588651496708,1.080172235184296
766,1.102371635985944,1.0003540157637771,1.1339138275817642,1.1253586508004914,1.099240169461478,1.053795651058953,1.1265733108246196,1.0935921711806293,1.1301934752181027
767,1.0995776101965666,1.1272041008193427,1.130438081056583,1.168154750269958,1.1761844333319027,1.1091405734361266,1.0786238006439197,1.0803168102139584,1.0706126092338184
768,1.095309018551784,1.0476377068259852,1.25904876849913,1.1492392419954371,1.1103445127763485,1.1194494521216931,1.122846946966296,1.0902802374927107,1.0797764382961486
769,1.0986831452695813,1.0031131912398625,1.0812126566474285,1.1426613056865096,1.1273314123126386,1.0986956356232485,1.1355292488963922,1.2558558104351647,1.0895855950455584
770,1.1090985971248244,1.1916277080274356,1.1243339341081107,1.1226602041398548,1.1064592248470624,1.1940969689371974,1.0912757996981306,1.1040573199173682,1.0790225118931573
771,1.0993733335265672,1.0472612490715878,1.1711209756481566,1.1116075187446044,1.0923555429618943,1.0567704185423692,1.1037773724104518,1.08813928084305,1.1002088659703158
772,1.1143077964113952,1.1510989017363291,1.1177299153797169,1.1220481288539244,1.0908087819973464,1.0666746763466473,1.0973230982612925,1.11364812643553,1.0946747836351594
773,1.0975952883385118,1.083512274473218,1.093376656170099,1.1174911515294756,1.0653352647133227,1.1141201519434354,1.1038523164343177,1.0730186585930013,1.1039639007129471
774,1.1136863767588658,1.218275706849826,1.1133917497576595,1.1376944648816956,1.0909162448969767,1.1076001922177034,1.2036778228835188,1.0455286287050831,1.0854036820606878
775,1.1022538985115615,0.9741272715235826,1.1140145542461355,1.1239668722948255,1.1584541350953848,1.099757902281122,1.0894293564647806,1.1486593621932717,1.1156837973531524
776,1.103345561959561,2.3606461274945914,1.080618834710466,1.1047759463871314,1.1149004330465653,1.058868767594569,1.0835161136402993,1.1007264295918202,1.0552938638974076
777,1.1053381631409371,0.9824206920257266,1.1067206889669614,1.1164150042118806,1.183941424638352,1.1689187447663434,1.1627910486082178,1.1462381613032837,1.1157882114466122
778,1.1083132116983607,1.0457755380658522,1.0904421049634954,1.0896218381959744,1.127796818519065,1.1056929934176156,1.1090198745632636,1.119245762350734,1.0858082093710941
779,1.0826367268362898,1.0155696056235648,1.0899524057363026,1.0847762240252659,1.0948366583396743,1.0837637831827742,1.110781844783953,1.068621175568947,1.1501062302774092
780,1.1085496661258396,1.0965808513294548,1.06965255380988,1.144143670668484,1.1220932113284718,1.0893821843878309,1.0832332226691308,1.077511600855701,1.1017600243390056
781,1.0911918086194285,0.959184716647921,1.1149680831294453,1.1567496825338994,1.1841599209236886,1.0840071868228807,1.093609616113665,1.0981366773906416,1.1248126003380177
782,1.0999556314816417,1.0920855911386733,1.0962447699851743,1.1109304552349997,1.1671008325115473,1.0981841084441393,1.0960785235971962,1.0778884471552515,1.0643939374850828
783,1.0950482622314575,1.0902453257165607,1.0770048594610837,1.1619101005460128,1.0879614600274607,1.0933859997021862,1.0942347415413471,1.121112506036545,1.0814301336223346
784,1.0978181438654415,1.126302986195342,1.1002206656930016,1.1421608834965835,1.1280238203289077,1.0682709071931926,1.096716583210236,1.1050941580798708,1.0781733890833909
785,1.1043793928432821,1.0727421055219326,1.1143570659362556,1.1354428405522876,1.1086955412685477,1.133713791855809,1.0817879804926336,1.0626396379554532,1.1030341263535135
786,1.0984552691312395,0.9406591570564882,1.230703083242848,1.1264686595975806,1.060416149455176,1.0858218704083542,1.089624321410056,1.051773408547593,1.133687999588771
787,1.1041099649357966,1.0563192160419588,1.086050347901529,1.1232336521844901,1.1071010401455852,1.1335191285606798,1.1453193548430596,1.1217549495093573,1.090617567429845
788,1.1109294755786083,1.00672688170113,1.122258647103173,1.1707183507451273,1.0963716299209023,1.0497648285832362,1.1109528233565973,1.1212951626546088,1.0840451288074107
789,1.1165005331547455,1.0020907144420446,1.1471393939741246,1.1485388160127292,1.1201763770070647,1.1174109523342781,1.0839372240360292,1.0970094351200084,1.1074131663779472
790,1.1006482794864254,1.1092889961450487,1.1136385091134464,1.116776319459726,1.1248968495560994,1.1207688978510923,1.1489198546042427,1.0912306323019543,1.0459360162972033
791,1.1156568385791858,1.1630617359730826,1.1194355763813364,1.0999113443687543,1.1063890464299484,1.1055441742345193,1.1323324286559981,1.0641660127484502,1.1020992062151531
792,1.0899193780912533,1.0236986453889005,1.136222077306706,1.1195047503165099,1.148989594286376,1.0819417616415452,1.0982159970003758,1.0952597825664796,1.035280399104585
793,1.1018047793897139,0.9935105375559802,1.1275117114072064,1.1052670170452104,1.1031125367600398,1.0861025806993232,1.1017395394295324,1.0910763057828756,1.1026254669999964
794,1.0940207518486569,1.1173835616339587,1.125048997737816,1.1803184426844504,1.1168830818335882,1.2082454462950587,1.1051647451257685,1.0868067938127928,1.149905413361668
795,1.118284722589529,1.1754395171402323,1.0786314026162702,1.1046630879130446,1.1704851552573923,1.05559014519396,1.0869239838774412,1.117305839443682,1.0750964148066333
796,1.1081267798640355,1.0981786774519828,1.0661789182014767,1.0891122883568327,1.0937305216516469,1.088450413606211,1.1143096472797145,1.109846273010092,1.1054641725278926
797,1.1092185185827168,0.9946495392223387,1.0974337229051194,1.148413958330529,1.086511248681599,1.1075995631212876,1.098302552209068,1.0957587653221639,1.0739055093172643
798,1.1167385804057142,1.2069207504307835,1.146421403031327,1.1348671260787897,1.1045535232193346,1.0671361346702752,1.096693188131161,1.0609631544082436,1.075863298191443
799,1.0916608373279377,1.267784087385879,1.1234774321478538,1.137261796234204,1.136815067539351,1.0701388045426912,1.1502262213071859,1.090156608676354,1.0860220788041586
800,1.1015032557878597,1.037788106281001,1.1009487509429416,1.0722813965434561,1.1260801674850227,1.105827225011187,1.0914994813186139,1.1392432084511002,1.160590885321101
801,1.0949561500495597,1.0360514064395145,1.091611381208556,1.1025163456346374,1.152825726408359,1.08066380329339,1.1419017649982475,1.0995054352375961,1.036291440955788
802,1.0994997911485989,1.110797277016246,1.1059982643201827,1.1093285590617965,1.1190854666310563,1.1404004927967442,1.1484372190179202,1.055890432381289,1.0979742890143434
803,1.1025857097062575,1.068374939631103,1.1181539197696881,1.1163133781212604,1.0754480299139477,1.1199809340651954,1.1476830192191834,1.0436312071914953,1.0983705132194659
804,1.089426344968067,1.1161831409218836,1.1130215125095768,1.0994751383186545,1.1377899528358963,1.0565185283787193,1.0837815672536733,1.1102562959106148,1.0818916992472771
805,1.1029647253643742,1.1034776206024204,1.1266154043484224,1.112005403247785,1.096676081065983,1.1062258979020203,1.0892049658817642,1.122470890978014,1.0968196747461003
806,1.1110646332895764,1.0387144741549137,1.2004576103177103,1.1498709438911197,1.1014988678904478,1.0815352586463791,1.096004024015893,1.1037419634585846,1.1740324499449706
807,1.0937597466698832,1.0434213481240255,1.1715352397274708,1.1533277218094888,1.1853821214033249,1.1724447926825279,1.1110482143279046,1.172876597922632,1.1152248911593983
808,1.1152521171195013,1.0810140018766252,1.127625487549774,1.1498879671482813,1.109993142695269,1.12184692161092,1.1291059767343574,1.112011329531125,1.1049707512166516
809,1.0991539169520166,1.0370071313933935,1.1458866091926967,1.1603843340810587,1.1154520795591432,1.0527381463156928,1.1099057806087316,1.0836230284442163,1.1262847644162903
810,1.120490754542982,1.348165125818449,1.0742990111361839,1.1722504468342765,1.1464138897004286,1.067957862302884,1.06233867772317,1.0686610698735366,1.1087583569079125
811,1.1107365347583318,1.1116613347473612,1.168704488233432,1.1475659211010114,1.1508157117802182,1.106940000916677,1.1297035221858311,1.1274115946263845,1.1195692546737286
812,1.1084313145630103,1.0318509522156507,1.110683119313236,1.1113354242201836,1.0786695034391482,1.0762785041231568,1.087782077524405,1.107484827336669,1.088304562580662
813,1.1087207862719743,0.9469722595711433,1.0880532096471138,1.105727878726586,1.1302569173439523,1.0792411315053103,1.0317839984742556,1.11510965852661,1.102997836282544
814,1.108855517941358,0.9662661434215459,1.1037301637506554,1.1136206980422911,1.146242090501316,1.100726128103254,1.1357702342572331,1.0898365245746329,1.1173959682935417
815,1.118289110667687,1.1008652478264176,1.123225092044879,1.1340113846388258,1.143788577853443,1.1020748930844204,1.0789681498437325,1.1285430072332605,1.092303291374723
816,1.0881203506735593,0.9819396119484621,1.0984799834450982,1.1179555571026512,1.207885993460577,1.0738692611049152,1.0993924829517625,1.0672065575654315,1.0862764058190155
817,1.1028531832085247,1.038668272972136,1.132006847010105,1.1384649936886069,1.2649195051621582,1.1135585848968397,1.057683290873504,1.10519882399011,1.0939715080860386
818,1.0988478286890468,1.0768873707783428,1.1398837958340038,1.1269963318542504,1.1057045190362713,1.0950052322203265,1.1135695978701603,1.0824607078873532,1.0977955212541315
819,1.1072611997298742,1.0745671120446774,1.1336266269002653,1.1455609796874955,1.0969064507718613,1.1144023342321594,1.0939152486521577,1.0785251844594623,1.060905977425724
820,1.0825316959112132,1.1248517672142622,1.0959109612398965,1.1474858268619983,1.0710423110078435,1.1027142753917518,1.1065241906226448,1.1594175418149189,1.0619492327976028
821,1.1070014261259584,1.0538497104853513,1.0698680392147077,1.0805444589785265,1.0996183547668787,1.1301355324417235,1.0935575202737597,1.1960434029365323,1.0984524552336057
822,1.1124378414817817,1.0875632847478418,1.0779320318940668,1.1373083293467159,1.1890836844931638,1.0500748824769417,1.109010115097471,1.1765475199813065,1.1243142786481584
823,1.0940476414652822,1.0245431699834715,1.0967305135472218,1.09930277945919,1.0716241257978372,1.1274570273340248,1.1169906749934295,1.0734637092936912,1.0676217651570432
824,1.0980868935230825,1.0788078577525464,1.1234491911497415,1.1178051519217833,1.0724303648564881,1.0863459501904873,1.131035943172207,1.1197710258893943,1.0512490347264112
825,1.108270000291439,2.132029156191756,1.1223618457720874,1.099807937534305,1.119040316296623,1.3341897364524669,1.1020164331870177,1.1325493367362405,1.0937347528525185
826,1.1053409704711625,1.0388653925411442,1.0788206306174353,1.1273176795612259,1.0820165374345405,1.0407989406647287,1.0970102860983288,1.0592814685182834,1.0806806935040554
827,1.1017729831193515,1.0175054000554051,1.09836460784066,1.1306862954431027,1.1427764787296915,1.0521899269211525,1.1040952503073944,1.106435510096627,1.1502132148678943
828,1.1135978265493076,0.9670295947692823,1.0994966830693529,1.0898767276064703,1.0803258363679558,1.0840333892004208,1.0980131743851875,1.097045281803715,1.0980809910725688
829,1.1121786782990652,1.1067487069031197,1.160926583875159,1.1190865336457927,1.1180207731316623,1.3680465863166393,1.1007240525902053,1.090709549546967,1.1004268919641047
830,1.103237656360037,1.139528840495386,1.2113202274535761,1.1078887304527492,1.164346246843246,1.0918046182679402,1.148496304798989,1.1005916954877932,1.0785931567619713
831,1.092129330396506,1.074473041209999,1.1576472774224533,1.1325532080961853,1.1128676275285811,1.0527269858501407,1.1614183414493195,1.1054910381166578,1.1333724591208563
832,1.1134751873465565,1.073679824402746,1.095111362015713,1.1350495078288012,1.08977005356393,1.0470926359585553,1.0805808575242837,1.1012114703149427,1.0922364166307883
833,1.104329986004772,1.2354031281720739,1.1018523619601255,1.1170601812148504,1.083932659403142,1.1289969685597325,1.0673699109309727,1.0863518864593174,1.0613011940478903
834,1.1081777413772473,1.2950993521481928,1.113678382693362,1.142676386240158,1.0897389839071583,1.0745347222026824,1.0852550270424042,1.1350071356897198,1.1057261191225307
835,1.096214740946198,1.0477942386086772,1.1172145227769203,1.1490999656146914,1.1016227722130683,1.1002390769524095,1.1220045127077973,1.089075245840674,1.1339497789116126
836,1.097454814033609,0.9827588095897171,1.1060199525364662,1.1018347548474698,1.106039300654971,1.099895355060588,1.1199461333925995,1.3594454251898653,1.1251254323341173
837,1.0964434624608321,1.0336116234996002,1.1108822276658368,1.1522339309347063,1.1447427015154106,1.1083865232148942,1.0952916297172148,1.114634944094182,1.0855072043380336
838,1.0985157784763835,1.200055685828752,1.1430675027526236,1.1159450053182092,1.0791321775556997,1.140791684178596,1.070148279130247,1.3204910840262316,1.1174210838816774
839,1.1019341059640781,1.2123625282523265,1.1573793879178154,1.1245202826071128,1.0869079263864208,1.0529498717264711,1.1105591776738915,1.067289692566311,1.1390132424538613
840,1.0908107359767403,1.148279034454366,1.0519533793691949,1.0831238651172599,1.0735650995095278,1.2062956863040326,1.0909416840038622,1.0476634403870686,1.105184072416013
841,1.109028006370021,1.1922958481486319,1.1309785088549331,1.133123500527425,1.0650323068199572,1.1314846568313566,1.076471391013736,1.127345635670356,1.092550159400857
842,1.1113437011292326,1.0139653879141008,1.1318498888284878,1.1322535281984398,1.1284586495338442,1.0726343771332598,1.0977167170126876,1.1371142538834473,1.132007877967347
843,1.0993710755262067,1.0398019561488319,1.105971640171864,1.1105544629708903,1.1465175001969439,1.0393921012718716,1.0993368414643585,1.0526234253109277,1.1048932336005894
844,1.1017743013502315,1.0782566211379947,1.0709962757897584,1.1034297229157861,1.115458699356095,1.145783516384324,1.1176344283081368,1.1102868786240798,1.0929550131011463
845,1.1001462909748347,1.076804417322076,1.0776470358943622,1.119507791082736,1.2047365908744012,1.089787998524924,1.1414870576510172,1.1077128017408295,1.0828235303216411
846,1.1151741830983632,1.3449915593779798,1.1106884887637434,1.1163632252179334,1.109352334982639,1.107486649119184,1.099661084906037,1.1210830277119537,1.075877550360268
847,1.116358210187705,1.07671207782431,1.1072799473612156,1.1011575345815183,1.110449332151916,1.0575503774262216,1.103036790722427,1.0739135921403868,1.1284433305745585
848,1.1131449004328045,1.1349655799982543,1.1495640499071766,1.1194312117225242,1.0826297099929678,1.144103918829105,1.0519153336680112,1.1095541537098867,1.1585854245276808
849,1.1072668619716568,1.014061685068229,1.0982870219330594,1.1309310032014608,1.1764839739299673,1.0850462438656983,1.1099798030711077,1.0750924322898359,1.090310018589364
850,1.1011043930646423,1.1480023971760203,1.0928161919813304,1.0839627321322651,1.086551808098972,1.051212777411228,1.1430428201857248,1.1195456913150705,1.1097842732204453
851,1.0834476942169708,1.0189957699911012,1.1130508826672358,1.1424481372039,1.157980078712036,1.0984445228346307,1.0825545257945939,1.0842147388238317,1.106237093022466
852,1.0930812083415826,0.9772280999818825,1.1156540525599115,1.0958918407876626,1.1296840269724429,1.0981669079614778,1.1160552117847244,1.1120859105449485,1.1687652323172089
853,1.0894334708159423,1.8101976348944755,1.090095025299841,1.1172753705619534,1.1258106052338788,1.0920818753990653,1.1474633643314196,1.085842772458058,1.0668081265873817
854,1.098247119958102,1.0896135052872895,1.1181963480983406,1.134716222870252,1.1150484036772157,1.1122842428514366,1.1042474399662399,1.1093699440837859,1.0978257671238134
855,1.1010702087649515,1.0800872105049633,1.213163132112456,1.1356989791870804,1.0951962557926167,1.1160263532963222,1.0653575697445439,1.0570286514859344,1.0939657983382116
856,1.089829849926126,1.2879669776808416,1.137321776676279,1.0950234693036385,1.1292218838559898,1.0995972397886,1.1264722503228717,1.0959793111562426,1.1184413017077997
857,1.1102691083481668,1.028718203499423,1.095598115348921,1.1364063837124156,1.108631073868423,1.1238800872621715,1.1058108434428273,1.0777830606437586,1.102138591297107
858,1.1109800719650664,1.0559837779805823,1.12564107140647,1.1013459983058038,1.1019054368285564,1.1032520218006414,1.1143490923674857,1.085042641783403,1.0887630830338766
859,1.1110382170874586,1.076223681389571,1.1344028434930906,1.1294862985933036,1.131679511481512,1.0873540734423062,1.0985401362507288,1.0858692830936651,1.112771985874256
860,1.1032578640470752,1.0703345017817032,1.1246852213756193,1.1344988058069656,1.2876964694136586,1.1418094329169561,1.1122558453777904,1.0876999327156185,1.0989086217294226
861,1.0878033864340624,1.0178951887328418,1.1207124893149576,1.1248151066619227,1.0919310816153178,1.0755153500327628,1.099669711635094,1.098590427969803,1.1251325101810246
862,1.0753702450466798,1.1687433404483383,1.110305770689493,1.1246436309510128,1.132672659643507,1.0681951045787212,1.1580467956675529,1.0702504847184386,1.0559851717588389
863,1.0870558966692707,1.0422333501884706,1.0930572006593884,1.1507657198075019,1.1396990968570067,1.061507769880943,1.0869302849250562,1.1522078865841312,1.1321672201807402
864,1.1022974431268904,1.1570305564611247,1.1053156934398984,1.077970246629294,1.1565732801215765,1.083877178035036,1.101390459736704,1.1070072828877517,1.0960830671230857
865,1.0864333579771221,1.0786047356287927,1.128938623211132,1.1807137075844485,1.0799282633623222,1.0533012946719182,1.0855186495521696,1.1186877842901508,1.0721616723931786
866,1.1104853616412451,1.0587780818437917,1.097300238038159,1.0849849105515235,1.1237628988693442,1.0773618966047642,1.1338375426200002,1.078165066745641,1.0821218701315525
867,1.096221255918813,1.0916027324477942,1.1541394554231068,1.139582934784322,1.0728704177327704,1.1137300985198573,1.0991167394697656,1.1074051436319463,1.1589130666291454
868,1.10157288380205,1.274203041221372,1.1411106667557385,1.2804737194609348,1.1565802878436553,1.0656677636127576,1.1167046234660962,1.0795252391795669,1.1480942334346698
869,1.0886303000160034,0.9693247169254046,1.136321453191417,1.0949371449440184,1.0979623818995192,1.0549842556082465,1.0547637481734218,1.0737843499061044,1.1144109347096052
870,1.1138972515224193,1.2769214745862185,1.1101519788660812,1.1024017948113016,1.145158512339033,1.162293824270014,1.0696642163650747,1.0708076070155665,1.091406397546799
871,1.1214099690660957,0.9560951463410508,1.1016410625719357,1.1067185744444639,1.13742172773267,1.075505661325945,1.0705798185743358,1.093253474440464,1.1124636866206121
872,1.0906942542645306,1.4110684169658836,1.161376842120555,1.154189625292267,1.1931941554967191,1.0711726743671135,1.0256037412923114,1.0705912764787322,1.0717053713947708
873,1.0988362796424054,0.9737632807908702,1.0889762776845333,1.137839491346123,1.1017473133164464,1.096484198935299,1.1239804729252496,1.121283448613603,1.1082803372686922
874,1.1061009215714994,1.1606706384150949,1.107386338288727,1.1247356707630576,1.167285126941492,1.0662241775582681,1.0821069637661445,1.1097476129370671,1.0894079280124862
875,1.0892862932831135,1.0074938909846958,1.1091068405637758,1.2150060004096042,1.101457409948315,1.1302664697702443,1.0878482558238083,1.1187769030067973,1.0634594589722246
876,1.1008932764316932,1.0180577476572288,1.0790331371520838,1.13175256690978,1.0912531303154196,1.0962910294247843,1.0995251324563595,1.0721241032997368,1.0876082465327226
877,1.1061305643965988,1.1317449217820073,1.1173970463173333,1.118566772093203,1.0893315886139658,1.0369644090911232,1.2202518320333522,1.138196407625182,1.1446047922842175
878,1.1029921709478354,1.012770354117203,1.1097081242606905,1.1296540982693302,1.0977055892428043,1.0539318823395243,1.0969256187698444,1.086774138730668,1.0585799716448667
879,1.0990425909892556,1.0465835759401596,1.1841632210813804,1.1327052915356055,1.1368958953221269,1.0648162754028667,1.0901557402127295,1.258119340851577,1.078594062361695
880,1.1074071511727135,1.1261288264225584,1.115965853497447,1.0811032362272786,1.0961242497403176,1.1184230547269338,1.0559206713038043,1.2361340970276895,1.1095386959178541
881,1.1074929506048872,1.0925113282016177,1.1240113518002828,1.0782549537851749,1.0936758079210775,1.0633946688813285,1.098497942376243,1.0627446474955033,1.1140639912878931
882,1.0976442230691015,1.0628314056094987,1.2053106803630529,1.121104924926899,1.1068985553153308,1.1216728628067703,1.0487407971297786,1.1173454755776435,1.0829001443814263
883,1.1062907316359656,1.0025086359648447,1.1031832315500099,1.144313167556826,1.3425750572466222,1.0911286420429762,1.0769046256121844,1.107409938993514,1.096539974574993
884,1.0838627151354485,0.9510336528399701,1.1333383954893763,1.142920164838829,1.091467068355891,1.1035395472509133,1.12500362928863,1.0650703040916214,1.152339381586238
885,1.0945863714243405,1.0288848174800127,1.1218896636596487,1.2389651740137229,1.0910894062840792,1.104158693144837,1.095803787971166,1.1202770243616396,1.102190629089311
886,1.1130903488718125,1.072606409827628,1.0964343419231244,1.099154443945622,1.109317493199301,1.0756208975822295,1.0972373294195659,1.0872138028274576,1.0732968367706712
887,1.0787373039676214,1.241894170223814,1.110776993388534,1.0968211061927844,1.1410402948338023,1.0898876788696337,1.0849251298347893,1.0809514153546116,1.0913398037819522
888,1.0959626084700596,1.1554484747325644,1.0840820427212678,1.1674889058112286,1.084168394025999,1.0952196491006352,1.1116401089085046,1.0575922548349337,1.1097232356346163
889,1.0886135464497826,1.0535334693887008,1.1602836489992394,1.1286105937305495,1.0657231393930406,1.120834145703036,1.159512630694238,1.0935278578857675,1.1052126207293953
890,1.1127216274764635,1.0770388567268814,1.1239176906913784,1.1031751804118677,1.0993757674924307,1.0935468325848052,1.0921510629724198,1.073708447572193,1.0845937282507645
891,1.099035614586925,0.9867126404891171,1.1270060121750216,1.126037677375358,1.1317671193021608,1.2336279741536498,1.1425252735191844,1.1108076861203309,1.1385782129880861
892,1.1137114180524095,1.1006610416541003,1.1115731377367235,1.1098353744281144,1.0710816746444978,1.1076648501874231,1.0746369924137706,1.1424844006377732,1.0548068310581988
893,1.1127924348097769,1.172926628584083,1.1100577999027703,1.1118598261033996,1.1248345346299469,1.1000258205661149,1.0781594615369698,1.100347119775895,1.138019724241623
894,1.0909695377295232,0.9955885550485657,1.1200582849224463,1.176613270711247,1.1061322069160302,1.0722260219051416,1.1007992782982658,1.0976310935541689,1.1243242707497574
895,1.0934230487664636,1.1575652886761645,1.107973199066185,1.1302786520847368,1.1379385484783822,1.0560986438818452,1.0824202498355902,1.0998838366882777,1.0914213407007185
896,1.0926150591466066,1.0527340128946192,1.1233013765598419,1.103448133277967,1.1690995997783227,1.122775613745776,1.138756614289487,1.1041110199581035,1.129856532111355
897,1.0990205615319828,1.176849702821818,1.1064057988637601,1.0925419660359297,1.1220452363529705,1.3146948536718899,1.098230444731031,1.0912690841150092,1.0866139578374163
898,1.1063422694504623,1.0175015916441523,1.1894622944661506,1.1087834980458882,1.1086490806204534,1.079136844416764,1.0749218882883207,1.2642317562464562,1.1038626610118911
899,1.101475539186913,1.225549772031532,1.122086087631572,1.1474626190011865,1.1347286820453721,1.0848028720504292,1.077338877901881,1.117896606064729,1.1336457804455888
900,1.1001323887639842,1.0952605783845109,1.0884165725715749,1.1122074051972062,1.158629792652789,1.1026159982558739,1.0792769464509488,1.1342138708728173,1.1249901229756103
901,1.1142886555552438,1.1748359523384535,1.097553371163199,1.0967609734488348,1.153895504601899,1.119504455853984,1.1153173259965257,1.1469649601371272,1.0761768636115145
902,1.1046116286293377,1.0370698984197604,1.1595641444278673,1.1074278482424702,1.120359218079226,1.1222187513302648,1.0772172170645273,1.084549943435797,1.1216609731021105
903,1.0864770426437982,1.0543188215303625,1.1399641252337716,1.1110400725740546,1.1032049266288162,1.0723531551908576,1.0768807854565692,1.0862395040556723,1.1058667772766926
904,1.080877630572688,1.0924452828807634,1.1301851903449576,1.104648564198661,1.1583479553847682,1.2201357333195204,1.0555430281298894,1.2172737678747252,1.071398810211826
905,1.1076443035759351,1.1326642527052453,1.101621558951911,1.11222401505508,1.1150498259169725,1.1159402357923511,1.129874621169486,1.0469054444320836,1.1181025242835008
906,1.1021197613207228,1.1091966313713078,1.1146691302563756,1.155700170770104,1.2098912902779435,1.0856458007089134,1.0783512514607045,1.0806714082654352,1.1072743337522575
907,1.1092146009962383,0.9757490766599605,1.1152252551971134,1.1397987245890542,1.1119248611531345,1.09611627787466,1.139942992040996,1.094342960497567,1.1118229745697608
908,1.1027707460822596,0.991339314508039,1.1032052600730826,1.1019424069301111,1.1127482021704713,1.4190328639208167,1.0371534417722619,1.127599667172038,1.0885650495391077
909,1.1163753721809702,1.1576430373047129,1.326325997205697,1.0954584101615144,1.0831337255825486,1.0865678612409726,1.112215034970838,1.1210167098834092,1.065472076462833
910,1.105934249311538,1.0909695356318807,1.1143271193751627,1.1395025296060421,1.127062198348965,1.10883439542354,1.0561284263509143,1.1201186317933056,1.1051456812011038
911,1.104061084384287,1.2651979379458649,1.1028199206592986,1.1518347016492165,1.0974916011407976,1.102106081292337,1.0928165672321781,1.0855210695267543,1.0619382785491926
912,1.1118206016359349,1.224841338820766,1.0755838520299719,1.1482255016726264,1.0884076742984912,1.1308085963772339,1.0961831473616241,1.1211821421630057,1.1415220642557338
913,1.1027978953423152,0.9762525893447027,1.0966215088475695,1.147720901295565,1.1402284693108935,1.0849517107401316,1.147496703679137,1.160351773045835,1.1171019753250706
914,1.1089290238324516,0.9782687698275542,1.1237207554072395,1.1666623921844037,1.1138864783399527,1.408813060381824,1.0974386518379888,1.0730264542050854,1.0295758200783793
915,1.1075762250443486,1.1900135374406045,1.125683207352263,1.100195610934859,1.1134779536232056,1.0921208573363312,1.0910518043879684,1.0893582125224326,1.1457780090793357
916,1.1034635015350447,1.079144183530412,1.108277223730414,1.0878747011693526,1.184831824983156,1.1157810977009477,1.090503487438463,1.153594746349172,1.092646775722979
917,1.096530389182885,1.0457089388012042,1.1119431718221244,1.2328618965000244,1.1555713961263405,1.0672873213554528,1.062864256338638,1.0943644861523332,1.0971029872803084
918,1.0915426342701382,1.118014349794921,1.1020767130302214,1.1726480436343556,1.1390764199267456,1.0774722173888858,1.0699689054180956,1.1736890446590151,1.1235946986245624
919,1.10132100372391,1.0816654984707894,1.129293417896681,1.1079149340297578,1.1314334192622237,1.0919121976621478,1.1030535247657818,1.0613101032442098,1.0504293624784358
920,1.0977341727886385,1.073638169189735,1.0952485536227814,1.100306324751681,1.1193943077497097,1.08581821864991,1.0746523143990068,1.129373140662781,1.1482557834184832
921,1.1005136930739152,1.059779471604005,1.0945336318227117,1.16074130209062,1.1088539756144067,1.1066883818990896,1.0711964502634892,1.0871916988830201,1.065474646053987
922,1.1015761291716528,1.2851151624737225,1.0892643351051308,1.1443264135759026,1.1122360858612679,1.08567733967977,1.0857280853383218,1.138413383129995,1.0541564316389942
923,1.0871625262790305,1.1334941316366336,1.1333922374829593,1.1424683654158763,1.121103570774114,1.1256669797604144,1.07542017564389,1.1016297945886775,1.0666881348275181
924,1.0970241647723522,1.0975215901812878,1.1123133158327998,1.0722019647689258,1.1318795061662652,1.0492050226914693,1.2978935940203227,1.0714909190583999,1.0963852173191777
925,1.1092971962372504,0.9843495663363605,1.1005562729256544,1.3657360036065445,1.1099115187321118,1.078093162613248,1.0885304342089173,1.1420513069709173,1.065637530451854
926,1.112525817079817,1.018663938585393,1.1199043998094904,1.1579299569393366,1.0931556970774592,1.093873204168751,1.0592346557829315,1.0898323724525794,1.0917801016258748
927,1.093924520774486,1.182547183399278,1.093778627974557,1.1657159178541936,1.1651753663453102,1.0557526122991288,1.1219879713117,1.1050676988481716,1.123567845464829
928,1.0954454288613458,1.1516671758142443,1.117337535416772,1.0985449158875824,1.1224807953815445,1.0587170729860178,1.0840923051180464,1.041684565898565,1.1293891191621621
929,1.0904652743970824,1.1000324611392018,1.1482663585866455,1.165867909790818,1.2834683296077543,1.0662890217297656,1.1498113556884144,1.079493805621826,1.0855227222394161
930,1.0949576329333068,1.1596003901303245,1.1627638934860407,1.0951627233916605,1.1051279678800823,1.0812986897770656,1.1187565353448938,1.0952422687031456,1.0715826107131268
931,1.1094617746514388,1.1663051543874132,1.0872798913475348,1.1460425545594963,1.1327458393251755,1.0857345914105834,1.0772557880628206,1.0894407406711206,1.0630706673173842
932,1.1054616912578124,1.2427545570665233,1.1560500166293974,1.1238319508603953,1.6450895088768451,1.1060320274817868,1.276438679795988,1.119503455057114,1.0808417767317415
933,1.1066026111938114,1.0709811180292728,1.1077620969942872,1.1983276169162596,1.1099140374043157,1.114591532004641,1.1299258494899687,1.0863698439295717,1.0897814991022488
934,1.09963055045167,1.0677490167687294,1.0998774296756157,1.1459199217130545,1.1586526515587867,1.0661865085576054,1.1079856269026693,1.0574904407395318,1.093475336477099
935,1.101954318293404,1.04761529863705,1.1025844693436273,1.090741082060972,1.1407904385510734,1.1261092503898915,1.1064085091366536,1.1369183133563368,1.1405369987784393
936,1.0979809711210777,1.2053472529679725,1.138715324425755,1.0932309015387611,1.1271609230827302,1.0940962801243663,1.0835424821730373,1.1950063797769501,1.0713525073561578
937,1.1072285750415258,1.04886267141065,1.2004658423105103,1.1346221912876358,1.1030242176612564,1.079025367288694,1.110660307934885,1.106906968022816,1.071692970425581
938,1.1096800785540075,1.0917714122406714,1.1188102414619414,1.1547293428140006,1.0912493321204073,1.0958595941978293,1.0618468891744424,1.0921681861942298,1.0910877017312497
939,1.104005554876712,1.0599195942278998,1.0660026729081702,1.1370448112110982,1.1179381793766088,1.0652264009208137,1.1208694902178005,1.1100465509682038,1.1230749610094122
940,1.1048604634927446,0.9916719542149472,1.1201318715182478,1.1032544628046796,1.1562121409500985,1.1130507617403345,1.1116373234087689,1.0988680900345058,1.1058715074441807
941,1.0957119229473293,1.0530437475065595,1.1776672754009632,1.1822098379627186,1.104685568233068,1.1321967448562535,1.1611784816447837,1.0797462251624057,1.1409092740224995
942,1.1087619750435422,1.063337907099157,1.3293929144624177,1.1232872188852252,1.1218368105129428,1.0919511064197547,1.0944455746472128,1.139252959599305,1.0950735787954444
943,1.1008834155274827,1.079669402120458,1.1938770073009044,1.1151852580097783,1.1214053349062518,1.062362827837356,1.1224327717906133,1.0889220846794574,1.0975053137642141
944,1.1066664714884296,1.2119182914526856,1.0971137977142214,1.1353005259911506,1.198069797990493,1.594523502153324,1.0718453087400974,1.0651818070656462,1.0363731767823268
945,1.1188982257628237,1.0853933924496102,1.1107253642691335,1.1779354602569845,1.091752201403299,1.1573849996912922,1.1138760660550175,1.142910616064138,1.1112920970043743
946,1.1294515381486083,1.072734507443859,1.2284089341469013,1.1113109853324357,1.1074806339589875,1.092523383252213,1.0947797380736788,1.063956595372089,1.1322726084205286
947,1.1139705108557632,0.9972904600817026,1.1010914787432247,1.210755232765278,1.0905219636495915,1.1001195747313222,1.1115064759297846,1.1382710540056413,1.0822830870219846
948,1.1000509332054647,1.0400963855256997,1.097361782909136,1.0987578536298062,1.119239742077407,1.0988987818707647,1.163365207944417,1.1330283462970623,1.0768396646336043
949,1.0953517792634437,1.093089054378366,1.066729751171842,1.1205601452100913,1.0753978538806688,1.0779325279774365,1.0967733818166678,1.0895511695707922,1.113751128895736
950,1.1051433178730583,1.0446760009321503,1.0897075075012115,1.2536503325053105,1.2673232509605639,1.11288854336944,1.1248354967735472,1.081666843176691,1.0523499978551045
951,1.0968306601167899,1.0674495459368996,1.107881519915481,1.0893559494700613,1.0892783654263183,1.0948604670145472,1.0958858040248376,1.0952073478476907,1.0998197979347402
952,1.0986366474468556,1.3031066061105234,1.0884395065435784,1.093993631503091,1.148764682453411,1.0923475528952975,1.0668571562616167,1.1015896881006255,1.06523853934238
953,1.1191410834283577,1.3317611884457243,1.103216934168029,1.1222668026759586,1.1453187491294516,1.0586587371949905,1.0967603195855087,1.1046911187113793,1.115487059721328
954,1.107464263243699,1.0376537924199944,1.0786986874473348,1.132379231017183,1.105792615389677,1.0559051581490555,1.0780185625596415,1.098430945799622,1.1493234076913463
955,1.1130630581689585,0.9845273070261912,1.1095490287406955,1.117342953563205,1.1078576373115177,1.0749995549916354,1.126460977090564,1.1091123403527647,1.0924207287886116
956,1.1058884320899083,0.9919823684806451,1.1264565192013334,1.1019001432417657,1.1264761354528925,1.1650606861312995,1.0827124167505158,1.0723455070222072,1.0681828408439507
957,1.0901887417816616,1.0969071932193495,1.1215047570738503,1.0932351631178732,1.103297834644053,1.071861723675895,1.1528394748811928,1.1037793426775473,1.1156882934826733
958,1.1027738579485682,1.0959145526325058,1.0807053579630668,1.1319236058127014,1.1221762957543295,1.107107689590153,1.1059979953697656,1.0861888423372947,1.1013438905806887
959,1.0996995359167738,0.9835680272329246,1.1361187832146948,1.1247715345726446,1.1233121202569933,1.101786185105483,1.1264931219089362,1.1718762173944748,1.1195982855907662
960,1.108950151909514,1.191702915123411,1.091992569142335,1.1076464394782934,1.0923184949246039,1.073864261962042,1.0974526660556818,1.0867072693724253,1.1301784582002972
961,1.1111583171451682,0.9568107823471326,1.084274482357921,1.1652651813600046,1.1086292333845387,1.0505239490281018,1.1122451790704633,1.0588805484267079,1.1113389309635355
962,1.092656695350307,1.2346123840113012,1.2274666389627287,1.1257897258640375,1.1297587240924907,1.0731513564182937,1.1018276866369185,1.120537309227507,1.0732782795192783
963,1.0973635536058661,1.0543122119084167,1.0773279428187454,1.1449927493538234,1.1137859132491033,1.110186673887283,1.092739685203021,1.0892649286540441,1.110074415299251
964,1.0903104557325511,1.0594530332810552,1.1035408994724347,1.0702093248502549,1.1072928639724442,1.0600188093427347,1.0929793240813104,1.1368829748271818,1.0445232210101079
965,1.1119290935262267,1.0170473344213673,1.0796081021407369,1.1322975223596055,1.1446383565919036,1.107101585592162,1.1378818462544797,1.1089949285084129,1.0983969890712673
966,1.1182072291028273,1.161818970948574,1.1078575093411702,1.096037850858143,1.1127451819975778,1.0651527324358339,1.1042400176776679,1.087669443681392,1.0720615723774067
967,1.1038901303948774,1.2944465585632312,1.1082339788169042,1.1061074668670052,1.0973591395584485,1.0921925282624014,1.0934612829378045,1.0682821441236983,1.145143715003837
968,1.1021815835909388,1.1275034259002767,1.102683840406761,1.1258380829136359,1.1102000471645739,1.0801139603359275,1.085467859241588,1.0839836877233342,1.125578632854169
969,1.109681569617953,1.057342519527587,1.0742391901179478,1.1621753450704757,1.148635383171491,1.086336203520183,1.0565071907951888,1.0702208592290023,1.09951628737328
970,1.1103906016961629,1.2081221598803689,1.101840000910578,1.1715206993487588,1.1359206532123116,1.163643928772408,1.1038572151264499,1.0837862592389953,1.0596080224806064
971,1.1068671585725858,1.1692145848691837,1.1023957444535757,1.121205480882355,1.1224529209758878,1.0534208791297908,1.0715352194752852,1.131718444188825,1.117608760594864
972,1.0932136890309505,0.9727947504352583,1.0941770115692637,1.1292006422659413,1.1441096416090275,1.048926037777854,1.112110926551634,1.1049561319324424,1.107951426501616
973,1.09788939418471,1.1690885314308754,1.2026118462955875,1.1147357652971794,1.12631283961445,1.118999418080541,1.129114449946009,1.1606341765269546,1.067646053292919
974,1.1121084962476497,1.1490967606784481,1.1388316826989484,1.1348480412002637,1.1031406264018861,1.0439738834346963,1.08776176330052,1.1379359845655874,1.1174139388560198
975,1.0965061139759256,1.1243319333185224,1.1077865364393975,1.0885810966351124,1.09867080947376,1.0851499042694064,1.0977629051683653,1.10102062872272,1.0739853352603932
976,1.0898083925442064,1.107643534202143,1.107505609582895,1.1420208182119191,1.1007187781023162,1.0543201851417567,1.10175103275818,1.1205610734772247,1.0784372482091187
977,1.1147176207759124,1.3052156193333115,1.0733607594828851,1.1190828013997491,1.108779528131085,1.092414833440775,1.153969219804073,1.1239429672227268,1.1408412348048493
978,1.1030351783809829,1.0861467989703943,1.123631693070729,1.0952449203121062,1.1917116134042984,1.0902390636540003,1.0836896041111745,1.0770531440610092,1.1299106877403355
979,1.10071685725471,1.0317463843534895,1.105583836519726,1.1185703116583845,1.1094748662263108,1.0894354792414116,1.0583026480222228,1.082534169333399,1.0957427966847342
980,1.1111042501691881,1.0577896653591992,1.1401813284272877,1.184758303230861,1.0558169197527094,1.099454038011411,1.0692068101863004,1.097718473136525,1.118623750472909
981,1.0870575285737918,1.0874397416149724,1.1000330605853241,1.1484757111220303,1.1012839139875532,1.0623143361549916,1.09046839974277,1.0668793211327783,1.0914428127255589
982,1.107187119659744,1.0089051777136937,1.1031477668233816,1.108574459182115,1.132625834182931,1.1121357480840262,1.0664869987139878,1.172202715485616,1.0865335953991209
983,1.0991971835234464,1.1584803258692455,1.167647780072042,1.1069373667368887,1.1181504744021995,1.129356454316828,1.09660135265883,1.0886550740066085,1.119282632059235
984,1.1115376166752244,0.9976599631126936,1.1085523167442848,1.1145536827911315,1.0883821559634248,1.080991156460162,1.0850448578838536,1.1235653118026787,1.1058962143672764
985,1.1065243110778946,1.346349161718568,1.1308927509024,1.1518570795162202,1.1396546254435325,1.0697971416293128,1.0815971448542288,1.0873618523238837,1.139666250369551
986,1.104463638533825,1.2229344923132168,1.1154776997450633,1.09187897272494,1.1238340299862837,1.0842961153390098,1.0570054658885486,1.1105916395589026,1.153930203865343
987,1.1021065162375037,1.1411690840429949,1.0974884158688791,1.106040628687463,1.1131622242236345,1.0581978547344253,1.1066099951676809,1.1137377197971081,1.0971775910432826
988,1.0981240884410546,1.243702465846031,1.1682690292061668,1.1234848140245761,1.1084384800264422,1.0538238248624112,1.0610435570004897,1.0984744606236863,1.0912100037163348
989,1.0890456786947174,1.083176031421383,1.0637984879933544,1.1876669743034391,1.1499139062056973,1.1072445272986844,1.1173632529340147,1.1050281072703725,1.0811153572327532
990,1.1139411728203161,1.1841349720522776,1.1322506078225532,1.1170403875974568,1.0640335235094438,1.1156338144342068,1.1272510593243947,1.1106626007601301,1.14014630111795
991,1.1057262868293518,0.9470986749759235,1.1401542650291885,1.116870056373405,1.162922406486226,1.0514385658352599,1.131190963386642,1.0829267217399725,1.1200773658174814
992,1.1165180111535356,0.9830502033293358,1.1262648993493787,1.0691372637962446,1.107582739632891,1.1158437764382463,1.1319383389699593,1.066009771799634,1.1059095944601702
993,1.0902541092927682,1.0835701935503887,1.172821245348555,1.1125989118874193,1.0916503146521488,1.0802118090970743,1.0780024508926345,1.4377962371707098,1.1161746470099294
994,1.0981870780476632,1.0670042336520396,1.1260348871547723,1.1392489456832187,1.1107674419026459,1.0844303475030015,1.0932544320352167,1.154620070760244,1.0962225425213836
995,1.109892262818045,1.1688520633838912,1.2614242773020312,1.1388301862643329,1.1055084839053986,1.1042136640348015,1.1160548305222584,1.0537155721544635,1.1026613613326475
996,1.0805738261191513,1.0360052679759941,1.1433974741942827,1.1433772471053365,1.089524141020944,1.084728498196856,1.0502348409398792,1.1036045835832564,1.1277785514439933
997,1.0869826268882532,1.0792031668223327,1.1290209556835162,1.1488787300553553,1.1858049555308614,1.0738839722470555,1.092249812996121,1.1199909875053282,1.1028675514441426
998,1.1022844234152809,0.9955016702945959,1.0901606137748083,1.1545281716541789,1.1149936386668153,1.1162498518476325,1.098697465664797,1.0833029636549998,1.1036457698483508
999,1.0828744280964113,1.0389941619801297,1.1232898095055739,1.1350233007556108,1.1141292573452979,1.0729786845796994,1.0867470260395038,1.110949026488913,1.1069227426084014
1000,1.1085416257516312,1.1612561899790506,1.0903318502085446,1.114061304098575,1.1154451113068167,1.0412372841993975,1.1113927615624506,1.1746298406723084,1.0947921810307533
1001,1.1105359919571514,1.059567584203901,1.1137088302308056,1.0954524342916936,1.0756199358034584,1.0786874214225888,1.062449509324307,1.2266224493450733,1.0712663545576824
1002,1.1100987828780695,1.1757633196128237,1.129764574407716,1.0968790839036455,1.1182441408356114,1.11939688347554,1.0965996057113834,1.0941204729567693,1.0714321973726473
1003,1.1150646269070956,1.1732138423657028,1.1128083459259601,1.0964678093700169,1.1021045852821645,1.0754079450992866,1.0961034794437818,1.0631918024290905,1.109395343824562
1004,1.1006785907299892,1.0316783522308703,1.1494372927069514,1.1407547078965465,1.1157682227523553,1.0785277241009332,1.1132797880439964,1.0873205130595194,1.1195098985848075
1005,1.1030058654280404,1.0327685917509053,1.1313651180917048,1.2162916969157613,1.091380153505025,1.0845814478909794,1.086136878420496,1.086085200967204,1.122494139419133
1006,1.1002212134556477,1.05348185233143,1.1281342833258696,1.1482527438294703,1.101826009558527,1.1321310772492645,1.0883568584936856,1.1005332289930523,1.1007755027638204
1007,1.1009393842967987,1.0536256038456469,1.105630886334237,1.1291986358623305,1.1176522982710968,1.063203473658701,1.065685430830348,1.080733385030864,1.0596381662738081
1008,1.1048952793263023,1.196125901716363,1.069571024279718,1.1186271789412492,1.0974375672151087,1.1179645404566336,1.095652051544966,1.1149727263071283,1.102898551294259
1009,1.1051725770841152,1.0226641267215884,1.1307850194840936,1.1862566231207765,1.1756125708283596,1.0881698634042933,1.1355086425631686,1.161224558664784,1.0509207719327402
1010,1.1104243240703784,1.034351445278936,1.095513805951266,1.09804596120932,1.1388302540825317,1.103119769840457,1.1121127665088806,1.1079276635229869,1.0772875738730843
1011,1.103175804324978,1.0354856393236231,1.0957267820553995,1.0578535347503948,1.120724688880288,1.1229163826792126,1.1164209139414984,1.0786522253254558,1.1210012120778627
1012,1.111705697762901,1.273422163471323,1.195847768468004,1.1236760388120375,1.115610386145595,1.1422835274074958,1.15923691776515,1.0817392212401962,1.1349634625894598
1013,1.0989251806619138,1.9884789849244648,1.1208163348035993,1.1263083938091567,1.1238144482114636,1.0658559316255611,1.0930275873049564,1.100054178753012,1.1021109782189096
1014,1.099344196356188,1.0037932685130848,1.0907548915138285,1.0900887100663779,1.077354042122035,1.0859392483862191,1.1078881410750665,1.1501849091381513,1.1264024124446668
1015,1.1025525556206484,1.201287340817525,1.0663686687378306,1.2903833107432885,1.1605297327903787,1.0655324937633641,1.0756296771630338,1.096806836687108,1.09947206251738
1016,1.1042144218534555,1.0962513714763609,1.1336159792730118,1.139692286670405,1.0509392672408535,1.1937157898847128,1.1028805738757677,1.1177542355391763,1.1075799786995684
1017,1.117359202436312,1.0054590062448974,1.1227657267133742,1.1077872752598807,1.118688682584591,1.1009087542507183,1.0832205932357042,1.1090391632845724,1.0912494267739303
1018,1.1120107322138688,1.1142538626968563,1.120724584929014,1.1061812718712836,1.136068363047422,1.074317187538453,1.1393486406459972,1.0839661485092043,1.0805946559696036
1019,1.0946063919174642,1.0786674480811351,1.102812111315974,1.0897699573760316,1.1065863993926484,1.0926737422802968,1.0765200911216266,1.0724112905104746,1.0890880861702448
1020,1.1163111807216675,1.0975461690337402,1.1023073166540798,1.1101039920980875,1.1205368875463328,1.1403746033948223,1.0976796665810842,1.1224226513952027,1.106482894905805
1021,1.1021481049838493,1.1380279871855161,1.121532147762735,1.1019404983108037,1.0989443342152898,1.127620050847989,1.0850538272869878,1.1065363977144662,1.190188065030316
1022,1.0926193856692008,1.1732290203925748,1.1200694259654567,1.131734699325234,1.2158970060444758,1.113989978043755,1.0987060611628343,1.0649236334840728,1.134900703702561
1023,1.0997608627192217,1.2041262547981157,1.1360573059380303,1.1016160583148529,1.1338371202308601,1.0799133732021382,1.154840723166029,1.1179116714841069,1.096730991237126
1024,1.0862143666708115,1.158548758661421,1.230757178153549,1.1863781405435596,1.1327648404409416,1.1049519368079885,1.0973414070446035,1.1115853095626287,1.0838159406249193
1025,1.1038281201431135,1.0732366444677754,1.1200528283400786,1.1528033001614555,1.0927729789368217,1.0626304031457838,1.1062412883957,1.1483382781044023,1.0810118108128972
1026,1.1091500471483835,0.9893470614853189,1.203828807199052,1.1626616903663554,1.1377189289741159,1.122143551229377,1.1201049860153103,1.054131927031878,1.1374885268002515
1027,1.1040195522836644,1.039441003708437,1.0772381108667863,1.1416179218574944,1.0583887281726019,1.0757639774693646,1.0796693725657467,1.0900884257880752,1.1519661574158513
1028,1.0993268059760974,1.4700582402721032,1.142111916892855,1.1492119879836789,1.144212948711216,1.1237886398667942,1.0953480250154042,1.1139502079874237,1.0986625120937594
1029,1.1091945168947825,1.1412193343772257,1.092542167244715,1.1105670811349633,1.1001587326201288,1.0974230209432394,1.0888505184208466,1.128492560411476,1.1001690459715356
1030,1.094361130013884,1.126949500377114,1.0868722738259322,1.1519503978841994,1.1155399728467836,1.0881444011853647,1.0703367828592953,1.114297034626898,1.0607908201306708
1031,1.1079603335102899,0.9796561565132886,1.1300456556153107,1.103324026407455,1.2033589171436858,1.0895381523595808,1.125613505132009,1.0799312673053223,1.1020622427749596
1032,1.1159230225681867,1.058608636718268,1.0980082179831294,1.1311644142423647,1.0933441051928119,1.0935728585806699,1.117302705359332,1.1177855503207366,1.0747419497309252
1033,1.1005619836808527,1.0085201429207222,1.1141278504323644,1.1356103700347795,1.0954269952212934,1.089440509715532,1.0998967935365682,1.0937255463502893,1.0864230083343194
1034,1.0955666122021293,1.1062624726944092,1.1066739540969952,1.1455331923441778,1.1220100776193718,1.1109036295474943,1.0681393030099142,1.0437077813904199,1.0692040947166594
1035,1.0974060653421387,1.2147085695140294,1.098902827599093,1.1506828002844105,1.1468643904234035,1.071579631116359,1.0612848992593698,1.1014955364974564,1.1213083352314492
1036,1.1071292837956377,1.078169194215072,1.0965676839237344,1.0965097392642944,1.0965375496410346,1.0993022523525529,1.0665676625447247,1.0754941443958057,1.1037218218688394
1037,1.1095471119270972,1.1191351662144227,1.1063956914028594,1.1234786528637115,1.1137332470297967,1.1728649106531976,1.181207108008055,1.0811458016091369,1.1503074494351768
1038,1.1006169408547202,1.180748226447281,1.1135536457983812,1.108088595129356,1.0933381037033252,1.0791274021878734,1.1597293175928194,1.0647399405822449,1.1067122219927084
1039,1.0977048275425927,1.0790796341230693,1.1351760803087,1.1245405397029602,1.09696438297963,1.074761599377792,1.0776391187272114,1.0841713148401297,1.0923164399515002
1040,1.1173575780976517,1.1197814497598901,1.0862977350907184,1.0913888264111962,1.121448352918852,1.0678587885724014,1.0881283858164084,1.0470836004639255,1.1126817163808738
1041,1.0992805612740315,1.0877336136000286,1.1010427781529855,1.1349784995077226,1.1287344612228194,1.0636385636387382,1.1147133134274079,1.1020273766342168,1.129261609160826
1042,1.093866800057651,1.0876447492614318,1.0984571196206148,1.0561518467961424,1.0964990260125946,1.0787791632970103,1.1029664379176147,1.070854991959826,1.0548002137586348
1043,1.1038051000238942,1.0196475599892327,1.063259122916904,1.1649778950302685,1.1323030319284388,1.0597029635757667,1.108051545126084,1.092124944595089,1.1018492768501085
1044,1.1093104568932086,1.0107521945340692,1.1823980499762987,1.1090796067072375,1.1211627498945214,1.104252443860196,1.0828480512199974,1.1295720736319599,1.119766057133722
1045,1.1073335379420808,1.279611832127435,1.0974896940761025,1.1138184763288501,1.1661950759067254,1.080048713198705,1.1681429671062276,1.069079996170474,1.1248768207215072
1046,1.0962651610935952,1.1863341866498736,1.1528600858702438,1.1423586450572647,1.1493088406258483,1.0860719861661614,1.1155473573551409,1.0872742200935033,1.0646122040286488
1047,1.1132024681992365,1.1453919979251792,1.0676495630609644,1.0863641558660768,1.0975153507111506,1.059822294388634,1.0764222963610903,1.0535681243028194,1.0966866048928932
1048,1.1010637688732103,1.0926234690526706,1.1557849248919985,1.1128243696420397,1.1024756661315287,1.1021517811928678,1.1468631160551963,1.0911674048129794,1.1013221578513088
1049,1.0996256486833498,1.207041392190202,1.087445925929983,1.1056868422345258,1.1139551919721895,1.0669491329733205,1.0676852613320398,1.0962032004557858,1.073141561319304
1050,1.1027321093754099,1.1433959533143316,1.1930558707903165,1.1153813574330342,1.1039185946802206,1.1208752491402862,1.0993931609134928,1.0828146197565485,1.085288114938003
1051,1.1114060697469597,1.0760048638837685,1.0940825205745595,1.1052897192718663,1.1394390134513086,1.1118162366429132,1.0868996129939144,1.0740161942466386,1.0757357984195468
1052,1.1038596577821653,1.0007576487213985,1.0633592429363001,1.1237207059869496,1.1235894060532619,1.0986487480955123,1.1164082666380566,1.0303628118966361,1.0627421376006863
1053,1.0992603013821127,1.1295173844643323,1.169771131417504,1.1134295375844998,1.2137028116421271,1.086090982082979,1.1067140774784716,1.1303675506167408,1.1341513271344348
1054,1.1019606473701373,1.0064995952133116,1.1116775798218719,1.1811214913912211,1.101325586740228,1.0370927900527431,1.0994067289962512,1.0879801825803206,1.139525464248811
1055,1.1138196372449418,1.1704482934347555,1.1114343151831367,1.1019725367797857,1.14506608031269,1.1236221320574773,1.1214606293434202,1.0896236302134854,1.0870269947800628
1056,1.0939764111282217,1.2688679969046193,1.1480815565773912,1.1212396909543139,1.097033473772584,1.0637321057748261,1.1370002726193482,1.0963245881694565,1.1422752799993676
1057,1.0921282041887246,1.1325560818173883,1.0938012268459554,1.130788475141558,1.1153095915031073,1.1461158273022531,1.0810906135859715,1.096689822723589,1.1197214286610335
1058,1.0946172717814893,1.0385502835588165,1.1139497353113728,1.0924721593986404,1.1385850082966,1.063664671812426,1.0948994909932372,1.1081246309728319,1.1420888984667386
1059,1.1036714304136777,1.189007410446475,1.1537750486668557,1.122822019294202,1.1302575206648406,1.0958844900371636,1.0881610443665706,1.1203130483695452,1.1831698751617463
1060,1.1156077073465434,1.0581170183854096,1.0883154268242343,1.1109421099627486,1.1004148064421087,1.0607968762325135,1.115039447681854,1.136248961172489,1.07744298170947
1061,1.0948429650397875,1.0035757340428022,1.105658966561362,1.1375041323574828,1.1731596192716385,1.079970061496141,1.097295369768925,1.1296599496022517,1.0617085636847934
1062,1.0973240129172714,1.2024642766405484,1.1441806698208905,1.0881432935327755,1.1134156059279015,1.0973064420263487,1.0750473065862782,1.1647885649295817,1.116460705585496
1063,1.1071716399791802,1.017185326499663,1.112033911550015,1.1240970205424803,1.1100779842452377,1.1290786045166101,1.0903299872690444,1.0459758765605334,1.0970963425337328
1064,1.1226238472460612,1.3341873896821057,1.1513361929067714,1.1185186114520547,1.116094820309864,1.0926504286657865,1.0917734133126615,1.1084598435358952,1.1307544913035206
1065,1.1000114128221037,1.1772339088779902,1.0725244364162687,1.1067874586110322,1.1812975591300001,1.1385730359572905,1.06576787915215,1.1035417023944962,1.1166894285554376
1066,1.1046584106750759,1.065140717995547,1.092591655156408,1.1055889118985596,1.093943482225991,1.0867042016894228,1.060475098796976,1.0635797307669548,1.1347146013913432
1067,1.1049968688269516,1.0521675894908098,1.1124130166121344,1.09004139409983,1.0861294518307052,1.0595686357477159,1.1075032509966807,1.0718382874427324,1.0837463789414556
1068,1.1051939729594553,1.0592411426580508,1.134028922616616,1.1423801798989446,1.113792859181131,1.067714350839715,1.1223255341352878,1.0596252725314788,1.056231813645305
1069,1.1108492077010113,1.2499577781851041,1.1205610139028421,1.1630724098069918,1.1519123551215686,1.2158698158925736,1.0755458825509463,1.0529141416513301,1.0538801644932212
1070,1.0909565283849916,1.0459099826656455,1.0734992506404288,1.114929930180475,1.1540362087018505,1.0990792116040786,1.1124138592325854,1.0887491973204955,1.1664128054029648
1071,1.0871474327400086,1.1794753988130617,1.1618946491765745,1.111971597661648,1.1029366427057155,1.103351591261455,1.0925649532511674,1.0857384385807602,1.151881032376361
1072,1.094592136474022,1.1201685720246775,1.1683206364441712,1.1358832867660484,1.1006589456156,1.0695967521563536,1.1145339529951501,1.0839459028765415,1.1022185309349262
1073,1.0959439810413691,1.0346215753189096,1.1396139783601487,1.1333862364566187,1.088004283449162,1.0996759965868164,1.1136608690445569,1.1523795690402865,1.1225907821560916
1074,1.0971676557442172,1.0362235330329985,1.080086858557098,1.0989400844793606,1.1211175317645863,1.1013923352664594,1.073220616996402,1.1242895097960768,1.086072498892973
1075,1.0933489317911784,1.0217508334299994,1.1051435845052087,1.1125567627306634,1.1104659291623948,1.0405160775602769,1.0635646653336897,1.0572852161562674,1.1270984785731544
1076,1.1137668510360639,1.0711146224899084,1.1369316974099506,1.1545960081511861,1.0874723584395314,1.1177427518847993,1.081784853683629,1.0719133133947323,1.072771515386016
1077,1.1165874476358424,1.2915466914950995,1.1213901225480605,1.0915665552947684,1.103349988077163,1.1613919304721607,1.1311080316869955,1.1075973943476487,1.1043431167436917
1078,1.1071332044195312,1.08438414415763,1.1053979292757934,1.0882090197621828,1.1268894446446995,1.0667536007797664,1.0636333898922135,1.0851024525017854,1.1665442141872422
1079,1.1195805038149773,1.2375688204483117,1.2151548835878074,1.1290429832814461,1.077288556602299,1.1042746321068295,1.0801518880167327,1.1153432045605167,1.071887144245608
1080,1.0900449225261284,1.1176130760554983,1.0862565189212816,1.0649634816457836,1.0846282926963189,1.1838806626890028,1.152759354518325,1.102486758794404,1.1163262930486708
1081,1.1010747341303568,1.0319639304376262,1.0880138595024034,1.1158752473433737,1.1299853294556974,1.087315823269772,1.0888751140090054,1.1124142820515792,1.0963204649696816
1082,1.1036854884042322,1.0065100344573885,1.0998709765843582,1.2926387247984126,1.1082965113865697,1.0745386426506147,1.1452017758049413,1.071712353696767,1.0178185344892583
1083,1.098407753215876,1.3961442943436244,1.121543455005157,1.1451054040945545,1.188212937185975,1.0435678510698372,1.122634555877423,1.1114803257411876,1.069824447700432
1084,1.093887552016385,0.9835903396036352,1.111423879903342,1.103455198350291,1.1427623512806506,1.1947571999544693,1.0661710136485727,1.0821225819238167,1.053071791593295
1085,1.1126123351923198,1.0401107574698925,1.0942195650148658,1.1447613283747256,1.1523280774754976,1.108430043329995,1.0973227252413749,1.1596807426848754,1.0867814817135533
1086,1.1149096687078293,1.0505574078369548,1.168670278184892,1.1284963719074848,1.0739502650897048,1.1011843392888276,1.1044914029821584,1.0779461073020478,1.0962994311072702
1087,1.0936513789385047,1.1662340614600917,1.182077950577406,1.143705772350184,1.0935660248491548,1.0730666136522464,1.0567926828518863,1.0876316510242219,1.1503167808703774
1088,1.0943659512289312,1.443120065164057,1.0860090111580871,1.1692889922374845,1.138272232762542,1.101028164492549,1.117428298087503,1.1000925016720136,1.0540379759163256
1089,1.1000807691093628,1.2549916452374337,1.0918027796181469,1.1335731548835228,1.0664230534304706,1.1393688500874273,1.07665814491746,1.1265130850821798,1.0718884604249217
1090,1.1128252827289322,1.192576405947067,1.130504485818819,1.095337492429948,1.0821919621978233,1.1262934725406162,1.100018724905826,1.0974792701591114,1.0904324696796925
1091,1.1174263462195069,1.0815767217634487,1.1326804907103625,1.1442733874474367,1.1208165834815653,1.122458980506239,1.0958925013676113,1.102816591784042,1.0361633278487115
1092,1.1138710462379557,1.542636259935088,1.1275334704142541,1.1248906344474374,1.0924720651009634,1.056763389986583,1.0888537619496628,1.0887950280851286,1.1483352758681193
1093,1.1131541464647485,1.9559932713049983,1.1006214852356624,1.1089766597196282,1.1125411370987273,1.0573033112737398,1.0531200278945019,1.0971087318624768,1.0419855191691367
1094,1.1086273067813899,1.1967406886500846,1.1830368997378382,1.110805246745381,1.2140038226858898,1.129149471120219,1.0813261858739491,1.0581360658367742,1.0703181747347985
1095,1.1117042761082472,1.1636132614508896,1.1189220088303384,1.1458821656395757,1.0550921570420617,1.0944275145175848,1.0905561624207971,1.096320574196378,1.0896054401876347
1096,1.09315932753095,1.0378817328315988,1.0769955640455866,1.127720858080626,1.126116164704955,1.0895356679431873,1.0698624979825018,1.0997505164941368,1.096028784061147
1097,1.0996780311000172,1.1271660532741437,1.1756292644433894,1.0852039093487427,1.119227707321878,1.111824959020425,1.1246628969610692,1.1893230156872099,1.0870537987409108
1098,1.0966078213454133,0.9805179806405631,1.1393343318195002,1.1114133447389538,1.1392973345971822,1.0803758291650583,1.1293269636508951,1.1707611186943974,1.1123813227302384
1099,1.1069911668417636,1.034268968366935,1.0848332799492475,1.1096661835443624,1.0971073610083426,1.0816042945171147,1.0941055155879935,1.0732304963516766,1.1247825695955935
1100,1.0941488756815607,1.3450141154691346,1.102299217916078,1.08118959693826,1.104946502037728,1.0757190105343086,1.1244359528410623,1.0456244003430875,1.099870147942704
1101,1.0853702669598078,1.0660706498658388,1.1134223485159218,1.1098425129694083,1.0995312494821405,1.3463148217975534,1.1194320352210712,1.173355432031373,1.0988787572686698
1102,1.079423215667264,1.154435261846089,1.0803410010159593,1.0516008504189531,1.0673333343700737,1.0952516815045579,1.1290349043141708,1.0621732699171953,1.1365031478101224
1103,1.0745203211736178,1.1688187423559167,1.1249310416918772,1.1369966061263528,1.1428476612466458,1.0851784356676204,1.0862619907049909,1.0924927593718852,1.065122532599188
1104,1.1001456448052274,1.0408483717156753,1.10067624577148,1.1418024679814274,1.1256804684741937,1.0702869677442532,1.086719913860441,1.0563083913079157,1.1177190266615054
1105,1.10773727800567,1.1730338082762082,1.2929581773954195,1.127761148505488,1.2975821202821578,1.0892239002621795,1.1216006301452133,1.0939681108062467,1.0890442278857702
1106,1.094750914224517,1.13352098230076,1.043193524587693,1.1238555921927427,1.0957382330481995,1.0940333587748081,1.100954331818723,1.0787577708167166,1.157261214895223
1107,1.093032362698854,1.0925758701390533,1.0990650907660815,1.1577268892740464,1.1151479934727482,1.1038641770987765,1.1069994141895123,1.0853937132523785,1.1433117474824945
1108,1.0938718435081014,1.116971336207647,1.1065402124512032,1.1191287035293789,1.1322311480497311,1.0700917071132239,1.0944417858904603,1.1522892870389,1.0916116979809132
1109,1.1066091170424253,1.1459476325224678,1.1095626098940834,1.1188895960682879,1.1059572098420127,1.0832084155347315,1.0745630815479152,1.1114424002380665,1.137239832468332
1110,1.0943152629714776,1.0660918771629988,1.0877328217709696,1.1519136385212105,1.1297889742819098,1.153372175513257,1.1296029225758648,1.0449846775419236,1.1278625091426746
1111,1.1005597158167852,1.1063989216646077,1.1006644465960056,1.1513619603541712,1.1186177112476774,1.0550492547156887,1.1128058992972543,1.078922152874645,1.0756885321223022
1112,1.1105809788557819,1.124338186147755,1.126979413121324,1.097420550644815,1.2643943329516214,1.1292586821702981,1.0980811063529048,1.0643726612019266,1.098367286616264
1113,1.105518169651807,1.033707521242519,1.117897397939966,1.1334189256636797,1.1225822697669847,1.0922149000332044,1.1408512553583086,1.0629643976117862,1.105124283596962
1114,1.1066501236204311,1.0627285748888937,1.0924564533052121,1.1023547180400866,1.1271899600035304,1.0986102796406327,1.0752920783049873,1.0592986206135084,1.0747042330803844
1115,1.100282960778675,1.0027882405847002,1.1530951895691388,1.1577529740364672,1.0930948072950708,1.0821032402493609,1.0934854894670312,1.1374204547922708,1.1225579471235356
1116,1.0996898969403022,1.2291805684036226,1.0857286622459057,1.0886785996303103,1.0553063438879573,1.0744346067075228,1.1140085506232198,1.0629409759658772,1.1262982462538134
1117,1.1096430552655245,1.0262626723142478,1.0907561958298921,1.1525898381113246,1.1294774273360007,1.0795318206136593,1.0810586262277728,1.073279723785446,1.137791837235002
1118,1.0935735617201021,1.0276810766674815,1.1147260624484352,1.121865379994401,1.1408614475202214,1.0625043230207425,1.0959991233090445,1.1065566417363608,1.1211335799554443
1119,1.0940241431529096,1.3726492219222053,1.1341871795374965,1.1277378629960528,1.0814494246308204,1.2706954441969291,1.0983012296344132,1.0932115878169866,1.1693937025027765
1120,1.0866648151108358,1.0411230753810734,1.0929569022676002,1.1760654340313834,1.0856270955746976,1.0818298526817347,1.0596754459206357,1.1378875239630448,1.1183431623629208
1121,1.1020966676973067,1.147480063862562,1.086000800196383,1.1422206598284699,1.1174420486949233,1.1014620056655786,1.039348623485257,1.0605258641523898,1.1272403447125214
1122,1.0948333069066196,1.1558096968215184,1.111342674192019,1.137743979591307,1.1462493832258083,1.1100357268201932,1.1047588195961615,1.1155508146604183,1.0984515976153293
1123,1.0907626408150566,1.0465204131582513,1.111865670036894,1.1418923086397776,1.181916195572885,1.0548771411295692,1.0747191288510698,1.0934075327846937,1.0714456474351872
1124,1.0996102907819025,1.048937976398043,1.0754014573292978,1.1386211315702826,1.107543218835997,1.1223154186034696,1.0818973940654752,1.0802503447769722,1.139743540880124
1125,1.1141380790840478,0.9640067840817803,1.0592153715536117,1.1219160978411309,1.0711583953259736,1.1018462121497685,1.0808569409459392,1.038473851888685,1.0715582253760196
1126,1.101718188072671,1.2728210860263234,1.0988279601459419,1.11605296782767,1.126045643914547,1.0837761034294713,1.1549209601090686,1.0675146791103582,1.105758079548333
1127,1.1056860679954534,1.0968894754308371,1.1143728453766901,1.1124720786870046,1.1132805367236382,1.0538296496594184,1.069380850304068,1.109390831261173,1.0887803177409117
1128,1.0963953304559437,1.0380612813086203,1.0854721915329004,1.1882102843350668,1.080488101261855,1.1449951080429601,1.0573375901702833,1.0635099100832968,1.0783658586106215
1129,1.0861463046262125,1.0447092661131807,1.0962022305649954,1.0971793189086192,1.1567744172947148,1.0665241974658133,1.0768506617685112,1.0755286440942022,1.0813364110962291
1130,1.104022830642676,1.0848095750252962,1.0689554432096497,1.1134983558854292,1.0874485586988587,1.147268868006187,1.0720393255287033,1.126411488107028,1.0278790539226086
1131,1.1106561177130527,1.0117970570559955,1.1207072217928724,1.12505846085546,1.0869936064646595,1.1489675841559936,1.1107787634874868,1.0805350043791195,1.1274669266670245
1132,1.1105755972545481,1.0794979051685052,1.096675560788261,1.1305865180289834,1.1422203411149194,1.1206815070079048,1.116158762762951,1.1208057025221216,1.124933497301937
1133,1.1092673533739792,1.419025358136825,1.0922959438922226,1.119557202547304,1.1588863914343939,1.135091721110372,1.1032026279427571,1.0643679541369493,1.0769213138088154
1134,1.1042035599261153,1.2093559241253533,1.1259381762534268,1.1157247300279391,1.1011161644616339,1.062382174005819,1.1197082285513187,1.1049604126781951,1.0921829993088237
1135,1.0963285921237722,1.011581649914896,1.154941567965786,1.1281370548580256,1.11446283496967,1.0639503977502467,1.0933930067904782,1.1080252146083376,1.1360399141592623
1136,1.096770010489164,1.3114673113760558,1.1167137613250049,1.0885555034384993,1.09824861555631,1.0753888796386297,1.1158464878699106,1.0437084616484025,1.1288502391643356
1137,1.1074096125914907,1.0379342829962495,1.2469435432190379,1.1566906065023004,1.1256298153897901,1.106379056521111,1.1183247374053447,1.114650519601283,1.0736573537074947
1138,1.0908526088527448,1.303382894316046,1.0911079287618617,1.1220228511787786,1.1447693126646301,1.089031395146881,1.06656562200896,1.0898145424893637,1.0742618887091646
1139,1.0978452889345256,1.0831577511540391,1.1263641271479825,1.1284980904895485,1.0989944258474351,1.0637944384999503,1.0496004227010725,1.0910282121901238,1.108539986418071
1140,1.0967564090253163,1.0573224673631416,1.0885805343066337,1.1823750594574451,1.0980224896136406,1.1082883552703255,1.0693683393153062,1.124843358297117,1.133438027600943
1141,1.1100878156279672,1.07165381306525,1.1494134009181431,1.1242901505731062,1.154813996726891,1.087579846326588,1.1221448570044852,1.115490222679263,1.1262630241903164
1142,1.1040061756007287,1.3891540683722159,1.1139079431790437,1.161421561607725,1.1424256860601765,1.1565169577947714,1.1207304422533633,1.123884507476479,1.067927037044163
1143,1.096676990886871,1.0346349586750043,1.1589450978068339,1.1416666689783943,1.1791449911399776,1.0980497219412548,1.09437430189929,1.0614360696890515,1.127425174035531
1144,1.103994559668567,1.078619926881502,1.1101116047944612,1.122346878662638,1.090707900289377,1.0751813294629748,1.0964744698563054,1.1580492408711711,1.0627394047426146
1145,1.1185861686782115,1.106450314849235,1.11808188345185,1.1539320842880625,1.114469525430924,1.1202374494073892,1.1247380000614855,1.1120407579284157,1.0897502431960921
1146,1.119601282574952,0.9678100109185294,1.112329622240562,1.124564554860652,1.0888290420477533,1.0497309254231053,1.1221694689211479,1.1477424784195294,1.0864777254872695
1147,1.105163785739036,1.0864957245472004,1.1016775862426678,1.152607977316007,1.0878196016019102,1.1040509548087312,1.137531660438997,1.0857711551192781,1.129722796870383
1148,1.0910752964465382,1.0471025329821757,1.1640025595307042,1.143509948524186,1.163083058853395,1.1250480538916126,1.1101953954369526,1.036177567373955,1.063425528726948
1149,1.073794160203791,1.0031086095186932,1.1038729686928812,1.0661060442585166,1.1676057977618362,1.1198498789262408,1.0900636407419044,1.100460711723587,1.0764354021427087
1150,1.0936943720837589,1.1005931290936386,1.089932835640791,1.175412018286227,1.1497094529279692,1.0809592861062174,1.1101965734472572,1.1268945716257963,1.157393714918701
1151,1.0961256329687088,1.1138622309794555,1.0977597700397321,1.0758461120145162,1.0884825779925278,1.250221566473885,1.0768372216057698,1.1435978254682129,1.111245566831044
1152,1.1161478126286632,1.0345757943253888,1.1152614833206103,1.0616682185062711,1.1028718017456318,1.129210291547571,1.1769702113129337,1.3113928911293318,1.0977253526326693
1153,1.0947327015573882,0.9754269641766212,1.1317227414195672,1.1174439124221447,1.0876967644945075,1.1544398340976618,1.0969058127839852,1.1033923000859984,1.133060931829724
1154,1.1102342664793134,1.1432814310391188,1.1340123295480753,1.1184725040042354,1.0829777332922872,1.101513175823089,1.1209835792918403,1.078051353319127,1.069070506924127
1155,1.1050040188103019,1.0652363058973606,1.1382526250739666,1.1514317392519962,1.140648487909994,1.082990160882614,1.118162394494041,1.0754688334038218,1.0866648804764776
1156,1.09499009318504,1.134396936898053,1.075128128660661,1.1409678359852355,1.1266624190047427,1.0257847175487143,1.0754002791071184,1.2174504217081588,1.0902305461142252
1157,1.113029471239338,1.031571008618581,1.0779821179677547,1.1229842797185132,1.1049067285118563,1.0893522599835135,1.0838447531101656,1.0593088533104729,1.1332240481901672
1158,1.1012169706194297,0.9882013160369703,1.1367141622155374,1.1944067102285612,1.1197752096098896,1.08271805626255,1.1054122931941182,1.0698357623017707,1.0800654360313011
1159,1.093083660192162,1.290761847299009,1.1119227660712665,1.1408753035797214,1.1290541511779588,1.0904262546493475,1.0499336629046336,1.0806987562011479,1.2317849276047041
1160,1.083026760770173,1.0647590467682313,1.1090690585467724,1.1752196011803848,1.0825806510670097,1.1098882219997679,1.0869217732057497,1.0893380884810366,1.0987569270614252
1161,1.1144151989065878,1.0647656637395981,1.1305056064614505,1.1119297068819907,1.089388617107258,1.099452129774983,1.0788294560352094,1.088267135304055,1.0563934016729626
1162,1.1036239289355558,1.0456482140480807,1.0801949127159156,1.1035033393570821,1.0862385689518876,1.095245690245842,1.1561405586298055,1.1440962520329176,1.1716614868453068
1163,1.1215905292519657,1.2213747028708704,1.0958712373897994,1.1374896648653985,1.0571065233677586,1.1332977181484456,1.1216564902226884,1.1336827912560798,1.0462933169449982
1164,1.0948192946929602,1.055201556093304,1.1281409099708963,1.142811254818724,1.1166218360761075,1.0723906016261051,1.0745418842498282,1.314803228411887,1.114311506966903
1165,1.1047426259160007,1.0063889980126446,1.0916053271526076,1.10836471424793,1.1030983803629895,1.063511438709397,1.1231362270612577,1.0862410241095064,1.097843049471786
1166,1.0958678575578025,1.0583258875243111,1.4118364469681042,1.1238961353635981,1.1082923021496445,1.2245903274402878,1.1305953182416126,1.0790969941188748,1.0887711739126902
1167,1.0968575532993945,1.006836058290857,1.0882115445667273,1.1092371242821228,1.0783127144738742,1.0855701645400506,1.1254931879725147,1.1161472582919976,1.1166333064192766
1168,1.1053411880102657,1.1013093698832557,1.094983772599659,1.1140205184320957,1.1140812617728082,1.1153837050193183,1.1397252119858703,1.0827187736467994,1.1100816974078345
1169,1.0935065560408226,1.1582420253038865,1.0931089982051867,1.109669337239489,1.1461311037858954,1.0854459083193462,1.0896748172028012,1.088454376477465,1.0683942832464912
1170,1.0878807566485378,1.1163462070824606,1.0763220915860061,1.1433294621150785,1.0864732869772977,1.1706413819819697,1.102987560027239,1.1397024046667459,1.1321400863367994
1171,1.096313583797886,1.1244491153741591,1.073617765620204,1.123300681152262,1.1552875220002568,1.1189328913116505,1.1184166109526494,1.0817008692754233,1.1426009431669575
1172,1.1063738080530254,1.1447873053986288,1.1187145579663096,1.0807844650609526,1.0607700221296337,1.115204213445777,1.0800041805621714,1.0579434591803238,1.1007812859846995
1173,1.0939092281861151,1.0770948454418818,1.109484082582665,1.107552565109718,1.1169359476161924,1.0786878885991502,1.0816674673743707,1.1331790703526994,1.0524913777514961
1174,1.1030824237725676,1.0474201900905713,1.1171447328790927,1.1058220703104442,1.1017528591602805,1.0939488086781377,1.086453931103614,1.0576621646890596,1.0957610251528114
1175,1.0883824523687085,1.0684221915079906,1.079148137475953,1.1521025379784766,1.136048649775559,1.0761109716811375,1.080161996953974,1.0866192282752671,1.0590645494660542
1176,1.1227461446495886,1.0848300458371622,1.1715944498858706,1.0925128705861347,1.1416336894313415,1.088935529668605,1.116634353898082,1.097718842269677,1.0881681211278165
1177,1.0953950103835974,1.3165986310720719,1.0632909262660057,1.111379036834888,1.094798443089574,1.0875869142987526,1.130605120684468,1.0951663213345668,1.0878136858919991
1178,1.0922878184583658,1.095836661630711,1.0816238350728864,1.1175191130850401,1.2250367597929561,1.092361394647094,1.112870304500944,1.046247981148142,1.1265941476012737
1179,1.0939805282789248,1.154399335818299,1.0619292160885663,1.337066221250875,1.0806036482922692,1.0573648432944722,1.1030753367638964,1.0840332426795511,1.110939896312407
1180,1.0969491506855882,1.2233036603443084,1.140018737130109,1.0842813923565835,1.080270597823356,1.0839074597615674,1.0782322673896223,1.135666324029075,1.128110066712353
1181,1.1083701808233672,0.9787390697962932,1.1372164282624335,1.107917351390626,1.1105155080122135,1.1056253233345499,1.1015409627641641,1.0925603800721073,1.0612048185843974
1182,1.1019738941319377,1.2454296016189292,1.0720181473874721,1.0868164122366382,1.1895280878404366,1.067153557885275,1.0603691911245063,1.0632898134961288,1.066207254230842
1183,1.1084234411142087,1.1095212508015937,1.112523504441459,1.1074326543185724,1.1163460560435845,1.1066472990819496,1.0866400205377644,1.0700300291768803,1.1290368050024875
1184,1.1257404474697152,1.0753621060153105,1.0845671029704753,1.1244960080573043,1.1434759665388596,1.124104830054261,1.1603499486742959,1.0800003412683525,1.1340071000134182
1185,1.1094439753259104,0.9750092104194812,1.1093148692050783,1.1490631708745749,1.0909478466146372,1.0687503480825187,1.1146115439216726,1.0860369978806583,1.1252759283247002
1186,1.0946087658793395,1.041695598069294,1.0682470580795238,1.1389194853857532,1.1202340803446103,1.1343103711656994,1.0718394201958064,1.0874682139743075,1.113533370392024
1187,1.1017782379791332,0.9504766046009325,1.0972621860059741,1.1292542310068445,1.1069249864536452,1.0986241670800343,1.0694068436692286,1.0939400258683016,1.0603087752305878
1188,1.0960377088829922,1.0775295293796676,1.1708810712893085,1.1275718184561945,1.1041280601884425,1.1195519483885508,1.1054412449049387,1.0809766258474003,1.0855996645163557
1189,1.0916181384950034,1.185875140670027,1.1122978119463889,1.0958387625769122,1.0881962095303699,1.081569429718298,1.0984155971948566,1.1044953382104694,1.1037145564870217
1190,1.0994510853702422,1.1773407802777993,1.1682016258445238,1.1872715603069481,1.1129218573168356,1.1075173221842547,1.0951845785307133,1.1087776980165494,1.0906545217400911
1191,1.0975285950510822,1.183411446519693,1.08333417076491,1.0971345553946108,1.1300546512680563,1.0680701297794615,1.0982259514366697,1.0651445180410042,1.1119206458970807
1192,1.0998890607705119,1.0223068699247833,1.1267986060156432,1.1433806568990128,1.0974992496936662,1.1150466333306956,1.1423804762158851,1.0997446678866722,1.096034021810934
1193,1.1006344244451294,1.0409832776010988,1.1155331843066312,1.1276017698340726,1.1301822533114696,1.0577645936789761,1.0761749786439043,1.1204724401074397,1.1100414086196662
1194,1.088911460706623,1.0931138950353032,1.0510262527599274,1.1883244292999826,1.0576273341694502,1.0635237631116987,1.090716523691816,1.0978415653008993,1.0855063161076433
1195,1.0997927884506604,0.9455977836099156,1.0951758539662784,1.0995575555911365,1.1584697035841063,1.1015437659843597,1.087366060024702,1.0615892178838886,1.1138671074175372
1196,1.099274228453629,1.6529568263524776,1.1039199136851978,1.209464757381792,1.146526961910205,1.0761814305423387,1.0686642654482696,1.4340848801709838,1.1340063689523794
1197,1.1172743493633848,1.0359585225815597,1.1386360825636301,1.0927964398614163,1.102291738033575,1.0813048596846706,1.0881493927314068,1.1087840239405258,1.1190894451324065
1198,1.1046997413840138,1.2330558907733533,1.154739326219418,1.1210871416632637,1.1200339294069106,1.1635536817987704,1.0863967004860131,1.1853419943014716,1.0764532278665027
1199,1.0885913300701964,1.3506476308391373,1.1003260664989478,1.1510118833683298,1.093370845159967,1.0659272740251993,1.064740845780636,1.092244149709987,1.1219729104445109
1200,1.0999741471210138,1.3313090669603351,1.1475893864000062,1.1244956334156642,1.0914864137087235,1.0770806993523339,1.0849483159612396,1.1220176519316787,1.0989311414555367
1201,1.1142608316301672,1.0150710709910005,1.1503641314186028,1.1341507175433876,1.1245185713482178,1.126679263703975,1.0902061823124634,1.0971526085188474,1.0701957871477217
1202,1.104272586658029,1.0463550731863,1.116627335370103,1.120684407306287,1.1573061349329867,1.111925075910111,1.1080163789156396,1.134901698026114,1.1150054626270878
1203,1.0946838659898253,1.0508573875447238,1.0997866716765834,1.102744058491538,1.0995506518058873,1.0890901741978194,1.0976669221044104,1.0941829184801628,1.125518872934189
1204,1.100484010990188,1.2378100612288265,1.1299515157794517,1.1004970796011935,1.175891745627403,1.0785312126411375,1.0929815172258963,1.0925883143529573,1.1088052602978418
1205,1.1077508075070048,1.0080129886708469,1.0560676015282275,1.142515248114531,1.0910671881806444,1.091323879403367,1.0828717276456086,1.0856745203179368,1.1249396319739409
1206,1.113924050414673,1.1095030229053457,1.1149932687744748,1.148607123879173,1.089369582115295,1.1548280956923367,1.0955939854128742,1.1505421469371817,1.1501785156138573
1207,1.1082321516330134,1.3018459181653246,1.254529168324773,1.1749078272967926,1.1140842505096977,1.1631833165424326,1.1340662377848205,1.132433914397873,1.1375393839216434
1208,1.1115558024772314,1.1321629865224723,1.0961225537782708,1.1435875401136915,1.1008186030202907,1.0803732315886603,1.1198346275229183,1.091657778549762,1.0989740451131425
1209,1.1158544603190532,1.0108946486729127,1.1154718949209894,1.11594197501598,1.0953823068962552,1.1181489492617003,1.101710635665469,1.0857274390692975,1.1150588547277678
1210,1.087450877141083,1.0621802664897817,1.070468959417004,1.119354817640193,1.1183355069485326,1.0566146744559772,1.1102622091518741,1.0428983160535505,1.1337179165222258
1211,1.1004763138250975,1.0756125187069203,1.100727664026121,1.1099532168333606,1.0887675027931107,1.0976644704824734,1.0941703623472647,1.2113172393774951,1.0492575034136804
1212,1.1163964006664273,1.097880583826643,1.1677120165482031,1.1855174635908337,1.1190971267524137,1.0802365972396708,1.164199390512223,1.0884183028504735,1.0499113700553786
1213,1.1084440322614368,1.502027228494684,1.130708274701228,1.0981597076373575,1.12260595051978,1.0708016102611757,1.068054012055514,1.081201485958317,1.1409638839316716
1214,1.1042175276869424,1.199821958836789,1.087898929479926,1.1356203292191118,1.1224959816495517,1.11058151773961,1.1113711469197742,1.0547379602179934,1.06504335656034
1215,1.0992655268304035,1.2351059886134481,1.1045939662937376,1.1272065929883377,1.0986607737185536,1.074198758602712,1.1120674411911746,1.0752914740896808,1.0811091705023672
1216,1.0982536946472508,1.0439296675118015,1.1343297936686927,1.1339553412366603,1.1382647809795798,1.1243995746065039,1.1088297938420704,1.077749523920386,1.1185381440056181
1217,1.1092352425137273,1.1977151834714532,1.1115079506042882,1.1468776527628464,1.1303095238956236,1.1010585562435604,1.098297264581579,1.089158464603459,1.1254139985978033
1218,1.0890920401225879,1.092780106552256,1.1307181712819705,1.1732454005348598,1.1277764002103212,1.0757639094599614,1.079997921298963,1.089760681623731,1.076844389212656
1219,1.1046375169869997,1.0035088878052214,1.1815347946617072,1.1328960680672389,1.1458859007745748,1.11091713381082,1.0876843507109513,1.1307085337259617,1.0785116965504566
1220,1.1054740125146663,1.0497357352305015,1.116896636752209,1.0874259290670911,1.1436803905065704,1.0582508263694312,1.1103743539362847,1.1332429009845215,1.0631963367084283
1221,1.1025660429592434,1.0037179922263184,1.106182965230477,1.1817239651403382,1.1112483115338314,1.0700695800835145,1.1255836336145646,1.1108621251756159,1.0745993622905732
1222,1.0991413529590823,0.952280298265326,1.1114189119206492,1.1283872954670553,1.1172259324819092,1.127619107725755,1.1182323323523053,1.174847076982495,1.1127322713191548
1223,1.0963584519870715,1.1037832399321084,1.0848693172979085,1.1872073038770576,1.1099650238881165,1.0957464428291195,1.1544895441019192,1.0670524046195136,1.1599020855585112
1224,1.1051866973504112,1.0481307897072365,1.1271103990960396,1.13943282780598,1.0838007174252333,1.0678821183658502,1.1106641075219919,1.11167277232373,1.1250112114297537
1225,1.095733811610379,1.1713914909776248,1.1278162266657563,1.1009732605887652,1.1212673588618636,1.1147684964213518,1.0500751669463355,1.0902448944364924,1.0777572871286456
1226,1.0794229477557957,1.0936966297427353,1.0881133406567016,1.11771369539613,1.1596023698949938,1.2842683920782547,1.0950596732237678,1.076314037365381,1.105660802719097
1227,1.0917301987364196,1.1177073605354684,1.1103924056104002,1.1177511755025973,1.0944396264788023,1.1118562565748318,1.0801811732216802,1.0399447569553386,1.0778405530281894
1228,1.0981495248076798,1.105578852894071,1.1017686744363155,1.1394839828588021,1.0972271088215753,1.0687658544886898,1.1375685947916934,1.096262344261058,1.096401105063963
1229,1.1082813661047908,1.2019063081815158,8.922294174341104,1.1342253071036836,1.1558349582497307,1.1062452633584143,1.077760501170481,1.0741115165543977,1.028947240683233
1230,1.0937552967460344,1.0424510731910126,1.1482449984127463,1.1420650604114257,1.0737275299542295,1.0889096427776634,1.1024509104661417,1.0844917768044042,1.120334322546779
1231,1.1177913796820467,1.0863258536959652,1.1604317261206378,1.1290307319010247,1.1796013631960278,1.0669103206224666,1.0992229434250818,1.0896964470735577,1.1202437135590921
1232,1.104789812062456,1.1630101768435779,1.1913204728467817,1.0977033571330477,1.1053793203178546,1.122725619353966,1.126140799021196,1.0819129938109453,1.0787730526749444
1233,1.1170195604799373,2.284397603379878,1.1130457746165012,1.085800968617084,1.0755894194766458,1.1053246568203403,1.0609048249339255,1.082273144133966,1.1113685713204575
1234,1.0962903013258893,1.0983538564037951,1.1500319597077588,1.145492622363159,1.095523760368378,1.0900120023815185,1.111957744087639,1.0720732872864926,1.056324435020801
1235,1.11110085029221,1.0717040787049419,1.1298937960387947,1.0999283442063352,1.0700815768970802,1.1128113604849474,1.059178468160823,1.111735904424457,1.1064314208375778
1236,1.0930234468020161,1.0366511976094162,1.0934966749021233,1.0979112049210107,1.0705303977372629,1.0631827948095336,1.0887251605921793,1.1116086171419175,1.0986904822782573
1237,1.1323200814346024,0.950401653071912,1.0892791461660651,1.1654833387743548,1.1756804968884254,1.0848535844392801,1.1705502049957561,1.1033140808683914,1.1414939849976544
1238,1.0897797273636942,1.170250625074412,1.133221909486767,1.1203234343320403,1.0870459084078876,1.074169706102612,1.1004497316423396,1.100616823327238,1.1423251269128016
1239,1.1007691708538403,0.9933287876609291,1.1301601697286352,1.114438416934751,1.1112403361375678,1.1099571799096244,1.1117548902188241,1.072535331808183,1.0641764074592641
1240,1.1008351584100167,1.100933151011973,1.0838102636482103,1.1087849144365303,1.1262903227078338,1.15404391460819,1.0975527826640532,1.1186890255685236,1.1218628852423702
1241,1.1128424618693904,1.2389471256749705,1.1818834636378188,1.0933713761435255,1.1527339804221248,1.1493338648546154,1.1720438428541435,1.0655756321772882,1.089586892114013
1242,1.1213108532525229,1.1353252490408616,1.1077893945708397,1.1117970562141224,1.1182475120363555,1.0727581333459952,1.0882115354943929,1.1031878253183371,1.0915067341782567
1243,1.1228839429961306,1.0189959533669128,1.0669603849644254,1.1496603016323004,1.1338297458580338,1.1544038984548142,1.0979848594202712,1.0758218597597313,1.072042639242165
1244,1.1000179519226543,1.023108623739554,1.0765534786098625,1.122779680432317,1.088530901428538,1.1006322490157046,1.0485406321290003,1.0999810863806947,1.0823163358894072
1245,1.0916896774292737,1.0814050267493132,1.0855902906988448,1.1136169774103761,1.0816950441419857,1.1529727594616013,1.068903783653061,1.1106670417318276,1.1433174922398062
1246,1.1144117579257715,1.1042146572399394,1.1397619302786925,1.0651942453732175,1.1032203381693295,1.0835749938154258,1.0564566954757262,1.1070010011120128,1.0661070705121074
1247,1.0983436909095132,1.0245786489160615,1.1179417528312103,1.1553533604498116,1.0985681297602699,1.1428174990296782,1.0866122035975576,1.108317122492395,1.1048319904284687
1248,1.0974950559457437,1.133061101097726,1.0959706841482086,1.154610096000988,1.087933728727606,1.0866301261733777,1.0802397449340753,1.1236103810287208,1.1519671130720925
1249,1.122457696062929,1.1325904692991615,1.1532891942553734,1.1450243641568798,1.086290759023807,1.0865800588760142,1.1274230172211541,1.0944364120078778,1.0907169161099814
1250,1.1146452373117293,1.038520047889463,1.1847314311576531,1.1736221882339788,1.189688372573282,1.1238371224239727,1.0806970507519469,1.0625808474361806,1.1053569337963076
1251,1.0989844730611662,1.0390526181879458,1.0961185055972933,1.1199229888389386,1.103950115323912,1.068504756046868,1.079719617381153,1.1027648170318531,1.1187657396246744
1252,1.1034194087543332,1.0133008629054963,1.1282311202373774,1.1280421777051055,1.131324347209403,1.0666784598170875,1.1088921080973175,1.111836932476552,1.1069229191053873
1253,1.1087177735032054,1.3923006615155837,1.1336713719041451,1.1657727415094228,1.1083588716091903,1.05587340963601,1.144716431186307,1.0948445336436643,1.1438960672277998
1254,1.101204116328018,1.221342297257381,1.1026032826694434,1.1630481411123375,1.1036571581079442,1.0883039883477925,1.1135886814983742,1.13409481754001,1.1408622974354328
1255,1.1065551457665532,1.0589074812461907,1.0870035125412016,1.125441432333542,1.1033564475583881,1.1142527633471153,1.1664158517083694,1.0866530533174894,1.0820166882168913
1256,1.1013714652795612,1.088357594410657,1.1442508649959766,1.1209896000674975,1.1161540597667343,1.091054178140048,1.1314727979430357,1.118373353502602,1.1075192107113214
1257,1.1035133275306757,1.2817802014782698,1.0855592010855544,1.1236093420024533,1.18090212821963,1.069570766773333,1.1028247104366542,1.0750824930780447,1.0911995371906607
1258,1.1052397450982754,0.9393264346191303,1.1515371780180979,1.1078647124082839,1.0940756850207691,1.131364158839321,1.1084185178446608,1.1038606781599851,1.0665226674773836
1259,1.1109871974777688,0.9594324358564356,1.1130316763085664,1.086543886776744,1.136875398914495,1.1089032248291144,1.0825527270162674,1.1220451245266954,1.1107861410315683
1260,1.103249506841904,1.0195419922445312,1.1245629051346973,1.135308890109631,1.1152714592912598,1.050735065060902,1.0884812783909397,1.1034818970114233,1.106766814366228
1261,1.119430242036016,1.0858264793342864,1.1375543070962704,1.1486026576886788,1.1304795016502087,1.053464288536523,1.1176768967067046,1.0726255086884438,1.0952980663443654
1262,1.1014597289452248,1.0977660528605426,1.1233337611137928,1.140611942029687,1.0688354794720314,1.0821618075784523,1.0783977483154925,1.0690643200618064,1.046484126100958
1263,1.1040232971606945,1.075907650008204,1.0763292170279715,1.1192879673274465,1.103431155344122,1.0837593986988914,1.0741599075637265,1.0800578695794394,1.0828471026738475
1264,1.0938880928405406,1.0168741845746467,1.1533156632537886,1.1456267811523764,1.11295194104117,1.111339736237054,1.0930638233023182,1.1018965480882565,1.117994900392617
1265,1.1009862442970648,1.2766899954516053,1.0737340397709083,1.1247626330310023,1.1410230740815028,1.0972216184194479,1.100901590394283,1.0725149650166426,1.1216173936634832
1266,1.0959074048740225,1.1036297280788505,1.1161682709566716,1.1420677657494465,1.1020459270809038,1.0437134727021204,1.0806294108470993,1.070226711062008,1.113795739358083
1267,1.0852818958060666,1.0819549576614576,1.1512390624454054,1.0823720701153445,1.1501239355448165,1.0696230751801106,1.1005300838612047,1.1140635427086651,1.0770270889344016
1268,1.0922139708552179,1.1896413848632323,1.139674340255793,1.146848573719756,1.1375977120819019,1.054642242782036,1.1096578108374733,1.1147129474553594,1.1072960339202784
1269,1.1093937437116947,1.1041352845949273,1.1209659338258886,1.1052367323139813,1.1383312876670266,1.1294220403037256,1.0860054293547023,1.046877933367669,1.0919754647542328
1270,1.0954778962112248,1.076434558043402,1.0814908822799743,1.10488797089538,1.1046634828456348,1.0818515014424785,1.0954651957450778,1.0665679569116377,1.0982810992601888
1271,1.112578153368047,1.0477839378877194,1.083286904107746,1.093663089593735,1.1469616204379751,1.0470747912516791,1.0964315173508605,1.104667094798646,1.1033715821154622
1272,1.1010267438203092,1.069996544574369,1.116278928379593,1.1253187202698756,1.1759924445986334,1.0969356706412234,1.1231299665538028,1.0860791610839668,1.0830213114151852
1273,1.1184504810609943,1.1154776764395458,1.1628965075984645,1.1135578690073964,1.1009837331264203,1.0828776876594592,1.0834845316409054,1.104747360222689,1.1184318404355729
1274,1.0986814695045475,1.329279826280413,1.1645433897697013,1.1544320581184688,1.128800420817874,1.0702499152409983,1.111192774298331,1.0680079402279852,1.1327945278072464
1275,1.099236282512265,1.0411622599892314,1.1081765467254572,1.1010453393495925,1.1145889286323858,1.1100101345825066,1.090248851412181,1.1221460271660237,1.1334847426610688
1276,1.0965156275725167,1.1408170618106817,1.1059572775493738,1.1241254416028361,1.094965992909867,1.0995928488201703,1.1684977303661503,1.1608570852929117,1.1109976959187169
1277,1.1055896268480345,1.4586370628268304,1.1184704092933293,1.1595172721996425,1.1530375619303777,1.057900528856011,1.0959532254513424,1.1044132737952193,1.1218681097738377
1278,1.1053414999343152,1.0425739669032887,1.1260039441520129,1.1083612762353345,1.1233292836725493,1.0588441501052845,1.0469864281376968,1.1016687740277855,1.076381302333266
1279,1.1080219841366656,1.1854014592486886,1.1250115204518962,1.1309455639125132,1.0956160007414117,1.0801471145274677,1.0846400230579325,1.0605706464836775,1.0970832044608572
1280,1.1078297529870624,1.043159598065361,1.122989475244829,1.0716095591918697,1.1396636328207115,1.1225299247541403,1.1249971850786815,1.0917199343864403,1.0780101599021228
1281,1.1098615283194917,1.0464275337890416,1.0996518342550854,1.106844053315931,1.1278798680928506,1.0955410584099419,1.1055685393954726,1.098150621590253,1.1099433533264655
1282,1.1062620192935542,1.1840826309789925,1.6125864381842214,1.1864569748085256,1.1197839593715524,1.0898053569654138,1.0563386091670113,1.0533448605165856,1.1262944824287007
1283,1.093358960482173,1.1265644707429217,1.1200270655878586,1.1166228422524989,1.0998381433146922,1.1059063186906188,1.0875510189985922,1.0842485366544388,1.1535765518975962
1284,1.1134303068189144,1.0090617270151274,1.1877692752653441,1.1014627799301009,1.131337481106507,1.0960429515796137,1.1264243368696087,1.0951649942628745,1.1011277091286351
1285,1.1045517430944716,1.1026269875906554,1.2018591060191002,1.107202282799029,1.284767402144166,1.0688422436201355,1.1147018851972113,1.059500920978508,1.12478973318146
1286,1.1015361226230231,1.0168260882685614,1.087487534823279,1.209313584177426,1.0952785717721074,1.1473634192317619,1.0924687501692156,1.0717900965140619,1.1459458262680728
1287,1.0951872429177478,1.1955201865525895,1.0986151216198892,1.1061988025601743,1.1096475974550046,1.0791651123767287,1.09109914481802,1.0818788436070736,1.0921012483012422
1288,1.1224808544025522,1.0251801943632894,1.0953206619181168,1.1205382018140178,1.2347576923224868,1.1382843241941643,1.0467321037522865,1.1318204624301937,1.0746892558455823
1289,1.108385573942693,1.1334879428488525,1.0891012236678312,1.1559782443607893,1.184236533099743,1.0796350903940308,1.0803223769389816,1.0943683364433063,1.1174293964648196
1290,1.1087067007417637,1.0611931645333705,1.1771852146868633,1.0984546172484548,1.1223823631308956,1.0967348651020363,1.0777751242800373,1.0764094137443092,1.115688994141027
1291,1.0962782578381798,1.031424050972697,1.1110318807482342,1.114352905867075,1.1474350934707507,1.0941173678740292,1.0897917342756636,1.0938924753084083,1.1163299084973177
1292,1.1000507676771099,1.2671391029895895,1.1772611318669912,1.1267236501742255,1.0638836532950642,1.1023142452886654,1.0783705462492676,1.0970701353090022,1.0824636920366997
1293,1.095276241556877,1.32919638728358,1.105679409601746,1.1981691001877792,1.1173223846952989,1.0563766373561703,1.090204651641196,1.0920231793019806,1.079300762956577
1294,1.11934977036112,1.1186707732948136,1.1313001387761803,1.1177055949256585,1.0898936319383812,1.0674660887851173,1.1612993868271175,1.09397170526585,1.0968494689974138
1295,1.1159646321764816,1.1285444268687967,1.1292745995260198,1.1434591293173255,1.0861458851435386,1.0923635964716758,1.0968669682778285,1.0997918913194227,1.1259095115502447
1296,1.1003338534343936,1.1236450554224484,1.0842716768770517,1.1255820068446518,1.1287119184350565,1.099969796684127,1.0905289543716867,1.069905082931615,1.0473754725565214
1297,1.101244290164569,1.0521994085296984,1.1497502175494232,1.1362795767583351,1.1330271000872791,1.1801010051793777,1.070048673279948,1.1182819877316315,1.1270398965358739
1298,1.1101135474932244,0.9694644133490278,1.1170558615016448,1.0772001817793477,1.1113154458984733,1.0499700931318294,1.0585552843280128,1.0856400700459403,1.142070970959615
1299,1.1090829169888157,1.0600882602356136,1.1141223994504308,1.1672689306385133,1.1302592988762246,1.0930749551399082,1.0866268871819302,1.1037496235245947,1.0853456578089875
1300,1.1257122041351861,1.216312472883127,1.0863120269044677,1.11680715642118,1.082669076678599,1.089023956084393,1.0908197734682694,1.1378794449788343,1.080394699000164
1301,1.0991972652674156,1.101657625043168,1.1431348464806432,1.148977952292798,1.1146838709152174,1.0579436613774602,1.0943340699881579,1.1448819445909677,1.10480060474132
1302,1.1024308717608624,1.2183925755935618,1.1672157508107122,1.1635610097658315,1.1110901956085197,1.0630853960704874,1.1755173589856254,1.0900747694509354,1.097402724701427
1303,1.116918897644005,1.3321494544932606,1.0914255784474212,1.125243412122429,1.1054918514578485,1.1389718294398439,1.1079141567768689,1.156052947245633,1.1248549758908106
1304,1.1185799615139893,1.1413852090426484,1.2893730816429403,1.1152469959929587,1.1037590162984605,1.0872894366414545,1.090701744772911,1.049280034591859,1.1058010194062136
1305,1.1130514727619547,1.1057303534326208,1.1233449546685161,1.1351928944694043,1.1135717638641447,1.1746549341564765,1.0698826638625065,1.0783647822967726,1.0941652307530576
1306,1.1011318822743104,1.136024087333492,1.1026469833045274,1.1612919532042723,1.1121257689729485,1.0858065206743317,1.0546907880450633,1.084574878599455,1.0905613233193165
1307,1.098836357717952,1.021384896855884,1.1130263442572326,1.1111343239608693,1.1268948480928467,1.0940335850566332,1.0992356010410018,1.066893758302708,1.1145363877139343
1308,1.0944238347769188,1.0817144367976366,1.145125304559382,1.1762904435571837,1.195795707801887,1.0725667822656486,1.1326789228487621,1.073100315650465,1.084577176785129
1309,1.098274268503221,1.1523819187682656,1.1997069141645391,1.1016381500847603,1.0943276665215882,1.1204175728269588,1.0786911775777361,1.1186726538726257,1.0944104042962084
1310,1.100597830546167,1.1930629265220671,1.1109112190512274,1.0562748828495123,1.0740046800200505,1.1268908607613193,1.144805037937642,1.0882455405828737,1.0844608432259486
1311,1.0966904871907486,1.075324237656235,1.107607995928036,1.1266578941384353,1.1060851478024847,1.0827968138173174,1.092269852074407,1.0979442730193807,1.0677430255677944
1312,1.0982768859269485,1.1304216241285694,1.117988403879593,1.126676173814881,1.1086883886065888,1.0988579622824715,1.0989913881019215,1.1026301440866044,1.0844281186453013
1313,1.1038097781171257,1.0963623144329853,1.1569254769784483,1.157752772055752,1.1348513490305525,1.1480224957581564,1.067905833956497,1.078693030010715,1.0712321545771675
1314,1.1187231950982817,1.106559392338037,1.0845099953228068,1.1039428288217699,1.162668824488549,1.1138811202480796,1.1123621519304596,1.0732900535962753,1.0877152899576925
1315,1.1035540240249921,1.2988155038597957,1.1019577173810744,1.1185247251683725,1.1171929130506226,1.1394862358576443,1.1149699613311483,1.1019371171497672,1.1569317183159598
1316,1.109454873772058,1.1324329170062624,1.0866057778299767,1.1778945069308868,1.1378193319846015,1.1117503747169821,1.1022222979724874,1.0664653022665702,1.1257338228831915
1317,1.0857376483732768,1.0048996015356295,1.106569043222178,1.1999156128415458,1.1036134168875318,1.1168789078922974,1.1035308181509065,1.0845175579850808,1.0609760867823195
1318,1.1037153581066736,1.0008694622902305,1.1011975477621374,1.1150548125625643,1.1270473397782144,1.0884563339840807,1.055275310589418,1.0785394323551032,1.0790362188794953
1319,1.0888414089132452,1.2054580215936082,1.1024686487667354,1.1274735774618974,1.2039549467428936,1.0684393795012679,1.0970432970748942,1.082582549465818,1.1010626951433031
1320,1.1049184147998283,1.0869778741880685,1.119143027852491,1.0916173286108486,1.2387119143245857,1.1477026690655785,1.0948123976608448,1.0939902934301389,1.0730208549510762
1321,1.1186786032201474,1.1690291844017298,1.219559422840955,1.1176870502800809,1.0970765563428417,1.0899824266024218,1.1408206364975249,1.1277550716766163,1.1272005211406126
1322,1.1008604405957003,1.062757791320472,1.1104205822345266,1.1473768539549218,1.1170585151800534,1.15142602198938,1.1222221730371036,1.0871183532198996,1.0777122398639463
1323,1.1031090876352216,1.0664730157590754,1.116421099675345,1.0899336132288775,1.1473489387843891,1.1983283645489151,1.0676647551476828,1.2528424303934103,1.1243973001825949
1324,1.0873827261130093,1.2566684916080817,1.1173663544757892,1.15023448095634,1.0709512805409258,1.1423487769080012,1.0630544893483147,1.0699896439444607,1.0994556814759087
1325,1.1072125103282497,1.0533277638902245,1.1186341468544974,1.138329858503077,1.0847275864019372,1.0798930763230294,1.1171197986197747,1.1581885054708385,1.0924459405864333
1326,1.1001594540265345,0.9699275490007819,1.0803022858741824,1.169313302870798,1.078361676517558,1.1367189044020187,1.0833164471222505,1.0601215253353198,1.105296142998868
1327,1.0910342808806655,1.0236479887305536,1.1351914188374925,1.1169351618225885,1.0995117073010192,1.0392841570420308,1.0841882116125845,1.12201255560234,1.1045947371693827
1328,1.1215949779088812,1.0547659123695674,1.135909673627258,1.153610629847458,1.0825258515996652,1.093653983323587,1.089422159582436,1.0551125205362801,1.098878069288994
1329,1.1064836697138551,1.1836013862439498,1.1355798993702717,1.1040537394574406,1.1355350709980156,1.0674747774393525,1.0890845347781828,1.1821095519113622,1.1091750903261255
1330,1.1014673472341514,1.0696711958019767,1.1123823232041998,1.1752769577585096,1.143353106832119,1.0656137612891876,1.091575544430195,1.0919429626540074,1.0564919802879404
1331,1.1126520233442325,1.184165017831202,1.1349042218425143,1.1057071308233437,1.1258628899204464,1.0935201054177008,1.0245288706261209,1.0995130826232198,1.0786529675155319
1332,1.0993401500151716,1.0215966474854654,1.08725295585921,1.1120674505900796,1.0995766553319923,1.10920814877978,1.1044086841002478,1.0839599962364324,1.1353930517646142
1333,1.0998514015446248,1.081964427898114,1.1358230875104183,1.0898714171907513,1.1650517954555657,1.097716592850104,1.0954319096197078,1.114628922781703,1.1282089012405025
1334,1.1061931974582777,1.0084758035181538,1.117134152943869,1.1237134403489815,1.1288845832554106,1.1278133244474966,1.0936114674685804,1.0855343573629417,1.0800181822430026
1335,1.1030202404814555,1.0699642685932436,1.1381084339334313,1.1274218308620705,1.1415766499000999,1.0837258524429885,1.0945426840420602,1.1267294932484595,1.066664214032195
1336,1.107118209219059,1.1825347523523206,1.0966057886845317,1.1559866454762016,1.139933090823758,1.0889303412889502,1.1030101722124444,1.0778214203513292,1.057451535324946
1337,1.0927063060545057,1.2497212661706227,1.1201385089903668,1.1434773658961457,1.0993796661613724,1.1976611760039155,1.1001504739134524,1.105496975117832,1.127722289075637
1338,1.0939600259279045,1.488319930862918,1.119403383695331,1.1047293846392543,1.101074003583398,1.080739525183989,1.0917180670041793,1.096872632522353,1.0929309470380688
1339,1.1023166194164595,1.0232166486828786,1.1119069687507726,1.1232291830370613,1.1115754310818846,1.111390459215807,1.1174627779546673,1.1242114455133874,1.113538758596264
1340,1.103667842838797,1.2312203692557901,1.1112925193640129,1.155715073876072,1.1385642286126008,1.0924381867730164,1.0766501569825682,1.1328461910962857,1.0784525358574808
1341,1.0871861008154373,1.0921544589859808,1.0896967087888372,1.114893096163694,1.0731218217118488,1.1260753604802052,1.0993983598383257,1.2803213271524576,1.1029330466988014
1342,1.1064623962716529,1.0626794930685963,1.1165426573481172,1.1015462748586522,1.0953675148940063,1.1251603714740266,1.1247826092459863,1.090928472882986,1.1069285056216613
1343,1.1008400257940032,1.0317213647150862,1.1336399796587318,1.120246093110239,1.1430932497981106,1.272790714020681,1.1072340799093525,1.1488309615820615,1.1024057689285394
1344,1.1041143357145717,1.161325402642851,1.0903255251529715,1.0791746119942087,1.0823445935884635,1.1361653048571903,1.1219682290888453,1.0482119626364415,1.0917034816579632
1345,1.1018055579830728,1.0688981159108049,1.1296335118302632,1.1059497178343134,1.158957769972074,1.1049841910766491,1.082441970809201,1.0914989677341744,1.1300385088241458
1346,1.1085301724992391,1.1785893546866721,1.143325808546206,1.133384788380908,1.1013802266320707,1.0960008520297513,1.0918351841400429,1.099207007330805,1.1079383131554186
1347,1.0848362188175698,1.1222721521260697,1.111127341958037,1.153442153002193,1.0877291410664598,1.0982874161877427,1.2472751347464286,1.1060481457331788,1.0621836667859326
1348,1.117368816965583,0.9803019913055998,1.1048181492624942,1.1434302587847,1.093466368237186,1.0996860122290497,1.078760582487911,1.0638408982952308,1.1520482429431151
1349,1.0969219930208531,0.992038745084294,1.1384002486080367,1.1295694901917606,1.1314229036625818,1.0935289128086643,1.0773662662571688,1.101399314093428,1.1339813338988196
1350,1.0961617302652193,1.052831559923688,1.0865105132575268,1.1095868181454374,1.0986737477344453,1.059050427971866,1.095254355695937,1.0651965949930144,1.117924219911558
1351,1.0828947725014184,1.090734651327036,1.0955889157111052,1.079051102770424,1.1053613776261304,1.0943553451609649,1.1143145336973892,1.1659962265183688,1.106824166842411
1352,1.0906798233811117,1.117026397928364,1.1427328370877965,1.124656409297157,1.1982430362440268,1.1027368950614982,1.0944776925211526,1.0901580656266736,1.181221820624157
1353,1.1050605994273004,1.0606494486900866,1.1178394419883122,1.098490649511083,1.1295152035586888,1.0801562425680427,1.1152887571228711,1.1811588467553966,1.1158779352179065
1354,1.080164336336716,1.0715182513906343,1.1068566084125642,1.1098624686502332,1.1072409596545063,1.0707471886162434,1.1262388522061972,1.164670066991719,1.1244141842667545
1355,1.103765647953904,1.0339542993274682,1.1493128414301064,1.1266482269308882,1.0946105250981677,1.1454514591544904,1.074647461877639,1.0808676142137061,1.1181531252190071
1356,1.1066246122736056,1.1283588231985189,1.0739379612429374,1.127268963420361,1.085374398796411,1.0805820624660611,1.0990812856091063,1.188725509287375,1.1068709407509436
1357,1.1034049232195673,0.9530620674093355,1.117275406254688,1.1230483145064765,1.1072657484096156,1.0794501805776906,1.0637295887528857,1.0872203460496848,1.1013999554116194
1358,1.1064449749483614,1.2177486465509393,1.0973294813955108,1.1260311126722249,1.1133595299503565,1.082333916048442,1.0424987213234758,1.098570773714008,1.0899077712437413
1359,1.1133714934557701,1.0117178760151349,1.1050280035280056,1.150307210266572,1.1113485984881302,1.0774691166556416,1.0845509693622408,1.0796680494620075,1.0713498143902012
1360,1.1120673580827476,1.0708015513633011,1.0975196645807883,1.1527390922487355,1.0812510927498327,1.0513036542886516,1.0778320757646604,1.070124268391284,1.168282275997153
1361,1.0972377856603532,1.3424529168227681,1.0903804018223593,1.149382825544434,1.0662472904473874,1.1174902201261958,1.1001926807327356,1.1024180513901563,1.1332396645261646
1362,1.0994190405040034,1.0659266724666505,1.105940096703197,1.0727433783346816,1.0752212067010345,1.076078478019965,1.1824656948420391,1.1126138840369968,1.1630643653989847
1363,1.0863348163293298,1.1575981353151394,1.1631751507575772,1.1000913096812468,1.0967579536409229,1.07638485420296,1.0800173168736218,1.0627370725116454,1.075104221996774
1364,1.1072968522193372,0.9190172775714798,1.0682858666962065,1.1871517347502198,1.0788995681254967,1.143509182625421,1.148158212748032,1.0843789002013149,1.1280547897013953
1365,1.1163909737395066,1.4595141036322214,1.1238353578626923,1.1194156636775583,1.1061066146786578,1.1056232101763008,1.1043810246837207,1.0901593691925973,1.095545982244022
1366,1.0933976625028985,1.0680226697390125,1.0810735661668558,1.0869870087255604,1.0940662502254397,1.1017401760571615,1.1129107047424496,1.1007312302672003,1.1354287148157602
1367,1.0877604301485448,1.094552622267047,1.1151091993927056,1.1045410285424946,1.166239279332224,1.090267946683398,1.0849776257371126,1.0838269961632299,1.0708281192755376
1368,1.1058609409508986,1.154591865778388,1.087631197365315,1.1462043179804,1.155952110602655,1.1017997533675408,1.087638804887215,1.1426721644798645,1.0552101297967664
1369,1.0985396215160779,1.0549555339220469,1.1453327748691715,1.073625672576715,1.1466482283995598,1.0691367590219163,1.116227824925904,1.0961619638257323,1.0949580961192447
1370,1.1150491378320637,1.1648848051325653,1.0892937854852869,1.1633266926120132,1.139615663046839,1.0813405829555034,1.1818712467843255,1.0967015565417817,1.1605616858966037
1371,1.0855160221901459,0.9955338296733691,1.1231832554820904,1.1211086255721068,1.1864363375756735,1.0985316411205657,1.132646307322108,1.1027310944692919,1.1142216985259814
1372,1.1120283152863963,1.303503659939021,1.1663645558864018,1.127648085350436,1.0985909130966502,1.0895016975436718,1.0673446327026985,1.0584672967061983,1.0638959353103037
1373,1.1030686131966878,3.0832427663555912,1.0963960876215855,1.1432319784791871,1.125165915546253,1.1179060499418036,1.0922173498246954,1.0775165724397981,1.0726415388652812
1374,1.1103014742851822,0.9855844789745848,1.1293320474765776,1.1387715826029365,1.1285082650404217,1.096437824088078,1.1203697963527768,1.0505266401263393,1.0889615935271741
1375,1.0853116578296162,1.0894692013076528,1.1042457308270108,1.1413293705114713,1.1238235560401029,1.2199900258272829,1.0997933129675195,1.1004119309504743,1.115253203670022
1376,1.118726532313759,1.0476212572640908,1.0869523091232092,1.1670842043458738,1.1115737430386965,1.0732504332724635,1.0833410090395352,1.1057478353181776,1.1032807645746436
1377,1.096917780234735,1.1188402449036534,1.1089801850125882,1.1193355812130854,1.1251086114567874,1.2083251852528147,1.1096896940881311,1.0793760176581282,1.116964418904015
1378,1.1026570713765511,1.1569099015352866,1.1660156812007079,1.1256055939211258,1.125977639102569,1.1045672930745705,1.0995653911606735,1.1016217214051676,1.0610394088661976
1379,1.105445655142875,1.1672089102580898,1.0933545110629665,1.0833353697170705,1.0990902568491854,1.1110018380924556,1.0866898487819363,1.1122991589470663,1.1417873105535357
1380,1.0994405569461194,1.0172507029670752,1.0957372553800389,1.1388341995728428,1.1223006456586773,1.075711644137209,1.100391662705645,1.1115597719798325,1.0688272542597428
1381,1.1303593712440196,1.0004370684306128,1.1367534107345483,1.1452060415038368,1.126461974423021,1.1684104035481455,1.056162689109795,1.0620551864547614,1.1228372679550311
1382,1.116564379805373,1.0924231280464771,1.1106290653051887,1.1932556792271667,1.0959119945980358,1.0944544504398752,1.2404634759417703,1.0619125730052472,1.1197002690276503
1383,1.1069575268643317,1.0957148043085714,1.1168784455413256,1.1231357170620841,1.0776065234743186,1.1230519760755273,1.114974967714284,1.0449744789595865,1.0671511294702982
1384,1.1007317338504177,0.9780024230930562,1.1688466672762083,1.0876787596022959,1.0937224928854103,1.082586334244602,1.0681146619252941,1.1172262307415004,1.1222081548145937
1385,1.1102595902187808,1.1895555996949805,1.1292104895385149,1.091328597361474,1.1291369235195103,1.115042729266911,1.1219903951623043,1.077871888707087,1.0737905057579336
1386,1.1232626134406027,1.0591650431139608,1.114707751941037,1.1332139473672203,1.1137301688770034,1.0638700756118264,1.085380006322659,1.0943592622462068,1.0930539229704848
1387,1.0985558663128223,1.3440966434355688,1.1165526536333457,1.1011867031298135,1.1061447771339452,1.0811581335546743,1.0864866088384986,1.053190072731434,1.1612587214604875
1388,1.112440432515488,1.0110119965217945,1.1136199814520693,1.1205050339230047,1.1548410715259292,1.0861596747316054,1.1264274089744357,1.1682968630830555,1.125347824464753
1389,1.1000377361532878,1.0412719223697913,1.1073627451801564,1.1236033053081675,1.108284641698352,1.1095736034917143,1.05270661950139,1.0721054167059703,1.1475312986592427
1390,1.092020823509808,1.3640185653956105,1.1034793033289436,1.1309944002473922,1.131050226481701,1.0372749316746166,1.109552987294437,1.153932955896438,1.1510683713448842
1391,1.1020586014510505,1.0272475957427394,1.1027377301746433,1.1627802916264829,1.1359761400543822,1.1228660947864852,1.1130805338186518,1.0778522856425627,1.0622813439115488
1392,1.0927641277462503,1.3783618072422006,1.1318576790668728,1.1198417363414848,1.1235945325229455,1.030809783724471,1.1308201527752613,1.1250037537092967,1.077914650189685
1393,1.1098313144493674,1.129474040521243,1.1324296876350053,1.1039311967627679,1.2116527439325206,1.0580013415174998,1.0553119584761277,1.1238762813287675,1.081942542747182
1394,1.1020884744464436,1.0767141699886629,1.096937756090232,1.0989361570032745,1.0872126655299923,1.09388985013751,1.0718504307745673,1.0503611299891302,1.0453323048345564
1395,1.1003160812812534,1.245087044707587,1.0926717108380077,1.1508693677006718,1.130422686632128,1.0876739820772374,1.0739589539705607,1.0747677041669157,1.1368387162605105
1396,1.0978378777863573,1.1160920656370936,1.1755655853179448,1.1076640065415877,1.1192769809687293,1.0619832288406361,1.0726415439465908,1.0785509618636424,1.0871218200017916
1397,1.1064802498070208,0.9981421672959921,1.1323752948310175,1.1429205373881586,1.0817013812599396,1.0891508307595397,1.1105767410119698,1.0608926872666165,1.0957284805523493
1398,1.0725953238344934,1.2753323746791905,1.1291220986426715,1.1437753030993916,1.1061286356513333,1.0690314464830546,1.0834953036490573,1.0859154217785714,1.1197759233814109
1399,1.103224964108801,1.1937493112722215,1.0839638947488899,1.0923668462782634,1.1178316286066272,1.1310870774421662,1.18114298478714,1.1315496325090457,1.0531673920076616
1400,1.08914884033455,1.0774151688735487,1.0726474751052057,1.1718885656462343,1.132306688159758,1.136407763777492,1.1109494036855223,1.075960759876315,1.1217887423649524
1401,1.1054950864639659,1.0056708986808591,1.165447734478378,1.1362419250422446,1.0987915895032503,1.096124391734016,1.0804150788347833,1.1556939553938468,1.0564099612668179
1402,1.0944797400125152,1.054693431600272,1.113047653467258,1.103190560804912,1.0876370585845108,1.0796734553505576,1.1085277120155164,1.063529920630357,1.084145362224114
1403,1.1056745914681307,1.0120951334014372,1.4657924473006445,1.1282322694240532,1.116711622461555,1.1173688375666964,1.1344022141596593,1.0834912423539138,1.0533326649897288
1404,1.1139337943544056,1.0564565237648615,1.104726519953811,1.1334022820242486,1.1063531698640081,1.068071783012634,1.1685361278850994,1.1112267634824475,1.084944901106523
1405,1.0975618207895546,1.0761415905189486,1.1348185736410576,1.1232528253582559,1.1381641582345117,1.1068486102962494,1.1075996941442465,1.0776528418197457,1.1076620091005864
1406,1.1088103457952359,1.1017415023378947,1.2755470552398576,1.0864894887463645,1.1634293533385347,1.0838793728084948,1.0943719629771722,1.0575561005391816,1.0967074793182023
1407,1.07858918420227,1.051683088075778,1.125934948741176,1.1185249388602265,1.1381795828221153,1.07672819541662,1.1088329068696392,1.1105555894759565,1.0978323993191135
1408,1.0964513882790548,1.2521322442830083,1.1648955461498673,1.1543816966100624,1.2134558166532083,1.262473155714748,1.1681883221765594,1.0753516480959198,1.1459193438002404
1409,1.096025815286251,1.1934226657219185,1.0700465413952347,1.1274818116989864,1.10101958760813,1.093450947819339,1.0407557602406368,1.1407137373007326,1.117281673624579
1410,1.1135538971691792,1.0526240586847553,1.0956835852001405,1.123811325791094,1.1134386023977993,1.0775965509480285,1.1108113112581,1.0688800507157166,1.1107653022437631
1411,1.0963158651883076,1.1221757377846946,1.0938068851259342,1.1101576323797848,1.126268690256076,1.0869626911630197,1.129378365077458,1.0798763949303445,1.0583785275647821
1412,1.0921526578636764,1.03838107429711,1.134624847044918,1.1579632269361708,1.100855958512127,1.1535161455408411,1.1098705199754662,1.0897060126729092,1.1262418946768677
1413,1.0929699345451158,1.0946868012347133,1.1127852718118048,1.1201580710582657,1.1208127231520135,1.0506146613300285,1.142564282656086,1.1117575600745595,1.1528818872507403
1414,1.105479756686689,1.113200969037536,1.0932200953558942,1.1259265539374834,1.13025548909466,1.4006141066345121,1.075141585732852,1.0729492219577272,1.08832863751309
1415,1.1008946990776773,1.0534596073129558,1.1321090365390993,1.1630539012858645,1.0943931641233704,1.102987025273168,1.12184823320456,1.0584772630775792,1.1428023496944744
1416,1.111340960277439,1.2620110499703623,1.1040931824724876,1.1370661001584963,1.1186829211467184,1.2010635519796191,1.0822013691924528,1.1135626541495924,1.0649995416045126
1417,1.101649701537311,1.0658012149400655,1.069664752245471,1.1023415602014408,1.131427815285068,1.1196194675748474,1.0782763548832135,1.080054733764903,1.0769419938848819
1418,1.0902746894446462,1.3051733900082125,1.1222958753391412,1.1631821663038604,1.1134782500125509,1.043238957753039,1.066835320607423,1.0865535218448903,1.078263603629005
1419,1.1163983698183884,1.0434657849888285,1.1367653279950296,1.116214395291822,1.1094428919148276,1.0979925555977286,1.05759563132829,1.088443046532522,1.071708033814911
1420,1.0861331984689038,1.1263571923463525,1.098284152107146,1.1172851059607964,1.0925627262869542,1.1940738009610867,1.091202977408146,1.137801555829971,1.0777588443056598
1421,1.1003934355042946,1.1439508700897203,1.0953319212376675,1.0790352701236936,1.0977246514784391,1.1562639780321857,1.1295244360751882,1.124547174215624,1.1072263642537299
1422,1.1044703790064871,1.029718494107099,1.0981682305807348,1.0993007814427043,1.1895259266990357,1.1150227112232987,1.07794707174325,1.1275898980195127,1.115804175114886
1423,1.1132120814043847,1.1107065176564919,1.1173797306262898,1.140341124688747,1.086888750484754,1.0665764546559107,1.0680923054139948,1.0961107094775906,1.07660866993093
1424,1.0830538851126108,1.0606430302742493,1.0802197791039156,1.1710957285033152,1.112824922481238,1.068705612979843,1.073629391875003,1.2937240015739162,1.033175758968814
1425,1.101087923802889,1.0010049676069936,1.1104264067182954,1.0953402280153746,1.0653971653182361,1.0777065343658967,1.1193106667116088,1.0811043137529588,1.0862878696998426
1426,1.110778734524278,1.0690841943670424,1.0740602325861182,1.1164101353398463,1.104682308684259,1.0854049992977457,1.0939060446213447,1.0827608144078908,1.0635309149076226
1427,1.1006542291869115,1.0401467225757424,1.2099693891471608,1.1422471701817059,1.1497207714811715,1.0785891216654646,1.1060198583457885,1.0665798552954517,1.1313786327323936
1428,1.0971890092950805,1.1584590110445303,1.1150986719988594,1.109290795422283,1.0939989750862402,1.0921117501068676,1.0934479010801552,1.1402060197399184,1.0373653210064273
1429,1.0979295340374473,1.0926542875735819,1.081544328319157,1.1607223430713915,1.171560558984097,1.079826794365506,1.118149536170295,1.0642388974097183,1.1764127789938914
1430,1.1009299405821855,0.9441196509778067,1.117091397368798,1.0993801718055596,1.0971039780223113,1.080989759850489,1.1038883791936431,1.067803037767404,1.1088035835162855
1431,1.115103342744054,1.2078568791694297,1.1380297633943675,1.1226240306099355,1.1638397146714043,1.1295663211494196,1.0995568386480117,1.0646616068992594,1.0694753192402673
1432,1.1069528309243895,0.9871757196416305,1.1172277337386365,1.1546003537181133,1.0740050998070565,1.1021566447352444,1.1054018345442147,1.606454626336984,1.0856501741921383
1433,1.1088164574817465,1.1411431255037208,1.116057011389066,1.1806809493780812,1.1620054710201637,1.1263560731890323,1.0953458019591549,1.100913299051813,1.1666916568787151
1434,1.1038729977387565,1.3343240225714734,1.0796715189351769,1.1006489472916359,1.1134383499086404,1.089088066151624,1.1043200386934289,1.1769196473777306,1.0711387737478464
1435,1.0998645427174232,1.2570823322515947,1.1056010611751528,1.1048346794628099,1.098135680983126,1.0791533324925326,1.1245044056442604,1.1052070641179998,1.0891331878910617
1436,1.0960450588122854,1.1518568236748474,1.1316224175979224,1.0830032691925242,1.0841419585190972,1.0677172251033782,1.089021509781129,1.0659916336356305,1.1070492733662676
1437,1.1038119748995896,1.1647492702656208,1.1044065912518335,1.1020877984270996,1.147480146624652,1.0730398793651108,1.0908996622758886,1.1125055118688707,1.0877054651552656
1438,1.1127321305924756,1.1342165602822176,1.0960028153238455,1.1065326207906898,1.1892822218382308,1.095058801357706,1.1023046075682972,1.07741842864242,1.1224603937541764
1439,1.0983139808870597,1.0677428797007769,1.0932432150316902,1.091488076050174,1.0897366592357987,1.1130169327679387,1.1448940994821668,1.0647193807527835,1.1506466895224174
1440,1.1170469779440397,1.0525119249290273,1.115528933128555,1.1242266595683263,1.1953334496336,1.0720771456931937,1.1213319510550332,1.0745425986074695,1.1814977604235526
1441,1.1092733551855105,1.1152501609762826,1.139550219181869,1.1252532130262916,1.1138301075806236,1.0820865715691057,1.0791307107703754,1.0963750864634834,1.0927006083907462
1442,1.1162819597351423,1.0905342012769146,1.102952331771738,1.1549813545867786,1.113636980212086,1.105364383992763,1.0915150371909619,1.1533228900561423,1.1640514104539956
1443,1.0914924012699239,1.380190371821326,1.1311377051557152,1.1474239153122803,1.0985808959441397,1.0569495820277874,1.0965880814699098,1.081985991964995,1.097921315807889
1444,1.0952414127550194,1.1575893656682514,1.1032748945111035,1.5393969128166272,1.0808885453372918,1.0525923513073987,1.1286198319401723,1.1086121308228842,1.110385268765904
1445,1.102190883933356,1.0858854654662242,1.1250002489128668,1.1231295218988897,1.1179962646163035,1.0481467233808712,1.1466325557575674,1.0779539545875014,1.094950453424277
1446,1.1100954323520638,1.1230377803860259,1.0914687499700506,1.1331009498282238,1.0991238407827328,1.1236549894307735,1.1199718795152782,1.0883338073287228,1.16556515910591
1447,1.105809915793421,1.1042166645492124,1.1307532722539706,1.1319743543548288,1.0925026999364853,1.114318261843235,1.1284210669963322,1.0865119054301462,1.1861803966029882
1448,1.1063857846939689,1.1427536261737639,1.1548062352107111,1.143947081895882,1.1220019344146566,1.1188596324179803,1.1335886709650602,1.1540798009512618,1.1050741009870921
1449,1.1096820234159905,1.1218455524407454,1.196525888103851,1.1465011598644954,1.0992275503489979,1.076352438575139,1.0399493768447814,1.0888353985026786,1.0974420923356651
1450,1.1145410204219643,1.0934753328750908,1.1529529288847045,1.132104839088024,1.100158519975099,1.0724323141412815,1.0641120539710105,1.1113807218089655,1.0923390062401817
1451,1.097889326422446,1.134331692787351,1.0992239044750935,1.1262093342179955,1.1151888440485849,1.0859177355558247,1.1039949887663203,1.0935720461652927,1.081515285575432
1452,1.1073098640857244,1.0818055543373448,1.0940210362002127,1.1198744306040769,1.1125661575849877,1.0810696644382285,1.131040539910687,1.0663130554275029,1.1111545188352687
1453,1.1195444934612582,1.03890343699208,1.0989313082620238,1.1102038735149795,1.1053073433155813,1.1222314516356193,1.0838635610926215,1.0899554482487228,1.145256717307843
1454,1.0978907580846962,1.0401642480546758,1.1104992472448565,1.131787884469543,1.1147920769395634,1.1400955346646877,1.1132548289798945,1.138958817689426,1.140388391616862
1455,1.099193778645487,1.2280826887633847,1.21815226064835,1.099254070902888,1.1402930912655596,1.0642558824386827,1.093767721225441,1.0781862663587487,1.1025810462301229
1456,1.1086829470345014,1.2600348210183767,1.1161087535348613,1.1359623551493265,1.106243079115065,1.11074372291232,1.1773530295523633,1.063602664552944,1.124695133595865
1457,1.0985326650121137,1.2814208809780785,1.187277356993797,1.1271195478509675,1.116633465349988,1.0731950326912034,1.185217904962821,1.0661221015469207,1.0566914073862883
1458,1.0905817961216377,1.0318693045899163,1.09320769501073,1.0686848221702765,1.1147306576797502,1.1500598624243024,1.0654530555299604,1.078863993166455,1.0578625078899526
1459,1.098339917150137,1.0812765092996852,1.1269187852013172,1.0989446276965236,1.1860963652726222,1.0737130918252142,1.109378331438261,1.0860129569600376,1.081601492532734
1460,1.1093263937629365,1.06685526398314,1.0965579739402431,1.1581686946061513,1.1582035704868607,1.1013465214002705,1.0731017105067968,1.0843692181319937,1.1236380361257474
1461,1.084287823433338,2.2301220164136435,1.0979628145669724,1.073430031271279,1.1299696507647323,1.0602097878491674,1.0713091807742727,1.0968185531330974,1.0761636579961091
1462,1.1020370406447078,1.0864741944816345,1.089419126641608,1.1460449710899059,1.1207765960239953,1.06931916017956,1.0274691628064465,1.1134886794457277,1.0666436599084221
1463,1.1156769138082137,1.0736599815594545,1.1835205403487727,1.105105491790895,1.1267878686885298,1.0777457879440249,1.0902547690892717,1.1206656700000086,1.065068437128093
1464,1.1083699412042989,1.02956678446538,1.0890940558815025,1.1509896698430142,1.1524747151608423,1.0646962919102176,1.0871650829993522,1.1227703309835382,1.0871181161918306
1465,1.1289241204309721,1.1893934635992005,1.1395117493985814,1.099429708183739,1.1894055793170397,1.0958791599155226,1.0736338008130313,1.077804571804608,1.0402896641042167
1466,1.1106586527508158,1.2516421033938459,1.1113310647803023,1.124488419021844,1.1808986773465484,1.0648851670813353,1.0958151840212713,1.1153475595801927,1.1292985623859393
1467,1.0973757658547774,1.1646139464930914,1.1099757089612743,1.1317423107043227,1.0544655684078614,1.0772744667032483,1.055256541680849,1.082888617942381,1.1228374793978442
1468,1.1205615293554418,1.1338363381706493,1.2860755225430334,1.2306312636266652,1.084084436897509,1.0836995649048944,1.1100993734080244,1.0890089647271612,1.0759368795576152
1469,1.0948817549315726,0.9828696697247556,1.1050478726254271,1.1074391283385194,1.2239235769516164,1.1191229618857053,1.1120106246486963,1.1270893620503426,1.1317580847169488
1470,1.108867181481629,1.1387217100894116,1.1053422145565306,1.2037142540519434,1.1090480866770598,1.081126391445703,1.0944390899331062,1.0799412912514976,1.037326233958977
1471,1.1023823164920243,1.29480133503818,1.1013352297143735,1.1182323615399643,1.0872428894936021,1.1719492730171326,1.0989375838775433,1.1063654453029375,1.0941316194579414
1472,1.0794995058257568,0.9527184633456817,1.0703179681444592,1.1123435867447546,1.1053078054217946,1.0595076237124987,1.0766393696832903,1.1179140806319,1.1188409012599603
1473,1.1149129920493868,1.020361517865634,1.098174684655864,1.1471352567189703,1.0983909235443143,1.0986119772118652,1.1081756734602846,1.1512396307827564,1.1143985546323247
1474,1.0847879529261173,1.0074548083488295,1.1502228366615277,1.156237322944722,1.0805107428532816,1.0639411022044845,1.186025644408264,1.1437805901635856,1.0905021347122104
1475,1.0875249353212864,1.05574716848946,1.1091770155499867,1.156374276983435,1.2377581768849815,1.140984679873133,1.0720718069205084,1.0566688263664554,1.1179114709646816
1476,1.0801815151359297,1.0806015797015884,1.1401428763984875,1.0911421734822906,1.1075163952612865,1.1121130291151435,1.1033780491842449,1.0950316326300404,1.1101065988203738
1477,1.0942948442555567,1.1561501709977708,1.109372575651825,1.1205387556353332,1.0960264163926,1.1094744175629438,1.1001804547977625,1.10350457889746,1.1099108302176386
1478,1.1024949692449286,1.1276817535297508,1.132956251995289,1.118379454891427,1.1492201884937063,1.1018462224353334,1.0471125505638834,1.106171887626259,1.0866948280444644
1479,1.1098562892277486,1.224159857595401,1.1042324387358717,1.1690220517732386,1.1051320971652459,1.0743571911138396,1.1136976196741541,1.1318602713555215,1.1301198561425791
1480,1.1102275438887963,1.0138206806003092,1.1083994796563854,1.089954828870299,1.1063254808646272,1.1154900883645613,1.100484577962364,1.082037898792701,1.071748726294667
1481,1.1143457793704612,1.087733961641095,1.1401749818816684,1.151645827893042,1.1186118169101704,1.0911061369047068,1.1600745334793006,1.0997612607097713,1.0911713703051265
1482,1.107489280990597,1.1073327266305855,1.0988053928672328,1.13287435907004,1.112809684817742,1.1175251823510435,1.1215057883627875,1.0849965549480431,1.1235929643077607
1483,1.102996707513714,1.0524049634785952,1.0805469112098036,1.0976508792355593,1.113309312749699,1.1087470614676758,1.1074011351359363,1.0899288368382325,1.1102885646653242
1484,1.102190297022635,1.1579554661862752,1.1062830976505587,1.1388705049981895,1.1125976000894748,1.084750850253393,1.091831044287576,1.1163079559469582,1.188028537907542
1485,1.0748042524424968,1.0822462809168103,1.083310869722801,1.097112033193161,1.147216279690895,1.1162759221393719,1.0772160524630021,1.0653830898350707,1.0798151851045483
1486,1.1136760116980973,1.0048542772567697,1.1052948509881058,1.1649877712014716,1.1603978087977684,1.1722436735684547,1.184486779308915,1.0734865261170405,1.097477509117947
1487,1.1017892370429667,1.0112571708858014,1.1605343503675951,1.0739508000827118,1.0920619754048309,1.0673545557169901,1.0710193732256843,1.109671525840171,1.103029595563822
1488,1.1197492276736527,1.1814583859748584,1.0984331837841297,1.0908342028124098,1.1278777301939469,1.0726844619986524,1.097945442852735,1.0593577051200354,1.0747273044507797
1489,1.0985006298385043,2.083709032130048,1.0927451181028571,1.1063610436871525,1.177470935394941,1.0848579190933896,1.0410057796869545,1.1505554735978425,1.112149338395451
1490,1.0811409961745315,1.0217055802384922,1.085356851530576,1.101658965206072,1.0573662721426036,1.1103077711809441,1.1421361856993582,1.1296564190869554,1.092739189815626
1491,1.1058455195178558,1.06117031647563,1.1004903989220274,1.0790674409922618,1.203832331589833,1.1482505905021954,1.1176865118099102,1.0734925233014816,1.0902792857193924
1492,1.0992882692558632,1.107121715380744,1.1452218821329578,1.1059504649731686,1.1762921715275294,1.076010206718238,1.1320908286012246,1.0846597899581758,1.0963591810937554
1493,1.1039343926215346,1.5581563542969916,1.1135369785114635,1.1136264920890762,1.1630526014891396,1.0957845159445534,1.0673509224790605,1.0716224222295145,1.054653690497354
1494,1.1156880214363467,1.2567970950091836,1.0830666406275742,1.119163997681181,1.1485575710916214,1.1152338286088095,1.1288896073748456,1.1226445382704637,1.090447435958068
1495,1.0938044217210554,1.0819544634701677,1.1024178944302183,1.1315838339726516,1.1196440849383675,1.0303458088735777,1.1360943831259882,1.0879946147508888,1.059346709069355
1496,1.1089945173110112,1.107707668593445,1.2248433148937485,1.1600172418396515,1.1049775049007473,1.08803587780827,1.1064503289981293,1.1241689922830347,1.0838591348501239
1497,1.1125379302779559,1.1061656702980611,1.1181404993709725,1.1324345543528516,1.116784513271249,1.0586796396225153,1.1028494967901648,1.1243538860438094,1.1186845082355135
1498,1.0992280569963024,1.09530443373801,1.0958458576765941,1.1376923165169033,1.098998060723747,1.0890073414562296,1.0915843659541327,1.0754341615779108,1.0726101607726615
1499,1.0840184484153084,1.1138044034041348,1.1378915570540817,1.1377625675403682,1.08335115858217,1.108084908583809,1.1404914455339927,1.0925269106642141,1.1407382783402202
1500,1.09886422999212,1.1418444763751963,1.197270709419703,1.1830682583717236,1.1179944072590398,1.0628911691576783,1.1074885978995304,1.0969193826718724,1.1619185496627458
1501,1.1006973355182414,1.3246722268982467,1.1258844277676876,1.1094644472815602,1.1117915525985855,1.0875189203773494,1.0906955587869287,1.1347070668528887,1.0825871286626163
1502,1.1040843849514133,0.9860508723765957,1.0861317156825998,1.1292413312393563,1.1347830367585963,1.0785566288511979,1.1382501050252676,1.1124609733235968,1.1481757019465404
1503,1.1023159550285042,1.105884479143245,1.104514758786141,1.1496562187854178,1.1450088854124543,1.0837254305666582,1.0911629077653606,1.1245069099777216,1.0563854934068282
1504,1.1039445004724784,1.075780194602563,1.1119486079045717,1.078008222378155,1.165416176523312,1.0771771928320228,1.077033567478465,1.087610020821046,1.0850129987128998
1505,1.1076003615750112,1.2206816791411212,1.105607789610853,1.11532444717447,1.475624495477343,1.0982451967064626,1.0594600756581014,1.1098189815587125,1.080810791046422
1506,1.1056147852346816,1.0054140553538031,1.0684938065074459,1.135529856829918,1.136869677493608,1.0681120517817733,1.1140591347880404,1.0984717197835119,1.1002568539671504
1507,1.0911521924887257,1.1285830835565023,1.1105904584878175,1.1455662695925166,1.1202081887414819,1.095555763495402,1.1209388551003232,1.1110989234118849,1.0919627731956238
1508,1.1137228369586885,1.1651347447518612,1.13090183924923,1.123495264325627,1.1157129013958222,1.092194119084805,1.1443003361732247,1.080121590685582,1.0795055281072046
1509,1.1115831305479786,1.0714126145215914,1.0675166042572388,1.0990387033182083,1.3481277698665262,1.1825194909018208,1.1234389690678555,1.1431186037881214,1.1079935742483291
1510,1.1127735737791589,1.258467391529404,1.0839006236825883,1.1359468581268826,1.0943632010025617,1.0661663478452033,1.0740665884507887,1.0936525374435748,1.1664516388234338
1511,1.1010738894439116,1.088921263315833,1.1279353276888424,1.1374205108194926,1.0864323271177603,1.132796669431474,1.1782991252082906,1.088681832574752,1.0800968299148739
1512,1.1069939689249702,1.201689049448423,1.1165493186269684,1.1038626552699276,1.1064444971643044,1.0816136766281865,1.1315842358411454,1.1158909360572813,1.064715134579431
1513,1.0857766303238205,1.1455774045939893,1.0840578854694596,1.1152680705829505,1.1221380980361084,1.091375575370643,1.082268638458776,1.0794895152623547,1.1184828999107765
1514,1.1106733549451597,1.016134968941488,1.104540634669834,1.1406547665532951,1.093513471206497,1.1357273784125301,1.1159485240581972,1.1614235333619478,1.0892995688273002
1515,1.106268341064354,0.993738537231786,1.1445561305089373,1.12550154900168,1.1965578858949897,1.0816009665261224,1.0745739730884112,1.0432221095012113,1.10234316998226
1516,1.1047589930197013,1.1151236505871658,1.1012639251561946,1.125663078581918,1.1121990801896195,1.0570833936983117,1.1154266115744123,1.1737918933531775,1.0932116082000085
1517,1.0903862295814588,1.1962208788983408,1.131123295087378,1.1476100429286462,1.0921250793153412,1.0806196823172223,1.074951491435747,1.0869743798345248,1.115856172736686
1518,1.097752103546959,1.0447079064415108,1.0849533069777364,1.1046377737897959,1.0454335633199965,1.1042262597189918,1.0883494932979874,1.1309478473000407,1.1080071242616731
1519,1.0889679382606623,1.0845086657897018,1.1040196366201664,1.1549925882667513,1.1201211539903453,1.1064447338785326,1.113467834008229,1.0941502000214267,1.076358905846189
1520,1.1072010448236689,1.0173931549409625,1.0941369753868324,1.1473791463169971,1.0744109053190398,1.125061225385733,1.1091953502525862,1.1003836228448813,1.1990078465788871
1521,1.097184968649458,1.0330254612530316,1.117349751510954,1.0888266207713906,1.0871669238172306,1.079615629807279,1.0756213661378207,1.1166440398642075,1.0867345308838943
1522,1.1036881442232522,1.0316007202910171,1.0846741184955035,1.1074254685079552,1.1819002651532817,1.082325817758686,1.1190518276187007,1.0795898599767961,1.114046958587346
1523,1.0863345163602143,1.4521515923001105,1.0993883549149024,1.1321750043872412,1.109521933447074,1.1168291515657744,1.0922588024949047,1.133037099348118,1.0565988772201296
1524,1.0964514646023935,1.0084417294768622,1.0637184717689123,1.1198855320131602,1.1272781232186695,1.1084269098901791,1.0199733892579748,1.0918941722696107,1.102570270723722
1525,1.0966737663667687,1.0388797145203676,1.1596693514518985,1.1167569123691496,1.1427193506505537,1.08155866975939,1.1498338212825665,1.0650973937717005,1.0793935955093585
1526,1.1076288287545564,1.2298459405803697,1.108307391076544,1.1490530425528198,1.1156980410553248,1.1454868802923828,1.070901463698495,1.114419491363947,1.0864982841932473
1527,1.0994620107850344,1.1787473756748126,1.1350244028511247,1.1352936756655,1.080789597973002,1.0793683703133747,1.085946692801015,1.108865591972733,1.0594671667331426
1528,1.094400847158914,1.0319966720839773,1.1221043435117886,1.1341135188300078,1.1038870777099885,1.762122987683528,1.2417513754182576,1.0886250364626464,1.12592516101616
1529,1.111215517040932,1.0711893487583413,1.0944978378102306,1.1496816847099067,1.1202252617076662,1.1535254450792236,1.085013503380961,1.091923963440304,1.0918416678649516
1530,1.103161959675671,0.9758625744193093,1.1077723174911382,1.0964692251757444,1.1006954378517595,1.0700134289301615,1.085262539589356,1.0855019480138752,1.0957191428458637
1531,1.096677046420279,1.050625240195438,1.141465526002293,1.1828675611936788,1.1278579110915747,1.1148924505866795,1.1055016078136675,1.103720592217794,1.0788239384462237
1532,1.1028314486139874,1.0562952833819044,1.0866266421527662,1.1120933653879381,1.085688455411108,1.0956803815885747,1.0719560021538606,1.1002572926327507,1.1625783982427804
1533,1.1038948987512867,1.2365485825012215,1.1234867361394167,1.1183249615450148,1.117737186634804,1.0339931384549594,1.104384398060877,1.1436897680318983,1.1061934802459668
1534,1.1003572352295987,1.3859742954212957,1.083701769007918,1.077959216873674,1.1490288773422321,1.0693943340931455,1.1223671726316182,1.0835429146819702,1.094715016847876
1535,1.118069088856297,1.1989279533950643,1.103411455822936,1.1714380186325837,1.0981254372499696,1.0927710157759079,1.1188355873463276,1.1172065802328357,1.0921890442298545
1536,1.0945922872284368,1.0246454362245643,1.07999268222765,1.1100324421028702,1.189803092950428,1.0692258979310956,1.0717249337555486,1.0986610883875316,1.1309707269209544
1537,1.107166625163429,1.238950245632797,1.1255058615545965,1.110244906253356,1.1020420418195873,1.1107584851713803,1.1051842909592406,1.113808903157475,1.0998257069394435
1538,1.0918135920222587,0.9284443488590572,1.2419455847202603,1.1271433340678627,1.1057371074869713,1.1034079692501093,1.109468817265542,1.2122610597721672,1.1227521739588942
1539,1.1235438138823268,1.0662969939002593,1.1046375702256068,1.1252005779133636,1.177486560778882,1.089284185888521,1.103078743955009,1.1025186848767357,1.106144390036476
1540,1.0997065761222418,1.1004216068607766,1.131011192210848,1.1334508164488184,1.1584729132727896,1.0655399805582062,1.1665542515797915,1.1714812273897337,1.1251876835372707
1541,1.1045041749929259,1.1536205267376913,1.114238155168551,1.1648942087205434,1.0932897716835779,1.0811512977999664,1.1145211557325208,1.0868097829647674,1.1301034013146645
1542,1.1030134090928947,1.0781557738692993,1.1030366975323997,1.133630832730734,1.1028422994111653,2.1043615396942603,1.1074253652421282,1.1224745350189473,1.066509286996828
1543,1.1071831397441672,1.0737610336056673,1.1436473384448524,1.0901026330546715,1.1031724918277426,1.1166470538822029,1.1011732641114822,1.1024670482733512,1.0870191288189857
1544,1.1081368890230863,1.248103295095469,1.1098309594096556,1.1208050072371591,1.2069390155260422,1.0599345386405816,1.095195460537107,1.0599627444499493,1.0904304075490059
1545,1.0934007189462294,1.0374856981281673,1.1173690668531433,1.134822012600571,1.098925197266866,1.0641612863221321,1.1157392795242598,1.0817257268479301,1.0667000352083285
1546,1.099803404973476,1.5513351892572436,1.1317870008573938,1.116720848375786,1.0946805318145623,1.1002836732473318,1.1074051489140058,1.0675088910259651,1.1582851888820644
1547,1.1116944861444777,1.1490803490601458,1.5674945031434753,1.1495080668400282,1.1089250727409097,1.083499008330671,1.1004265918756468,1.170934283490298,1.1045735762740656
1548,1.0983140122544286,1.1104007905236184,1.105002991319162,1.070629892637395,1.165146357850186,1.0793400632383663,1.1145294252224924,1.098176031753387,1.0721199674855377
1549,1.0902225438682673,1.0192941650265506,1.1048837156850533,1.1193969457022757,1.0972005207324627,1.1042216540884453,1.180087780331539,1.1131076108597946,1.071561522957834
1550,1.1002488057967021,1.117599931164765,1.0795751842552215,1.1216125231818157,1.0844426425074642,1.079104511409913,1.1227375689025025,1.0508307664605483,1.0822830870818108
1551,1.1117370271730256,1.1427415954302906,1.1131490661324128,1.1038142570536693,1.0994657977395692,1.088801681254783,1.1125546676912983,1.089638486221004,1.116188248969087
1552,1.0922718406811434,1.2513589485141823,1.1161995707616161,1.0959746218777955,1.1471829351452105,1.0580817210640971,1.1453189811868196,1.141531581239557,1.150211501893889
1553,1.1067332390825777,1.1342370048579624,1.0735902038968783,1.0955654345995967,1.1141107798430112,1.1011352900656777,1.0750028059247672,1.1228100488090975,1.136741446068223
1554,1.105897051202923,1.1282128169342838,1.105825589892556,1.1486797682668985,1.1253039243468514,1.0850390961198961,1.068909674447493,1.232313572225443,1.0956930681066162
1555,1.1092732400721956,1.2136685015227324,1.1032819763097295,1.132730106966111,1.217707385869925,1.0707251900551535,1.0895494439274018,1.1177347280791181,1.1029870003876139
1556,1.0946211830618728,1.1255786374201786,1.1523786238251525,1.0920726328923038,1.2014569149144687,1.0925792729221169,1.0855925952788892,1.0799953876895327,1.1090101801847898
1557,1.0913666787902194,0.9672508481529077,1.1204863812089734,1.102336609745898,1.1105190886847032,1.0848641129222794,1.107423363917094,1.0867378628222313,1.0795422842175657
1558,1.0993610970182583,1.1315288906170655,1.09517946362029,1.0976860319029327,1.102946554055297,1.080587364721626,1.0661650705767032,1.1146678634157385,1.0607996301685698
1559,1.0951684984023762,0.9959511611194214,1.0982422638817622,1.127564556487486,1.1110581108145257,1.1817174260852303,1.0823945298825464,1.0606352788817888,1.1074211482296437
1560,1.0997907300793592,1.1063480672395525,1.0892136187092556,1.144331229344003,1.1641354975355505,1.0620563800509235,1.1316161160706544,1.1249007833986742,1.1271054048194356
1561,1.1044162058914908,0.9619412753398207,1.082393711757875,1.1082894460773713,1.1168918687299039,1.1009947901837962,1.0865017509473913,1.0716028734761007,1.0842413683656165
1562,1.0994472362510248,1.2945412361417374,1.114365868377532,1.0885754947087398,1.0855730954361542,1.0808121563636046,1.119241190533597,1.0583539349064863,1.0859875520712585
1563,1.0963851966312275,1.3053835923370964,1.1066820254349101,1.086076847337976,1.072904517031416,1.0709435332110804,1.1997765206969686,1.047097037908042,1.0736891199480838
1564,1.101516554964598,1.126681704412542,1.1376507213307951,1.1341831588258582,1.1434361129862267,1.1141419039690117,1.1434633265940364,1.0937902400556974,1.0927777135141732
1565,1.104609740043187,1.1447342803760798,1.1791488971850688,1.0922850968557531,1.2185948308992975,1.1134660578649365,1.1114932278184038,1.0600066629358869,1.0626110572339227
1566,1.1162519825549682,1.0044920547667804,1.0781772601206328,1.2022670856429079,1.1169343004793484,1.075595416835344,1.0755883016829322,1.0974973277144955,1.0770535985236624
1567,1.0944435706624909,1.1622093848647062,1.1336254400964125,1.1006068213581337,1.0919971454045745,1.1593194515874834,1.120154473317685,1.1094990522318482,1.1041400247691473
1568,1.095978936839572,1.2715505758646,1.1160206335708014,1.1599889946336341,1.1785266691615182,1.069990436089114,1.1127526887833823,1.0756030779425734,1.1139264572973726
1569,1.0996285748973984,1.0547256577080133,1.1350078421913805,1.1754854878304908,1.1105173021909402,1.075592943384691,1.100520075841957,1.1027090165642195,1.1482471742090068
1570,1.0931711749803454,1.1245542461812643,1.0713982537947235,1.143592993331927,1.079691311312482,1.0996254029995833,1.0444153969526309,1.0305880807115908,1.101022997518393
1571,1.1090844066878136,0.9975908561248925,1.0818221694413752,1.0744602305983935,1.1217054313436357,1.147445731365685,1.0993465866596484,1.0634803101942913,1.1119477933901687
1572,1.1064797357440566,1.3570152557453492,1.137884858672307,1.1223375934465984,1.100479139699504,1.0858358253825875,1.0579457602627207,1.0850147903868836,1.1057449017846408
1573,1.105126541485891,1.1946199849893573,1.111574556915604,1.1748913161445156,1.1000110060872093,1.058619642847201,1.0403841921921098,1.103116676272915,1.1190602116930348
1574,1.1094561055783758,1.2656071268515834,1.2241024014119484,1.1530324569847472,1.125588664331657,1.1404515496816872,1.0852796278796972,1.121691349836411,1.1494480682874604
1575,1.1039098546077242,1.1669128466583967,1.08207429949319,1.1272350953994184,1.1090869202054803,1.042209899867569,1.0763501310444876,1.1097496729933656,1.0868140663902728
1576,1.1058792986399497,1.0765837808577488,1.0751972275360857,1.1573621261338096,1.1322005343807633,1.1188816113435813,1.1000732982332027,1.1783498487246995,1.0943202044801872
1577,1.0963387223035426,1.141961396764827,1.0975374437498855,1.096785326939303,1.1492129594490055,1.1168285782226381,1.1202797243416618,1.1303363627977885,1.2633157294032296
1578,1.099504749511127,1.1675708571915198,1.1719584703639165,1.1373291394079676,1.119172676811989,1.112060080064389,1.093205011961043,1.0895337821014621,1.0977075382706836
1579,1.108019608822517,1.078552490145586,1.2282116498498534,1.1267573302274216,1.089032317475783,1.0546356746497354,1.115617385355549,1.089289390769483,1.1036491073200898
1580,1.1066513170097698,1.0529951045853245,1.1046945513477062,1.1123573652353653,1.1405253713025263,1.0608559940577793,1.095321778058866,1.114155854693828,1.0953457269352593
1581,1.116293993753092,1.141115530458903,1.173997378674165,1.1372723666251168,1.1541179506525254,1.0701585165292211,1.0635018421120124,1.077815875972556,1.0888151776774129
1582,1.106537018058057,0.946393017060573,1.089434477928693,1.155072731059664,1.1981328850270077,1.113944361410452,1.1430209054678269,1.0893329741230882,1.076092537192998
1583,1.1004471492415813,1.02900506400042,1.170877869164189,1.1617698432143386,1.1030077117672525,1.1965057796432232,1.1397455281811977,1.0713815469665455,1.112349194077994
1584,1.097662838347123,1.0713951334251453,1.1300089302238319,1.1345103143654542,1.161183595549966,1.0548874344072163,1.1125034632389164,1.0717434871286664,1.111980080184051
1585,1.1158163168106645,1.116512398939122,1.0829702681513456,1.118431370160644,1.1464357495634567,1.0319869719537147,1.128656695354524,1.0705832441702097,1.0943684498062933
1586,1.095080726423814,1.0392114030185493,1.111049267519541,1.1119449752202182,1.108067057804632,1.0976448911034746,1.082650127499257,1.0981172812137625,1.137211777703045
1587,1.1056110757699595,1.0853936476374124,1.141389965509035,1.1224549329041322,1.1025731932659533,1.0833047134159721,1.1017954287433243,1.0604294662160665,1.070387002533551
1588,1.1131380075314858,1.3615599930675724,1.0943450639294243,1.1490260626036417,1.1048745126051043,1.0635889016622169,1.074176399271047,1.0948450585713496,1.087201610722336
1589,1.0976123567067697,1.1903064804557144,1.129813859270166,1.1050968912909909,1.1515035389580373,1.3144259338986104,1.1147339633544529,1.0834011215179344,1.0537532255773725
1590,1.1013007915727244,1.0085786093490514,1.095146919891758,1.1149515650912136,1.0771340077326315,1.0689451396487422,1.0940778138463292,1.050976855723829,1.2237611987129322
1591,1.1137267393617314,1.1810438915859744,1.1199034941485064,1.103440210649736,1.1272615715024046,1.0866860797991604,1.0688070882241865,1.120447173067052,1.1361516912360956
1592,1.0953980804578014,1.2790618134584848,1.1164566875066066,1.1010603633962,1.1265996790685169,1.1272514692994673,1.1306233346527996,1.0854871722470085,1.0724867140677354
1593,1.1127581296759839,1.484701778371257,1.1396525226085035,1.1402637141220853,1.1674517016462322,1.155801560002999,1.1090848626970777,1.0602829925782307,1.0428865389113071
1594,1.0935031370566113,1.0606885874683518,1.1067452907139315,1.200522558256541,1.130092597981542,1.0611878423062024,1.1210019856945619,1.1634975695087628,1.1137649807851544
1595,1.1028944898192776,1.129604039411422,1.0805893930762696,1.1161729423089648,1.1330224000568418,1.1127494558603075,1.1362979569673446,1.1028804560080663,1.0926541696188612
1596,1.0873235035218465,1.0696926116098173,1.1155103272779643,1.158791847816227,1.1416517590651285,1.125979179008262,1.1609507705401603,1.1501592017685451,1.078525215340192
1597,1.0929829003238238,1.1668194889316859,1.101221805117239,1.202262018873189,1.1569382107325965,1.067166563198303,1.0587481225618602,1.0828070792485311,1.1036153320604032
1598,1.0967944201282576,1.0830334448145529,1.1119993638552932,1.1123487680813624,1.124323119180114,1.1347405096102692,1.1185301692858154,1.063479055336563,1.098890800330818
1599,1.1140637021341593,1.072267333616623,1.0821463131120692,1.1445756068572834,1.104355071989872,1.142166680403931,1.1524430115194753,1.0917965173557855,1.0830737013031544
1600,1.1029305213256044,0.9946957575967347,1.1445471863273562,1.1899641508713545,1.1157544366904104,1.0870334735081448,1.0715410564024077,1.1414471931241053,1.04963656241735
1601,1.0888764321436943,1.0670247224688327,1.1358535472676425,1.1282877379200196,1.1967522381376647,1.0946363312129521,1.0801012032606991,1.0708332676426648,1.0813959585503383
1602,1.1022754121542133,1.0275833496134719,1.2209356295125844,1.1229359536135037,1.1317207472830386,1.1237263145587053,1.0811593914676625,1.068468897205946,1.1007309243266328
1603,1.1146633360566784,0.9959457126413321,1.110724425865886,1.2590379548060275,1.0925958603232302,1.124290239923598,1.0618611012111105,1.05747083821773,1.1475286101693472
1604,1.1051181977568891,1.0906650816190138,1.120728641431477,1.0975071179861218,1.1025771636555313,1.1164172564564658,1.1300501219786534,1.0862106401616776,1.1169349254245116
1605,1.1193343593727356,0.9715649977297058,1.0732619979329698,1.139513742705366,1.1479165463876522,1.1002483255459243,1.0850767535629322,1.1348617752008006,1.0926080638079556
1606,1.1029592419792573,1.0876184666868611,1.3463272121988674,1.1234824684893232,1.1217758405232772,1.0952165737858044,1.0903331012245516,1.1143280801185658,1.1312643082057952
1607,1.1002985517990176,0.9505603221509522,1.087798527387214,1.1290532285118113,1.0588692481034294,1.0865162165093845,1.1134837115390805,1.1237158398064815,1.1457412325726353
1608,1.0922216083355112,1.0575717829911366,1.088274916398403,1.126784277474566,1.1059628826146397,1.124881933080045,1.08435357776009,1.085141695440787,1.0722680561938456
1609,1.0914784574515957,1.1323563578816023,1.0918738657026663,1.1407630641866722,1.126272505949885,1.0972461297127238,1.1120294863834452,1.1395829400075772,1.103855383915013
1610,1.1098257741230668,1.3099206549461708,1.1392617225692783,1.1825124680062515,1.1579758467635266,1.1029800477605243,1.0831081904445412,1.112616966250456,1.094835246296335
1611,1.1041061404488433,0.9845450311083132,1.115331127532337,1.0782528855343914,1.116709669356479,1.112709574587592,1.0788680010618954,1.0695911368876598,1.1399770604726644
1612,1.1086719927782667,0.9960940310547699,1.1051459582990364,1.1407424332658214,1.142540247136808,1.1118877673006544,1.047186135029379,1.059689090601857,1.0941946364258794
1613,1.1061544085356028,1.0620870209554798,1.0557340925334728,1.1544810294420986,1.1463826281888279,1.1785915267910927,1.0864572964635173,1.0601540820993356,1.0942422878489115
1614,1.0962352961096962,1.1718126890156944,1.0702562052219728,1.0910548455042794,1.1521510306669822,1.0909827591856616,1.1202123771731358,1.1060955050282613,1.0825304458641287
1615,1.1003960816450113,3.763383525624745,1.1363237485908348,1.1870255459682213,1.0926559934298616,1.0615355137471048,1.0671663047369784,1.1025363510334052,1.0951415906979807
1616,1.1111837167177114,1.0923061272732202,1.1012731325824014,1.1300222380093203,1.1062266531277491,1.1092986213255247,1.118469080378544,1.1121846835275744,1.0974378350495124
1617,1.088496275199793,1.0997971538973212,1.075139562354185,1.0833911413603314,1.0967149445561406,1.0716890243712303,1.108884241123156,1.0649308383040748,1.054774890328321
1618,1.1010877326316653,1.054111121465077,1.1418881567088899,1.1328842478800298,1.0979350236677021,1.075697387826651,1.1197382536756852,1.116357767889229,1.1224691011122154
1619,1.0981576827299155,1.319961850103387,1.0804989195072199,1.087190590146572,1.1140925383047213,1.1056806274569433,1.1007054626903436,1.089052067450279,1.1052989299219778
1620,1.0940725431940954,0.9904792213275104,1.1162218651290143,1.1540601269707578,1.1176072038798068,1.1577042808844686,1.1047345527039654,1.0615291848315438,1.1114414721058523
1621,1.1064914058924329,1.119687717936951,1.106796623849781,1.139066537831448,1.0725756504486503,1.0830022006771427,1.0880820260048276,1.041761810616577,1.11551080207987
1622,1.0928378492070052,1.048982340263703,1.2705871491855363,1.1062904451099123,1.1129727195382575,1.1934434502358855,1.0859587530933141,1.0931020421308977,1.1011132925332525
1623,1.1057629897346037,1.0120653277351395,1.1703623125823601,1.1385319605340216,1.1487175402093823,1.1227689290273122,1.0637927991218075,1.0718941805893816,1.0861130712379286
1624,1.1017297097009717,1.1049620817087689,1.0970328905355173,1.127713146133193,1.0743672936879833,1.1470857620101627,1.0824308667242466,1.0843607369480603,1.135514350816962
1625,1.10202257108394,0.9766704034154547,1.1123754530316896,1.1276329059136647,1.1112995455985684,1.2064586773812749,1.2171017352422273,1.0565725958611583,1.076559805784037
1626,1.1054056091581401,1.0803172457208714,1.1836451993158077,1.1226791286980382,1.1228190520048493,1.0617066821307917,1.1251002406718407,1.394816352911854,1.1082143584855384
1627,1.105045133552298,1.1784935575970314,1.1078157278352427,1.078895477506964,1.121686663325918,1.1272627965751207,1.081533546495654,1.0715549178049941,1.10313621822907
1628,1.1097310027411498,1.1340884441505183,1.118844915313693,1.1346472256604563,1.0960984071982798,1.1254675616300052,1.0942941220459397,1.0894788188617155,1.1387835177452732
1629,1.101606455359557,1.13755916535665,1.1173334899550809,1.1079059437034482,1.1221824241665652,1.0574464651389626,1.1129328002030203,1.0814401917157876,1.1390187085912027
1630,1.0914718927006617,1.1777076391312886,1.170763824087188,1.1332548762830543,1.106165337095521,1.074810306787146,1.1021915929243857,1.087966870349942,1.143233563391819
1631,1.09848271372077,1.0835835739295114,1.1032393801191225,1.2203242950319686,1.1551429842866878,1.085852396481332,1.0933425084961228,1.1327606053975061,1.0863330332293633
1632,1.1047448751234905,1.0517758335281269,1.1615981342717732,1.152901377623295,1.1194116665127765,1.1122465926461325,1.1043855635405289,1.0767457709649941,1.0639188599090974
1633,1.089387334909284,1.1705935613931238,1.1075440057886947,1.7219269835308546,1.0976075866405839,1.103254147067057,1.1390643288422866,1.0811137702456324,1.0911339767225299
1634,1.0953576422351499,1.1521613037430138,1.1546069953426363,1.1309128422904937,1.088356730129467,1.1159784912926616,1.137839531665569,1.1320943294883976,1.1627748214401026
1635,1.1098062403141198,0.9334752545452598,1.125558904595873,1.057608027718511,1.100706619344119,1.0869753214978184,1.107191496845527,1.0870269391527798,1.0612689720338895
1636,1.1127823219620299,1.4288435739507894,1.1765182144625488,1.1059561200227388,1.1165412490581075,1.109012339573588,1.0661270885334087,1.103277312656116,1.0933559300463098
1637,1.1000850341941375,1.1544006116807304,1.118172537795497,1.105291288928015,1.0919820689430892,1.1118581663761642,1.0992103189359999,1.0815883563308988,1.1257010763887034
1638,1.0975186455412373,1.0981156584358447,1.1370040423185424,1.1114874464583049,1.0898560912717261,1.0622820795008219,1.1176535906577307,1.074441136302326,1.0834735000661726
1639,1.0837494246769426,1.0254753932058605,1.0873680785480846,1.1060663013368295,1.0737444916713705,1.0382283103903547,1.1338565311439224,1.1002487198851434,1.1259006062126826
1640,1.1127130999451955,1.1451750257047044,1.2044173577964603,1.1217667514042151,1.1222289899228794,1.111894518764787,1.113717789743376,1.1047334361643735,1.077146519283373
1641,1.1197813352453796,1.1062802647472927,1.1204673247342711,1.1371957466715215,1.1406838173423142,1.1311393155225768,1.110431279134407,1.0944207447517702,1.1135282645805793
1642,1.0943096004762165,1.1416429082511197,1.103300656830373,1.102501694106308,1.075761224504947,1.1176286785716283,1.1383215737297026,1.1203114979357138,1.0867761990057077
1643,1.1064705904024785,1.814063900126249,1.135565669951782,1.1774595793068228,1.1328582316132687,1.0906130183443323,1.1636842305928696,1.1172581672983406,1.1178689732458094
1644,1.0930983399006127,1.145162206542167,1.1157840893142317,1.1567955211513123,1.1202849519053988,1.106616280348108,1.071694544799453,1.1169782726456252,1.0715221748258725
1645,1.1087903628717117,1.2743394852381362,1.1153827661148752,1.1258785245665026,1.1483305190943487,1.1587847729121235,1.0826099432935499,1.1223474303627248,1.080502516298834
1646,1.100068516987777,1.040423073548124,1.1158747292617357,1.106332389564738,1.1244323476319662,1.0900549743483734,1.0974499861007623,1.1049836851899446,1.0839000919525705
1647,1.1025739449473173,1.098134783285338,1.1635069048441178,1.0956709360776766,1.0935543197580364,1.0980427302426135,1.0556578324563723,1.0701440780124225,1.0968688315971564
1648,1.1077361915269257,1.302934333577361,1.117136602159472,1.1326452606885575,1.1139685176616552,1.0505950862284554,1.1037383494446849,1.2557243869933863,1.1035802797310068
1649,1.1185773332827802,1.2811748594596075,1.0764613909955212,1.1213161200775679,1.1214499664027044,1.1007004492308101,1.0669044583204415,1.1015115855949902,1.1235178910046548
1650,1.109348914908388,0.9870598629571796,1.0932688226239387,1.1159088706938127,1.064303094845019,1.1179926922254813,1.1158501267543344,1.1344232005833594,1.0705046178872923
1651,1.1035657285027105,1.1162863718663008,1.1927435898104946,1.138411665759945,1.1279490506420335,1.8901427433313125,1.1158300871565352,1.078285638796902,1.1792091673035376
1652,1.1002967425691779,0.9951814080380371,1.104010023365646,1.1224372318651032,1.112507431853574,1.0582614734735611,1.0829694356441446,1.0701188381753848,1.06731737846207
1653,1.1085949759043083,1.0459723039893531,1.1299572443689723,1.0936323131247556,1.1349670698181136,1.1837132427716723,1.1832561713599337,1.095159770353539,1.1001032238858068
1654,1.1159318516529795,0.9973902628537189,1.0791227490845834,1.166263459499187,1.1247736326725826,1.0915092077723096,1.0787545928403526,1.0898013269252182,1.1245809412954113
1655,1.1075536116785962,1.4752489822802675,1.0778614201733827,1.1166498410403536,1.058559639707862,1.1859038667824906,1.0763893268592222,1.0641432890284082,1.0936930655904484
1656,1.1056908384510016,1.1459798630541134,1.1213280134146073,1.1237786289850502,1.1346051828183636,1.051905854516131,1.0867243897164942,1.0899471993082537,1.1490316316279419
1657,1.0916734438519287,1.077211348799251,1.0843454125177778,1.0845377644964616,1.088547196430972,1.1312088636385116,1.0986829125886135,1.1047217139700265,1.065234061958959
1658,1.0966931266423852,1.1732794124607058,1.1494062300015684,1.1077367512675789,1.0952100177636688,1.0826644218497221,1.1002899793834757,1.1309389840068624,1.1292184514502552
1659,1.0947034934629765,1.0868102423805373,1.1177653839114357,1.0843294920930853,1.1505581618505378,1.0595781682503704,1.1225658691944231,1.1296639871042289,1.1038521001367163
1660,1.0992723799047812,0.9967415891815228,1.1344845840269848,1.157291956298691,1.1290814505877822,1.1097610295629712,1.0799072098843379,1.1036626877426121,1.1155169675309835
1661,1.1016225626283755,1.0174417226960826,1.228863709386933,1.1223607824745678,1.101737537397591,1.1197428385498778,1.1071949013766311,1.101230858404915,1.0923134847943459
1662,1.103314665288694,1.1399358710327874,1.1305169557219041,1.1323740522343748,1.1016827703052539,1.0881870046315114,1.1132062020034232,1.0895361119029605,1.1330319410671648
1663,1.0982679927094676,1.0443077823889801,1.14006805353225,1.2506078557365954,1.0955636361664183,1.1098796694997348,1.0552820190926426,1.0683754799291283,1.1218043312146784
1664,1.1030815611387939,1.070173527120531,1.187814852679067,1.1282319968115693,1.1331319804644293,1.1081054778699602,1.8141683668103914,1.1058400221907823,1.1116331799756238
1665,1.1023523870349285,1.143340600170927,1.129735539737215,1.1043875928580633,1.1526374437593896,1.0863233567101407,1.1131016207060158,1.1326370227387244,1.1044249760886706
1666,1.0954846424096787,1.1134114466098242,1.1975755757840922,1.1633543330279015,1.1112950485250395,1.0665078726822452,1.0982391435468495,1.108786856024682,1.0894272243559284
1667,1.100198846651881,1.0683108700859352,1.1523068208239258,1.0945839408465263,1.0785381750463625,1.1087536159947051,1.1499342096657907,1.0719973827222593,1.1156564830692073
1668,1.1207976670308168,1.0658766779132043,1.0908162919745583,1.1244091221775887,1.1438939394124712,1.051444834284981,1.0819027615626706,1.1306197008401093,1.1906391379002665
1669,1.1084683820898966,1.1385891199638747,1.0827478974536484,1.0885625702009674,1.0897794651930917,1.138311220388428,1.0943290538222619,1.0475924708024722,1.1532897571792453
1670,1.1005054860159054,1.8674733020322365,1.088881954925722,1.1141372888543268,1.1921969773620582,1.1236704592048692,1.079910368507348,1.057604896655862,1.1338157666076596
1671,1.1021940913080484,1.786233000817282,1.071569661090121,1.1427575148290017,1.1366436031253604,1.1866531571802523,1.0765327592062293,1.1198790388900508,1.0677785911906272
1672,1.1026317967594175,1.1768484980212732,1.099515780802051,1.1720400144178758,1.084744506793639,1.0957090206446907,1.176105309005604,1.0800503365537801,1.0967101430266366
1673,1.099197104848156,1.2338570936103226,1.0946676277840341,1.1176585244027097,1.1192129049700388,1.0878449073237688,1.1015661410598223,1.1185775958249877,1.1349915946166595
1674,1.107272743976286,1.0184983140094281,1.0826951803171823,1.1352722177998722,1.1492887713474527,1.0912213587619555,1.0968456177237897,1.0714258057667154,1.1582479661947813
1675,1.1174908530726015,1.141299907798398,1.1348869908129426,1.10189026519123,1.1020835345939606,1.0718097499993249,1.1112387010416758,1.1289436709927596,1.0497267921882865
1676,1.104581282075696,0.9532435052888534,1.1109694784214177,1.1367075371493338,1.0822818229329514,1.1301194499989409,1.1111885789326068,1.0960446515260223,1.1283126830198973
1677,1.1091742607266535,1.1539325683217665,1.1782388771364747,1.1134006920918156,1.1016611931275393,1.0742854010853173,1.1170898472872206,1.0669913522699532,1.1504946382302026
1678,1.1064708791248556,1.1226021355555484,1.0851659391923574,1.123952647090003,1.140833160122561,1.0923657959568935,1.0735754514420617,1.1916037646814808,1.132521542874835
1679,1.1071812334022548,1.0954467409240314,1.1081367229166392,1.1211846558486709,1.1082849347654826,1.0619345894436791,1.0580307505232236,1.077118555129797,1.084990340799594
1680,1.09768577630147,1.1602628618924131,1.1113734595042186,1.072405925873076,1.1270384439614434,1.0805262669128888,1.0954981252843867,1.0752579139914618,1.1980612893051574
1681,1.1008737641676392,0.9757658759589986,1.2307985468341018,1.1134256330601708,1.0817800920797263,1.1020496212248971,1.0964265107665923,1.0867149592383352,1.1326501905266284
1682,1.1089595242744867,1.0868417073876893,1.104549545811105,1.1496860980054384,1.1479596105082162,1.0768432695866959,1.1045472719594362,1.0785045744841804,1.1797691468086262
1683,1.0906030577604777,1.255154059718842,1.095098999281762,1.1234045052222552,1.091151572204609,1.1059566624458483,1.083609787048181,1.1495276461050752,1.1045564314202705
1684,1.0968574287396045,0.9539782755727276,1.1518482718486256,1.1025390603503282,1.1132732334631545,1.0295955771765752,1.0820812888591034,1.0587197106099315,1.073596650317801
1685,1.0985313249848998,1.0928873677542912,1.1145552556343465,1.107826885635773,1.1473550490056803,1.1388955176961386,1.10026162229989,1.0807930613722803,1.1168808778722141
1686,1.1007238645267057,1.0817150397258877,1.0999862261729405,1.0889023471099575,1.1926220556861877,1.0991498990122501,1.0735508921003956,1.0912537709589387,1.1008993799388611
1687,1.0999986022839798,1.0142515365067242,1.1711080505289728,1.1817628305873606,1.1023788379888861,1.0886379308640042,1.086843197925687,1.1162310612669368,1.1361911530381328
1688,1.0995972064360884,1.2397440272766587,1.0977462657727832,1.1366421427926228,1.104377110742256,1.1167562373030753,1.0610530631043356,1.1691415780983618,1.05068681239555
1689,1.114342859499421,1.0043014563553643,1.1054002691635125,1.1006828816511243,1.1460022240259602,1.0997514698796806,1.1154106981246323,1.1013679953719715,1.123804354977335
1690,1.088953051643663,1.0752288751958698,1.0874329813538235,1.1219365401009649,1.1078272652246435,1.1044231478481386,1.1426465030504878,1.0985311962707078,1.165296353065286
1691,1.1013947943750104,1.0950347674603744,1.10838847016968,1.1597154563609073,1.0888663546467159,1.072628477393587,1.1118650750761274,1.083276190899738,1.123179453324337
1692,1.103423239010925,1.2206250620994379,1.1638057922631042,1.1276005168808039,1.1218424469348394,1.0616352738160426,1.0866578124114326,1.1205928918961294,1.1439443936622984
1693,1.1047466191041262,0.9972418816668187,1.1567805660125774,1.1028143305755187,1.1293446981166289,1.1140546097567963,1.0852274913737403,1.1294871221315648,1.0897646556697658
1694,1.094268544776939,1.1273887666058295,1.1473200461407829,1.1001847002940128,1.0921657026286025,1.085057160313853,1.2801881845923442,1.092678400784871,1.0927412985051823
1695,1.087447436821146,1.1637175047189228,1.157718516771977,1.116273271885719,1.091271487368212,1.1218035020720432,1.0965519886089663,1.0817829208869194,1.0839287323828937
1696,1.1004863062086545,1.2900185898845375,1.111023997956418,1.120162125698944,1.1020912028131034,1.0811732820113076,1.0939835813777783,1.0758540878038028,1.091259421088017
1697,1.1066648177755467,1.141722169511526,1.1203298677853941,1.1040183924753117,1.0750571815669392,1.0720740233350812,1.1092386065492756,1.0583344617604096,1.0979421400244436
1698,1.099695459561996,1.0803227565755626,1.0881395292300926,1.136561795102231,1.1952558828164235,1.0773969215456964,1.1403312259480531,1.1189289379195555,1.0863572105906885
1699,1.1150166394786019,1.085280588881328,1.1409062541868613,1.1078524630322137,1.1067361472155883,1.0780433819217825,1.1278643536358532,1.0918999117235841,1.0852557689188347
1700,1.1180657777183474,1.3555000901754688,1.0833351659419381,1.0838908185275893,1.1472666607741124,1.0696007158788503,1.080561997868804,1.1179581047822706,1.0516444316137028
1701,1.1097889390960094,1.2156682779817816,1.1025285554843103,1.1097558166817811,1.134703678047678,1.083104774996578,1.123510050314645,1.1028988697104396,1.1124819071619747
1702,1.095756752029882,1.061140360966361,1.083773691468386,1.115034313448402,1.1281301224405862,1.1688925850097136,1.0600301721682153,1.0776437498890947,1.13652570862376
1703,1.1026349317002906,0.9982525028448381,1.0972470484190493,1.0783213711773387,1.1063277893816392,1.1084944202669875,1.0876169537863027,1.115381163495623,1.0583103082818286
1704,1.097795158281556,1.153132142494417,1.149862010068993,1.1994955035443933,1.1268967787135675,1.0751201160245747,1.055486783470141,1.1056789954959083,1.0990349354553286
1705,1.1127833851001612,1.1767170229559112,1.0748818270713838,1.1287712536231584,1.1195886291895685,1.1043716666492338,1.1162980593412617,1.1169292588887612,1.1182234017892014
1706,1.1015722680665527,1.188049971255024,1.14364425223205,1.122655101820394,1.1166740950643126,1.0971315891388969,1.0985932339256237,1.0698249535957494,1.1014747148171016
1707,1.0965864938541612,1.0698309155135075,1.166574081686726,1.1220833246546347,1.0931917573092071,1.0501720306295945,1.1098766728219536,1.0784205074352906,1.0738016164462711
1708,1.1026645802056978,1.1089946573830607,1.0859698152820147,1.154282565002635,1.1121480364050156,1.0925222308586953,1.1052990871103587,1.0976791781510113,1.069871280356864
1709,1.0969870302489955,1.0714776886860988,1.1940569924189335,1.1771849282602798,1.0899593745132352,1.094658875891135,1.0807645706657385,1.1231277339007735,1.0997421689208309
1710,1.1123234453957853,1.0986191682314534,1.093369654854496,1.139549528270276,1.1400588334917154,1.0897369337167035,1.1194920507907709,1.1536091580280496,1.1311020976619404
1711,1.0927396716168367,1.085745577834793,1.1152089131867424,1.1308965366327715,1.1131666266185876,1.0374913858919061,1.1038708945285443,1.0492435026893498,1.0728893295971562
1712,1.1033591318828977,1.1359669238981684,1.1315680893251687,1.0794800826134685,1.0960109630405905,1.0966689932588596,1.132514758579935,1.0723952312572775,1.055460551350728
1713,1.1015919638201805,1.0465232137077063,1.1075928219862525,1.084159366450774,1.0826827676120199,1.1625733877569453,1.0737849461850852,1.0898789263519277,1.1293221929792738
1714,1.1040238767073534,1.062585010412825,1.0989908272249125,1.1933311214349647,1.1371112379100572,1.0717594874916212,1.1349105024513386,1.1096258247143937,1.0934911488505201
1715,1.1078020652488885,1.2308378593415101,1.067153717689558,1.1587599651805633,1.1626822399018346,1.058380418195015,1.070519286114524,1.1030423061310384,1.1104443968410997
1716,1.1104227823208594,1.046919807075848,1.1386571855466787,1.1183544308312483,1.0996352309586248,1.0846306343555785,1.0583742868824513,1.1332275647664913,1.107348609290263
1717,1.1035871816988119,1.0739610412490153,1.114939566132656,1.1443595080865931,1.093931459696243,1.1049735156368372,1.0979451180979496,1.0752742167889124,1.0993336990710065
1718,1.0974401820945905,1.1753519301492108,1.1233166889488848,1.1188189046368548,1.0913969018287446,1.076753823961226,1.1434116512430865,1.0941397544463114,1.0779136904311475
1719,1.0933925388729409,1.1592740715012626,1.0715826438185354,1.1560103035983014,1.106383237643245,1.1185994528977372,1.1051776216102345,1.0829692842581569,1.0963686025697659
1720,1.0874529559338306,1.0321560357622483,1.1253841585021505,1.1092397023076785,1.1077881165442647,1.10016801779,1.0723522924050675,1.0666167782087859,1.0892833286657795
1721,1.0984568381392665,1.188268949348291,1.1149385024750749,1.1124138349113784,1.1362293054434434,1.109144686751424,1.0733595333126098,1.0856839977265078,1.0503161892447102
1722,1.1062962778973233,1.080266748234613,1.079461135361415,1.0870659630970252,1.0639386861351823,1.099903278186476,1.101761753870763,1.1129247651265672,1.0848562375939304
1723,1.1176516427099896,1.0103549758167178,1.1166326334281202,1.0688119824729692,1.0909518816538282,1.0656904946423391,1.070753528441212,1.0669394277657471,1.1468502542166787
1724,1.1101188027357147,1.0403848092762773,1.1065566511032834,1.0929390859848986,1.166382133957772,1.0487033737362104,1.102182836851819,1.121171491181938,1.1142328495870792
1725,1.1068727619433913,1.0888172271394412,1.0957278108187998,1.1459990011867727,1.1434419313654172,1.0826211542478448,1.0907175111367386,1.0742984755925071,1.0660026709998784
1726,1.1074320268085087,1.1479836847223022,1.1299462269738039,1.0955470262947342,1.1096197449497105,1.0758105200648471,1.0912357489231586,1.1420783197295326,1.071696176585063
1727,1.099468548467169,1.039883726277528,1.1052977408354223,1.1171114352396183,1.1122082091421985,1.045207695628308,1.1239721507968867,1.1049016556863536,1.1281210027553437
1728,1.1116423743225365,1.1964649330912396,1.1175445628463387,1.1099995024529643,1.1214610539228564,1.0900660342312463,1.140790459167381,1.0843456179556672,1.0628499401555538
1729,1.1068469041258215,0.9909426199784932,1.1493969987370212,1.1070302904653566,1.128917919848265,1.0772006357724058,1.0480766770589585,1.113197337757259,1.0836869271017289
1730,1.0981850310688508,1.0001622727835617,1.0885817788065413,1.123094609016746,1.1189613656329658,1.0994719101687869,1.1080005244705005,1.0616753740501397,1.0859694104474886
1731,1.1003701832965274,1.0204491269848819,1.0897488828335993,1.1195926098666769,1.1241310292934172,1.070583854980433,1.1617128650433002,1.0977830201812646,1.0821619985642466
1732,1.1053644427423035,1.008072980731465,1.0961262554382727,1.1373103977952106,1.1014555915010453,1.154586617615215,1.0652476240014157,1.0606136946673117,1.086336087686008
1733,1.0851015854565955,1.0546414830671533,1.066308371882505,1.1264063711620047,1.123376730411888,1.0760165138002393,1.1111580668582173,1.0707180335650233,1.0991391708997602
1734,1.1006343078031329,1.0643849237865566,1.1181876205295667,1.1393847425849049,1.2023431904234647,1.0747046574047563,1.0809960348688765,1.0834269404129253,1.1033665716961079
1735,1.117304302102411,0.9703812353010437,1.105486447708609,1.1386005469836449,1.1096255770413639,1.0679343477678507,1.0907722992416886,1.095354694239165,1.0940499522460543
1736,1.1150913551328603,1.0717254310295188,1.0865797321305353,1.1718819292394904,1.1045266057488088,1.075470281963713,1.1518466131716498,1.07756081837701,1.1117221632548735
1737,1.1020224486727306,1.0795616983734377,1.1070424295554657,1.1216397032796253,1.118656116281662,1.1103750294279442,1.0940686056891298,1.0913356301894825,1.1164369403728671
1738,1.0911751513431958,1.1860765347787607,1.1320288851207907,1.088113702721102,1.1236553545640235,1.1150065672108236,1.0886280198739735,1.0883575753616903,1.0995537526722317
1739,1.0864062365943656,1.063461815063207,1.1644580866409986,1.1030979825468064,1.1637694553130806,1.0485488566864392,1.0835058597301412,1.0698163221064556,1.1254266806251192
1740,1.1109921288714286,1.0227250086591746,1.1464677988948142,1.0643614190234585,1.0706855697745097,1.154714551145471,1.106034220056414,1.075050783271145,1.0913347772237205
1741,1.0920440100017847,0.9784222121924915,1.1346329108848643,1.1290998673037735,1.1553803387118071,1.0700343495466595,1.1146229610340121,1.1048685762342867,1.1152884050510539
1742,1.1156711637190926,1.0227948928093245,1.105022632818752,1.096486001247029,1.1341003677641577,1.0976493012687363,1.156652789589145,1.111672476425399,1.110138646572127
1743,1.0883598655045967,1.1269816670616821,1.1395610807789005,1.1274865049486555,1.2453639470479605,1.0454021416936699,1.1278985491663749,1.076108824552431,1.079573549861801
1744,1.1042633092909668,1.0370981377823716,1.0917213147648779,1.1744746299773898,1.143142191330651,1.1808466001825217,1.0920307289043154,1.084008047466398,1.1115521213715567
1745,1.100226990219719,1.1753000412797263,1.0913293243515592,1.1066042364137938,1.0809817673071875,1.1173032008493273,1.1286054622078336,1.0764826056549202,1.131769789745524
1746,1.0976859418013498,1.1416372302944586,1.103366924135326,1.1239549045555868,1.167822401047775,1.094676243628324,1.0625384262223299,1.1123160407876262,1.0977714494437274
1747,1.1027619886294804,1.1466527302360077,1.1303683671097338,1.1492173033523054,1.1092140712529843,1.068151423580117,1.089321278447127,1.0933914202135167,1.1259480174557739
1748,1.1098135471736443,1.0945495391529443,1.1650208983471853,1.1601548131719923,1.0989779205238175,1.1024933396973398,1.10392341424081,1.0668804247143757,1.1550706570463023
1749,1.0997707654562587,1.0406551649502638,1.1740136736141085,1.1147823035992501,1.0978310509989737,1.0484495511364815,1.114427458691624,1.1222350884430237,1.0826137038436958
1750,1.1178910509492146,1.0683302672769885,1.098114882698345,1.122886586448267,1.1421671219906162,1.0781773359538824,1.092757313364746,1.0726631669560234,1.1000357462288102
1751,1.105653253856996,0.9661697140756056,1.0977976484689906,1.1046957003313789,1.0954417708859745,1.0691525774342185,1.089731455813533,1.083780695609187,1.103331768690219
1752,1.1003944928388056,1.0982709854383115,1.1117904330535964,1.1137918830159885,1.1266633619562085,1.0803429215229121,1.0528782601343383,1.1211829590488611,1.0874908097589373
1753,1.1072965381830273,1.0362414288585617,1.14054092064816,1.113099758445668,1.145060216901695,1.0818800994332924,1.0893629837408447,1.1025907030917033,1.096934485016827
1754,1.0887814041548878,1.0916306191874623,1.1200534786444902,1.0876079611596075,1.396316761432104,1.1124580417098902,1.0989557219649904,1.13522760054639,1.0976306060192689
1755,1.1085142277462663,1.1015532858746593,1.1625608076577774,1.1271636601097186,1.1745009814840575,1.0610598170225145,1.1489506171068473,1.0894514794257526,1.110314289270514
1756,1.1180303006472254,1.031726541673697,1.106579685072032,1.155918537501971,1.0958613688147876,1.054174204513892,1.1063474027859102,1.1460278246228661,1.0978805087721284
1757,1.1107256695215328,2.4454241944250534,1.1148155904882335,1.1685815396982144,1.1439284900954034,1.0948936159792437,1.0925425007680272,1.1284117436330723,1.1325286814932978
1758,1.1126368556519906,1.039330443259083,1.1311550902232472,1.1274465413994734,1.1080720295908848,1.150170182839877,1.102913172950996,1.554168357856108,1.1323828758659125
1759,1.093293870033484,1.2062555247169402,1.0986210796987452,1.1126089412827693,1.0903463169238083,1.1078267238402675,1.1184413379251408,1.0815970813199958,1.1141810965576493
1760,1.123919622754895,1.0635435268752138,1.0827108958526952,1.1380208818900708,1.1019831380173544,1.108122014085471,1.0538090523190904,1.0489533475541022,1.0560524581437372
1761,1.090323213844261,1.1206326513165021,1.0840569177470465,1.1193398699606447,1.1015084704385432,1.1269089748990493,1.0704325671847996,1.095008482092684,1.119884835838978
1762,1.0884742055236771,1.1521484910557733,1.12329988063322,1.1496212461608266,1.1133456775560566,1.1062753100739122,1.0904347424664,1.061985056893796,1.1090209838926974
1763,1.1084451644072384,1.0572651987557233,1.119220932962875,1.1375415845854315,1.1233290219273506,1.0765506456973737,1.0942312737280626,1.0831010510931518,1.074448023412948
1764,1.1220865131221136,1.0764146507333148,1.1240583282676224,1.1243805366075246,1.1069979801819985,1.1382542311817418,1.1034919445917795,1.06134783554426,1.0742250545568934
1765,1.103762672751857,1.058317596730094,1.1214017733362371,1.1276795392447958,1.1395547357796938,1.070371137237602,1.1152028267005876,1.0911584668644796,1.130170608271048
1766,1.103808954253356,1.0244652417154976,1.1215681141458542,1.1132529543213427,1.1331610763260564,1.0907191533843354,1.1137230883461313,1.155979012309611,1.1075424119191881
1767,1.1111750130643414,1.1219676615916985,1.1151067115198057,1.1361886866885673,1.1476271386929509,1.0772965945411899,1.0943094272696334,1.2600113285493213,1.0986443341410594
1768,1.0896362615877282,1.1306933233666097,1.0836239611590854,1.1084788686405043,1.0799009304821545,1.0749909045983363,1.0620274058523402,1.0626367539204036,1.1125139870866554
1769,1.1075113545542752,1.1881009176268247,1.1524094027440586,1.1096460463361548,1.0866046777907523,1.0863405230110208,1.0674480518950142,1.114788835801559,1.0768151891453555
1770,1.0886454155266279,1.0729271185664182,1.1253569891203012,1.121313423338044,1.107754221821077,1.07030300285437,1.1284313068662486,1.077030522163269,1.0608517099354176
1771,1.1258744580942073,1.1289687492452223,1.135439358253318,1.1157889026425132,1.0926054553012954,1.1071730741497725,1.128262082587237,1.1163870639443665,1.0603330977315295
1772,1.1184645574007475,1.0507017088315111,1.0955079703391666,1.1368692444742534,1.0951588062443744,1.1361870663058362,1.0779514127359113,1.0618250499069835,1.0954395652826807
1773,1.1049345684128467,0.9962990910345938,1.094958472170824,1.0608454861375674,1.0942936492060356,1.0975476663266932,1.102050608985573,1.0866499363599766,1.1251707292095028
1774,1.1036478114747226,1.101348265984063,1.1076184388469643,1.129290469258381,1.1295692012243497,1.117798178817188,1.0909386394681233,1.0933704283514243,1.1105074219610032
1775,1.093615879179254,1.0291489221044579,1.1192321980114663,1.1174691826117438,1.1700305678653775,1.0727356791423241,1.090672220112838,1.123698783754081,1.0783180084279675
1776,1.0947151715934487,3.0052495899994764,1.1049963204351845,1.1270981781385643,1.0871861826707574,1.1197586629447867,1.0572845078470807,1.1004235716899007,1.0933596650508637
1777,1.1058325566394345,1.0575195398516912,1.102247086678061,1.1004619425611595,1.1478034981946421,1.1172817699510418,1.0865474151103176,1.3673927297700914,1.0851120926883318
1778,1.0996544990274066,1.1822146314229363,1.058540844220475,1.13447914572995,1.1691703790770414,1.1206714234937818,1.069754255369411,1.0922917482121812,1.0964480350813806
1779,1.092967279649862,0.9746094731401439,1.0910106308262602,1.1187773206998104,1.2046260062160008,1.066757313370208,1.1545819918130067,1.0960127651735774,1.08354683324172
1780,1.130696365524014,1.2628654621589999,1.1712060211568591,1.0854058576359824,1.1075052749354697,1.0843144835715284,1.1211705036241608,1.1444692546852477,1.1066074219345403
1781,1.1136378380428629,1.1528808185962287,1.1055829249590572,1.1465920103193232,1.0917074084698615,1.0772261902408717,1.1137284503355183,1.2280604180998003,1.114112591808637
1782,1.0985648162412216,1.0228801387049042,1.1211112472119997,1.1319798710189648,1.1106570539640013,1.0960108082638707,1.1314859589316102,1.051824419796865,1.0947101071986736
1783,1.0956246996278332,1.3226560146373996,1.1069602498782738,1.0936504063820314,1.1233565118084434,1.113210673884349,1.0965230974354527,1.0808540312173653,1.129376424806642
1784,1.1010478779638189,0.9767655073729761,1.1632442325570076,1.1325206845467772,1.1448815093978024,1.086572193631294,1.0857294449066401,1.1034848500326022,1.1456836082783854
1785,1.0979244830533277,1.1529402406827296,1.0833102254234488,1.1032717775149612,1.0781255336604827,1.136758832400302,1.0693250348351448,1.1002909059024018,1.095186961329095
1786,1.1151535840207787,1.047253588930326,1.1052460376539268,1.1143553121682295,1.1209578853027267,1.0880708570257072,1.0843324569508608,1.090268216779688,1.0885676058239273
1787,1.1014107256905374,1.2932732423511168,1.0892347348646567,1.1457340931925757,1.189079373156052,1.084855893438123,1.1397230029015981,1.066464627359843,1.1028158333749265
1788,1.0972206021653412,1.0670576619032328,1.1290449925439343,1.1198496705909804,1.1332752787070848,1.0784406174731673,1.0983827325600473,1.1442232002016826,1.1058691365564233
1789,1.1032747883378473,1.1986171047078757,1.1165028466178593,1.2370422870238393,1.1471976305300438,1.0892161714126296,1.132773517774368,1.081905579307498,1.086243947614967
1790,1.0902543482107587,1.0632547404210932,1.0960143734305148,1.1193135907305873,1.1013033804737429,1.1036634143187367,1.0887246489423776,1.1337057525693597,1.1371986382088062
1791,1.0987275329129462,1.237846185007199,1.111291457076688,1.1017577503411398,1.1189306174225198,1.1025697581335059,1.0517042521082631,1.0770806574074996,1.1377229581461057
1792,1.0983662002251744,1.032371201782292,1.1343555046705185,1.0895372970225716,1.0681970505386322,1.1110767095905447,1.1074367161995413,1.0990815950433428,1.0876196222340881
1793,1.114015651926735,1.2709335440204983,1.1702078542216847,1.2869311641104542,1.1135480011998025,1.1477746708228012,1.0551091859780468,1.1229044780153163,1.0999415399760972
1794,1.0944710789477632,1.0517369399477596,1.0524773681056554,1.1192469868127872,1.1041084398765089,1.0705306809452333,1.063690388116157,1.1209218148770361,1.0794360184826985
1795,1.1078145277858993,1.0095419744201068,1.0876033951175696,1.1091828516948246,1.0932966501970474,1.0961343193490796,1.1061408547256788,1.0672909272541535,1.1019007846258946
1796,1.103132046603123,1.1590157277444313,1.0978064025415706,1.1405920547471535,1.1218413285972229,1.208917824607147,1.1109103371021036,1.1507089948344549,1.0556741529088025
1797,1.116227668936519,1.1553035938714336,1.0871518136421934,1.125019559506758,1.1055445417869978,1.0834203492260919,1.058738107148145,1.0718644846923466,1.0847624362940422
1798,1.1069300226669807,1.0970303910706847,1.085326557500276,1.1087162828330757,1.1033688861814823,1.095758470132665,1.1357503773188489,1.0629555127704697,1.1047614983380338
1799,1.112848226206677,0.9893612892455007,1.0925288525426897,1.1397037327210364,1.164104825846443,1.1039264616062536,1.0925495910034762,1.0960759392292023,1.1165782878597954
1800,1.0917559961622518,1.0515308309831575,1.0932544191824136,1.0551383914725276,1.0836421225495083,1.0791694999565407,1.0882161590263508,1.058922728569944,1.1700231792298437
1801,1.1068920849316046,1.0454803789106737,1.1751000855318832,1.1510903899074683,1.1236522343801985,1.1082033704682444,1.139820286001752,1.166543544476224,1.1127186722521687
1802,1.1127801543351175,1.1155161658421588,1.1117549978099153,1.104813356392469,1.8096589810033696,1.0735586037425862,1.08198381252959,1.0846542398594259,1.1050470171324274
1803,1.1075809029398656,1.0636279661644141,1.0970510472870043,1.1107108360409723,1.1351537664389737,1.0945828620001066,1.0933231883974917,1.0837051584886679,1.0873278780966886
1804,1.1043709177243137,0.988014971426799,1.1054877373259195,1.1273062154647913,1.0817589843042035,1.0831537795219985,1.0680654474191895,1.1176826445824264,1.1159585804363836
1805,1.082699753245669,0.9926267618544207,1.099616221107806,1.1836968384326045,1.1088007321006368,1.0959225445862761,1.144932584484635,1.0409005662311772,1.1175262629859808
1806,1.0914867456191972,1.1998225681442998,1.155485556688115,1.1294625030377523,1.118884966927011,1.098749399766961,1.1803890406083937,1.0882080983933027,1.1402244258874819
1807,1.1038721264936358,1.1839565832538612,1.1102243007676345,1.1333927335843907,1.1009646967871722,1.049274260937652,1.157531565226338,1.0685214967529546,1.1760393810352712
1808,1.097690976648461,2.9211611429019992,1.1313550550013565,1.1453366184778309,1.1357124545068467,1.1258467496134568,1.0612504015699342,1.0738157875247583,1.1285439592306312
1809,1.103991426828426,1.0064800021617846,1.1104983380927116,1.146760381025605,1.1093264837190837,1.1030075503661751,1.1052985590894389,1.0890958606513113,1.1624253482653595
1810,1.105806108526166,1.140541930717322,1.102357403263318,1.1687073922114222,1.1395039608892568,1.1044975011562777,1.0935412214065996,1.0702741073444408,1.1113700495024792
1811,1.101988448681824,1.2223742496093075,1.1103455741412984,1.1287335910627174,1.1004298866018118,1.074287694496786,1.062030221947729,1.1049650149731138,1.0993499918597016
1812,1.093455417865763,0.9791400915593155,1.2169028559464696,1.1130254549461323,1.2400096744039897,1.130628215411636,1.1756895509827388,1.1175057738288778,1.060918390052643
1813,1.1005181365489711,1.0035251854214577,1.12042914147102,1.115885421160042,1.1112201324763953,1.0844943409501762,1.0939973836950403,1.0795726725632138,1.1069454405896015
1814,1.097569120201672,1.2031919892236704,1.0760194230118334,1.1128746008136476,1.117320842299416,1.070399490857854,1.1232422101330688,1.0723928090471588,1.0875252426592623
1815,1.1032503919304855,1.1675619019734678,1.2224188998749081,1.134923207017568,1.1337772369482317,1.0785171416535653,1.0426605325388147,1.0658813912873553,1.1453222423802027
1816,1.1096854461052443,1.0467966865294844,1.0654867293451915,1.108429039398498,1.1513571957981956,1.0288595672346121,1.0977953574332031,1.128275656001965,1.128215020734157
1817,1.114804340838397,1.0404327088388219,1.1100294451425983,1.084923991096473,1.1138709968806617,1.098682535251664,1.1401644203794905,1.0818934504973636,1.134358639296037
1818,1.086927808332863,0.9672238812853491,1.1426962232406948,1.1638790533661967,1.1008551704834062,1.1434713778480143,1.0994581206735008,1.1077832047867495,1.050551429956709
1819,1.0992592461386272,1.1714736687982623,1.1272269139698994,1.1477538238186964,1.0860713987985586,1.0722307876664023,1.123171210763702,1.1055991416773552,1.0887423063701827
1820,1.0899941090231762,1.0382588492023392,1.0982665591199552,1.1264193774667721,1.222399358303296,1.0611619099704375,1.1252815991317748,1.0848665236207526,1.0899120828027828
1821,1.086740487513784,1.1673382647632111,1.1382150699346674,1.1437734431684339,1.0819455800911502,1.079006630886601,1.0861223589536977,1.0780949543666767,1.1181478909750981
1822,1.1050631369242383,0.988263039422176,1.1338227939512229,1.192019097459757,1.0917449912726558,1.2017631736620216,1.1516818803798559,1.0772389469641988,1.1047208414316956
1823,1.1050213303111527,1.080238564951768,1.1085261559041448,1.1112908623715807,1.15678736284866,1.1374985158095903,1.1151875332796242,1.1450762528815357,1.1559204630278097
1824,1.0958831958297641,1.398847070313877,1.0845272693422066,1.1487070385573868,1.1586497820455774,1.0895895149120203,1.0848486543729738,1.182365562337771,1.0794678563605298
1825,1.1008315434840712,1.1241357632988396,1.085740470926561,1.107241549790918,1.204176550118492,1.1045249356338855,1.126874280251839,1.154158161539353,1.1124146881413461
1826,1.095153561496455,1.102502939082753,1.0915884247706722,1.1093703377489912,1.1356310941433132,1.0631035019420467,1.0803056238689364,1.1616248126102178,1.1209773128625182
1827,1.1115218145457222,0.9473906037350406,1.1312251280356265,1.1787557884908426,1.1035417510116166,1.132199366880727,1.0958470287683266,1.0877181917163068,1.0743116234586207
1828,1.0964345684999965,1.0748755357713267,1.1007409380497437,1.1065014238345818,1.115884888384594,1.0873340136682856,1.100477116173747,1.094773983693391,1.1420487075553778
1829,1.0973399112145747,0.9783170443326544,1.149459412668669,1.0773849859182445,1.092844073104243,1.1175560464294765,1.0760487383296287,1.0501473249863233,1.1146789216459108
1830,1.1066830463440618,0.9887666256689703,1.1417709643666254,1.1706708981712255,1.0745991299711062,1.0944690772178645,1.0513988845718034,1.0719814618586498,1.087392024036499
1831,1.096284359552642,1.2367327298540933,1.1029900930365188,1.1266932366550335,1.0933200465420536,1.0636720119550442,1.1696721409968336,1.0947859120744858,1.1112327164463995
1832,1.1056330613689864,0.961639320956863,1.138858321206489,1.13825221795628,1.1043354653521449,1.0685342255201375,1.099397871994642,1.1165423123876062,1.1184204950116656
1833,1.1075728318864184,1.026976215962581,1.1060177061448535,1.086212152327311,1.1856427612731653,1.1149740114126863,1.096959246579553,1.191207554097396,1.0494812490805308
1834,1.085587438783055,1.0216134406144002,1.0824437683508945,1.1208987252790839,1.1082301743204832,1.102629986102713,1.1075444152321074,1.0463747069078673,1.0690479506487174
1835,1.1105482641732278,1.0921828351201206,1.096486112303935,1.1042377046514888,1.1020743406222215,1.1032045307391822,1.1056180615156108,1.0969867541613885,1.106703210032842
1836,1.0992330280253835,1.0833812808955088,1.083885299806629,1.1605325591255211,1.0689218551666217,1.1271471227684244,1.1031586591774634,1.0787254718480095,1.0706715329890748
1837,1.0954432960841745,1.0677072833881238,1.1074388628941048,1.1472445656828743,1.1019530611445645,1.111392995295237,1.0493855004852664,1.0860905152409002,1.0539791424224891
1838,1.107169885854258,1.4365924548072797,1.1406917775699523,1.1043965799213011,1.1363519069665189,1.0886521846224753,1.05997997292916,1.061892695102564,1.1375660168473858
1839,1.1047307798899668,1.1645477889563172,1.1344818388278954,1.1640969262161995,1.1140815392026182,1.1046898570818884,1.0791018663770582,1.1074549827828795,1.1117452861192791
1840,1.0861355969839117,1.4023672759870214,1.1008040741436549,1.1165683744999912,1.1089401313084335,1.0647723577736938,1.0752022271229749,1.0913535522164057,1.1052246339146736
1841,1.1072965737789962,1.0616891903727628,1.1296558667359788,1.1449504602966571,1.0569480741485155,1.088633488490904,1.1393621843696804,1.077658010434872,1.099844305614093
1842,1.1052165220654298,1.2968463435019821,1.109733965158895,1.1181724683306216,1.1167250123255799,1.092458262398561,1.091993306052805,1.1300275002723474,1.1291650901481858
1843,1.110290583976418,0.9820504765806747,1.1200753150269234,1.0946371028440094,1.0770883412425751,1.11908246704363,1.0881711595680155,1.0684314049621901,1.116111306929904
1844,1.106348228640738,1.2525253016427016,1.1109990508384997,1.138366162728057,1.1216571871740244,1.1240282148174605,1.0300641222146387,1.1228517122876003,1.115621360883752
1845,1.1031673008502507,1.1436412690093214,1.1272303008681126,1.154104782519759,1.1156104559263162,1.197800344579119,1.0693222625436016,1.0979742074438137,1.1094255912076114
1846,1.1150739322941625,1.013089354329753,1.128527208192889,1.1524928058655919,1.1739616593854902,1.1333331299821208,1.0727251018741182,1.031024949979074,1.1506472138400536
1847,1.0936405830993496,1.1869124744343287,1.1014652696187983,1.0948236055583633,1.1123163779960208,1.072872685025045,1.085711858417415,1.0568784660010881,1.154994480378291
1848,1.1056575892652238,1.040859555860811,1.11416927945238,1.1558440756262307,1.1487644707068125,1.1307770738126293,1.1125554041127124,1.0666216484012923,1.024329947696334
1849,1.1182969724217262,1.0917661216665007,1.136397195507183,1.1536395667187547,1.0934677115648157,1.1902131755415155,1.089856400925444,1.1407926702464226,1.0990399725639335
1850,1.0950752083374242,1.0876782909493865,1.1213337604777756,1.1259926167417633,1.0688566434762772,1.089569762699292,1.086017033204313,1.0605202433315588,1.1072743321941492
1851,1.0936453600325677,1.0697089144724465,1.1099798054577263,1.1125816157362294,1.0828718592536775,1.0658172897013527,1.1155081602358707,1.1068369837582208,1.0863848114353198
1852,1.0967817353512384,1.0104095991864028,1.1184894322743868,1.0976848912549877,1.2177911774041705,1.10507469091511,1.0559786105400935,1.113712891001576,1.125711145897469
1853,1.0889906467316028,1.39626207619146,1.1074528292660346,1.1455238157630063,1.1285436012666297,1.088670979145283,1.0628429180231287,1.1920171589683226,1.0979387123264035
1854,1.1203066647902824,1.0817834032635922,1.0881370517005882,1.168912157333267,1.0639466640777504,1.0533900903253381,1.0678340576128118,1.0733499943604146,1.090608348589189
1855,1.1136981128546561,1.1965929206963275,1.106879510563104,1.1865194473747536,1.1695462255297275,1.0779010473345318,1.1060309035644804,1.0782631375715819,1.0512365021375376
1856,1.091724048928456,0.9607939336344542,1.0693201124093636,1.078615029067933,1.153317177654446,1.0978487276310342,1.1579024270340739,1.1063098405876652,1.1070893197257647
1857,1.1013732879856697,1.0844264232646688,1.1252449360160959,1.1236623942921526,1.0930689487290088,1.0648991198955091,1.0868524202613261,1.0956665356692021,1.065391650397922
1858,1.0886989911530187,1.095881961555804,1.1036779582289196,1.1294286509994054,1.1282958359428403,1.075345326221819,1.090224328018667,1.132354520477927,1.0830472224807814
1859,1.0894436833867955,1.047065397793629,1.1854857482896948,1.111350189992761,1.1364171959131706,1.091990516910151,1.0929138302075796,1.1199630818134498,1.1404697554838128
1860,1.0818686237101092,1.1516490312740923,1.1325022016053312,1.1442603792158486,1.1314157271515073,1.0828319562561852,1.1292092083624825,1.1036091713579372,1.0785514901654711
1861,1.099495206803793,1.0594017633910016,1.109048715922032,1.1656365549433774,1.1355524595258994,1.0933024709303665,1.0661977404745087,1.0631482429623145,1.081110213041874
1862,1.0940576953466628,1.0826812473728666,1.1052589288232872,1.1333936654639882,1.1204400310349023,1.1507168780832329,1.065050257462253,1.165593291558426,1.1417143362057096
1863,1.0972790648035584,1.0389997336089054,1.146388083552532,1.1479020580218042,1.1479393473303514,1.1239392285358172,1.0949144001386326,1.092498442553289,1.108613889922191
1864,1.1089328680550639,0.9772797491784204,1.0951591199550286,1.1360274506647992,1.1949852302756505,1.084036142955639,1.0976130684740384,1.129521268464458,1.1101342302238284
1865,1.1135550589250471,1.0250902758630103,1.1698734408167366,1.119407012935697,1.1128219116400064,1.101223884237963,1.1464827174783978,1.1053418231856278,1.1018758897992817
1866,1.10508926655231,1.041024390884683,1.1130269211653716,1.1295243854249968,1.0890256836353336,1.0972655179593396,1.1346100484241501,1.1113888668408907,1.0556110498056062
1867,1.0875410566454227,1.2654650836850851,1.229083799687117,1.1670349737523518,1.0995193036524646,1.0978349013494018,1.1164965186118323,1.158235483491748,1.0912275204280706
1868,1.0875209213511638,1.13587202584596,1.1465246484121303,1.1350595703199147,1.1665608558269411,1.144816374104094,1.0881336341829126,1.1122314366527586,1.1076713736913235
1869,1.105924601360106,1.0387197433734747,1.114519939540184,1.1595442997537977,1.1153235851260332,1.1193155914919568,1.0623618220910904,1.186529494564215,1.0676554617084484
1870,1.0869163214295725,1.0714888925545967,1.1288697050171974,1.1027146500365064,1.1742492679174397,1.0578351080885555,1.1483088209984824,1.1074173687325504,1.105254812725845
1871,1.0893017050218492,1.2143417187956995,1.1369365163485337,1.1181820954686488,1.102586924471184,1.0968714085119526,1.0786657223441463,1.074044937664902,1.1166594000782963
1872,1.098300992011327,1.7653699135645908,1.2218185066099152,1.1551082096665612,1.0734094650160027,1.0687140789872034,1.1179007604503097,1.0695611328771955,1.1551784869872073
1873,1.097101538036974,1.1341627107141365,1.1778729925768265,1.1481214941186346,1.1308394056646873,1.1223821008284565,1.1099067917932637,1.0792395996949773,1.0760941110868096
1874,1.1047766793010096,1.0084578977353462,1.1047035413382331,1.148319161051478,1.1154772282496568,1.0871533826834885,1.0404117955338448,1.1104167413244792,1.1317045680564453
1875,1.1035402226142044,1.0506420597388668,1.1147355844068962,1.1460417139537131,1.1397987517786212,1.0721378921289604,1.118948758045851,1.0509199822708049,1.1278737525353335
1876,1.0940565563386435,1.1544950072518163,1.1117883547455225,1.1389860724583676,1.128457207358203,1.036397583509729,1.0749266086377063,1.0909774810164887,1.071495507169707
1877,1.0873675401422547,1.198658822869904,1.1850482541592506,1.1420700910029815,1.094394435974483,1.102389013915181,1.0906362536336922,1.0533934104955431,1.097967835403567
1878,1.1156262928589353,1.067025552206744,1.0843872884204921,1.150917896041006,1.1179733904403697,1.0938584579196102,1.059339045124134,1.0809225519599879,1.1139720916735898
1879,1.0984393860936592,0.9761106174120194,1.0714662635181638,1.1126101631474492,1.0953504970198078,1.1208933635218985,1.0987413079566788,1.1346183945981825,1.0951562749461754
1880,1.1118899201187644,1.1121410655968074,1.1587007614822797,1.2005974006665578,1.1280536299478818,1.120560163792372,1.0960285885097496,1.1050937029979502,1.1064224513732142
1881,1.0887019992732543,1.0124520804370203,1.3129869471830709,1.159147310979655,1.076350935353754,1.0743334506882882,1.0589333575513844,1.1064052416801597,1.1215979746462628
1882,1.096840148574578,1.0047614894986687,1.127217054528882,1.126301144898741,1.0951144847497112,1.0956539284114803,1.106314589410809,1.1093232908369044,1.0983050272327628
1883,1.1142240902207445,1.0500239999985517,1.0914541473368031,1.1132836051643755,1.124251781368851,1.0762703734683339,1.1155743047140756,1.0972391589908395,1.1460524051252516
1884,1.1072491905403914,1.2162369397884236,1.1402899516543936,1.1440185871254827,1.111106497004822,1.068986956751396,1.1298088482659885,1.086472146138931,1.1241795907399308
1885,1.086778285086966,1.0613992494319093,1.1507072567668986,1.1065096811514232,1.1372743038047648,1.0767544708974486,1.0847407491806504,1.077388769055883,1.1400445522550258
1886,1.098640793964144,1.117294438201551,1.0982501465368564,1.1158471289885743,1.0936435217852862,1.101353403196146,1.0780390695534157,1.1115471639746612,1.131750530088029
1887,1.1013414778698192,0.9676536007023815,1.1055240053290218,1.136937794434872,1.1050881133445654,1.1097913364957448,1.0650342456517548,1.0762258898801442,1.0793166996607915
1888,1.1015386534844325,1.1508400445390776,1.1062376553967874,1.1476866085902304,1.0793519939313108,1.082547993338856,1.0430945468978017,1.0817735123905727,1.0992871719590076
1889,1.1062741985722255,1.1240161671253563,1.0983728622868587,1.108745572371374,1.1074316265289306,1.1013961692540981,1.0801343049454626,1.0925326661478225,1.181536953918688
1890,1.095783166521936,1.042532931498369,1.0803619527377082,1.105399116696759,1.1232077558570306,1.1377223773735339,1.0825411040604374,1.1084020955705791,1.050023312844199
1891,1.0943603680365024,0.9666573373076902,1.1169919204569934,1.2752109375890561,1.1349087569617449,1.1178090929112245,1.0691525571920837,1.0849175671263256,1.0934205341472214
1892,1.108490354680215,1.01437731627803,1.0919728252806993,1.118243629784336,1.1525625526516479,1.0719777593079944,1.105635604409726,1.0823792739875764,1.0940964802152044
1893,1.0994100481419504,1.2011194613375453,1.1166068750633051,1.1069197681436922,1.1465552343185221,1.1002958695340195,1.1009451246573556,1.0476915717249085,1.153981694164747
1894,1.102166533157379,1.2467232926777176,1.0817811360282783,1.1043044065250576,1.1573134525651088,1.139878294955472,1.1818386345471228,1.0959737515496644,1.0752536360144527
1895,1.1233249763649777,1.1366503982852092,1.096633636734818,1.1262086991791123,1.1252607200932343,1.2322509548384528,1.0816533266043236,1.0739633579126324,1.0749749704043592
1896,1.108676939126427,1.0035686460799305,1.1011417310073983,1.10133427523225,1.0675328749259125,1.095863682773806,1.1440784923277219,1.1860359859664777,1.1312655140563308
1897,1.0890745881633621,1.053438565530748,1.104249263574474,1.1224916460167056,1.116713112173024,1.1106757620743795,1.0989942274893783,1.1289503843704476,1.1161873307847723
1898,1.100052849888608,1.1731107040252526,1.112403545429114,1.0645900566212698,1.0955338438303788,1.0833647883026227,1.097834869989631,1.0765302216744503,1.0827364610986827
1899,1.1034219701202042,1.0008511660750283,1.1498551344435732,1.152594508824118,1.18837635921076,1.1177147575436646,1.0975748353102073,1.035410413480821,1.0763835939704387
1900,1.1015933343404847,1.082448030608476,1.0986194579950535,1.154169844706003,1.1187017417509046,1.2572803732399784,1.0589863950285452,1.0861464859162957,1.0892930013722983
1901,1.1012718999653943,1.1395188798909452,1.113825908072355,1.0796608584193785,1.1105058645254184,1.1390276043239742,1.0923408781796358,1.1378409182521356,1.1174437517169906
1902,1.0993339836051923,1.1081597235083387,1.056331424837743,1.1265338449275666,1.1137068124893954,1.0685361417586987,1.0950376724632638,1.0940647447283791,1.0557175393815443
1903,1.1008917495047827,1.2042222263606779,1.095255444321447,1.1052164670251818,1.109451265739639,1.0957444042882096,1.0681077041482927,1.0864877224646117,1.1393254666699504
1904,1.0879436797706126,1.2479441605893835,1.0932521270246593,1.1121517266432668,1.0995648419437718,1.0845476988335085,1.157633363471353,1.0815935671849792,1.067072858777258
1905,1.112882225007189,1.1890659482236234,1.1158962089321587,1.145655038506145,1.1122136691596476,1.1167314220311453,1.0967064388568266,1.0970262828933566,1.0989145259621007
1906,1.1037541325862572,1.0307675745097484,1.0906326424084511,1.139086385617136,1.1646535548734367,1.1350756113661136,1.0888382083173074,1.087798332650889,1.077166751336306
1907,1.1000203554735775,1.0382558483198,1.2637029644418698,1.0989125624863512,1.1161753582384197,1.0830604199465503,1.0833745874135137,1.1808366125536516,1.0559568790407623
1908,1.1019920950389857,1.0855867670471953,1.115001775129301,1.0856784207333439,1.1140160125222054,1.1276906645734135,1.0852935377909958,1.0736269042082405,1.109835005234501
1909,1.083039039862423,1.0272190152581138,1.0804988288241721,1.1134158458789791,1.1506134521420728,1.0744373951786368,1.0625583852757465,1.0935104461446103,1.119107821439562
1910,1.1196648897446393,1.109757730332618,1.1975729892288045,1.1314456986689723,1.2068400107734099,1.122519387771575,1.0882894692198068,1.1030592068074587,1.101640097815357
1911,1.1048671631834261,1.0476618698399178,1.1152407956511203,1.1030909916001395,1.056363332389091,1.055904985302568,1.0939524768378643,1.0965165006604312,1.0858058091546683
1912,1.0980981899067495,1.0295433647782855,1.0903968750612554,1.1288757345754865,1.0937797961104272,1.1210737693647415,1.078970930550321,1.1223050496062608,1.095899603885083
1913,1.1041438430857755,1.1020987080029736,1.1501335602596696,1.1977014512632438,1.1138425827677612,1.086085613685439,1.137645112933114,1.1084088633755507,1.0952853462802088
1914,1.0917846299167244,1.2945895255586406,1.1707946546449872,1.1044827540605073,1.0753315120086393,1.0642248064065418,1.1129835092189047,1.0907732368281204,1.1025284396105823
1915,1.0961310490117477,1.2692177075493198,1.0981593540457353,1.1096008235061576,1.1140696968182986,1.1018325887872114,1.1416136213968155,1.1457057507789283,1.0779766122819914
1916,1.1056643742725956,1.139519896324696,1.1278095739393057,1.1478845033168708,1.1622858471173418,1.0959838381822502,1.1043310272105435,1.1402204292231528,1.0918913858081747
1917,1.0945776333131985,1.0950658489358407,1.0843153766082902,1.0866574095938373,1.0774402066927646,1.0905618535648998,1.1858193988998176,1.095040029155718,1.1224428611573176
1918,1.1115589495939713,0.9979411952391524,1.1054312828529438,1.1367905659205624,1.1114449943866642,1.1434781549110187,1.0791882561027346,1.1047986194598838,1.0555658871395233
1919,1.1099042817302665,1.0760839049308262,1.1409974228496502,1.0904020376960342,1.214307283156789,1.0786709275856452,1.0828706977526106,1.1187480984315636,1.0621871824890543
1920,1.109527625597556,1.1699380645606863,1.0820297871526934,1.1535175433921439,1.0813521314150207,1.074191751684821,1.1124326431128113,1.0527702319753833,1.055774511948619
1921,1.1014684281899507,1.113088150619224,1.119142101041129,1.1123316812470085,1.0777726187939478,1.1256250711800917,1.128681157773056,1.1265194664533447,1.1191084048468534
1922,1.10115326094164,1.0964936359117345,1.1390494656484014,1.1114526696055456,1.1303511870044165,1.0604785117427658,1.0580338243797682,1.0953261020562803,1.1220696171052447
1923,1.0986624999744277,1.0388034091999578,1.1280591701778238,1.1264837939040853,1.1396506358054967,1.1085619183974762,1.0878409167493295,1.0611168988097441,1.112285961747623
1924,1.116284382746071,1.1731985940668563,1.1168653008905558,1.1004537910254688,1.1002908149687203,1.070760095688592,1.1521778581568758,1.1086099724691423,1.0992658644102322
1925,1.1047574205866562,1.156381347689516,1.1102448227455528,1.1555921915782947,1.1104857655433502,1.1026099475860511,1.0732725436886112,1.0879667962846076,1.065580867501755
1926,1.1044021952931653,1.0648353913296436,1.142434814545962,1.1193306736376718,1.142972095189159,1.0930418841056608,1.1316096353128948,1.0849617474795885,1.1221900377010716
1927,1.1159615470765396,1.1666267269103747,1.105849205085159,1.1602581542210784,1.0739977771400917,1.0874159122756177,1.09451139380534,1.0527398322729946,1.0786443711951859
1928,1.1159432360296027,1.1091377675077017,1.1324117031720509,1.1211370800484377,1.11431413242093,1.0553083014901026,1.0683416839968103,1.054638252277636,1.0605277532541424
1929,1.1134857982722144,1.0695001825782249,1.1224649682786196,1.1325773019052698,1.1244413162207236,1.0746182502640051,1.0700364235761641,1.0789845906093267,1.0943097167736588
1930,1.1016752427926468,1.0638553662487407,1.0818275002104654,1.1351189209300494,1.1186074153596388,1.0756433327835455,1.127892574906838,1.0762339736993398,1.135811101786691
1931,1.1146076457046565,1.0551339078031108,1.0728057210482231,1.1363360056869953,1.2120694988939174,1.0653293483425235,1.1036130586421518,1.1022471877049937,1.0923144672648706
1932,1.1009308841435375,1.0676917185273263,1.078692454391583,1.1141654949112874,1.1536903792038693,1.1938838345749538,1.0880340060349467,1.1599514133107962,1.1142307747253593
1933,1.1320236250596982,1.0491426856563122,1.120390598721542,1.1297957049125924,1.1109244007868253,1.1193183877852004,1.0895464248794473,1.0688936726815672,1.1402548678215891
1934,1.0995139203866398,1.0339584248412352,1.1185081117918858,1.1375673095526107,1.1351935338820829,1.1178863936999512,1.1020725421085094,1.0874783884699553,1.100602566406332
1935,1.104116504349843,1.0612751420792195,1.091028918622502,1.119760528672707,1.0960491322813566,1.0819603211456303,1.0944529331548154,1.057510666146983,1.073769337079344
1936,1.1026763146733631,1.068879852926309,1.2054968287172028,1.1616023476205517,1.125006128132089,1.0935927268733168,1.1285142970462454,1.1155430283293144,1.1034623339906475
1937,1.095288251503114,1.1052116049148097,1.0984525578455653,1.1782611213244603,1.1200895933947543,1.1188572241911174,1.0828425859466446,1.1036448580763503,1.1032766843235817
1938,1.1063367083684488,1.0390319704745468,1.19135243611892,1.1290470621654298,1.1042613124411769,1.0810368477576426,1.0668352876926366,1.0713514861969775,1.0930849908203109
1939,1.0865937945114952,0.9317493527684663,1.1239075586236467,1.1290707313534936,1.1057587024726516,1.097730071768754,1.1104367890600326,1.064774104204143,1.104990837792028
1940,1.1009986497360833,1.2523475127456887,1.1001010757724239,1.1645874298781274,1.1062259092816507,1.0755235028810184,1.0991494373989767,1.100251778280837,1.105673504410367
1941,1.1002934991900988,1.1511974984178426,1.064686258244509,1.117105221071482,1.1014882586994148,1.0522058258044549,1.0833554070906974,1.0793821436736974,1.0864986310498632
1942,1.1072397109846879,1.0072280324401282,1.1347800095272438,1.127558300737671,1.1015152020818697,1.083544528407539,1.0811283133363998,1.1364543657604587,1.0922460268081269
1943,1.1029686218736112,1.1147413620033575,1.0910380857948871,1.1170278901630244,1.1213811468218837,1.0821547010791241,1.0871731095698105,1.0388273275614708,1.1161177064972065
1944,1.1149942550444334,1.040079947012433,1.0555780964311798,1.1304277397086033,1.086379897196602,1.0766112358746922,1.1296183372235398,1.1274791664926354,1.089892721839579
1945,1.0824348873401561,4.053311039576908,1.1129567946768613,1.1064147690998614,1.108451455561378,1.0878917252324334,1.0993007057535755,1.0848142400586882,1.097668593402827
1946,1.1039355552096446,1.1762667615622178,1.0709555300867946,1.1135784063981757,1.0940299940825666,1.1128164976371797,1.0856224648975696,1.1453050017176583,1.0896062571426093
1947,1.1148097056546222,0.9643612617049281,1.0785447652300022,1.1108308672045133,1.1084824328178349,1.0772873865090928,1.092866994474651,1.1033863976846934,1.1531232683333645
1948,1.1036664066401527,1.1091727354857417,1.0763144532684936,1.1333081909999203,1.0979880397832766,1.0827825574100025,1.0787800518134283,1.0665186030071812,1.0442452828984992
1949,1.09804263000071,1.1936240609731579,1.0899759941161051,1.067032103852752,1.1186054025187224,1.0871682809796739,1.097307336301818,1.057943266308243,1.1072518395723132
1950,1.110620649506188,1.0511637708383523,1.0887234616986532,1.0938709015701833,1.1306076987491998,1.0803820528402885,1.1197806731407411,1.0998136886157908,1.067102451023726
1951,1.0931543363284524,1.150964004148147,1.0887936003403162,1.1246728223423195,1.13145157796144,1.1026486822878425,1.0876457988294985,1.1006829722600646,1.103739658910499
1952,1.099594503441188,1.0461918163268684,1.1604609471774299,1.1782329920644115,1.1046758252898707,1.0941683162316762,1.0973349765258378,1.1169632655762014,1.0673699557245702
1953,1.0976718379909407,1.0921250033369485,1.1212980151579997,1.1133818774197377,1.1182616805253511,1.172165162457347,1.1345333101233557,1.1626465952384295,1.077417333766995
1954,1.1119510373276718,1.0298703872089054,1.1344508744653978,1.240963622412051,1.1253335613209388,1.0584378680203714,1.0841008745057434,1.1232152084352822,1.0817466377044995
1955,1.109856897596393,1.1945947843429259,1.1037008735485998,1.160531383899204,1.1396152774929793,1.0707395599114025,1.1262467837174712,1.0926274016493027,1.0939554995363774
1956,1.0883007105056537,1.485515096024326,1.09507228529289,1.121252302728864,1.087981157961278,1.0719849200093516,1.0940544749919727,1.0390551590722432,1.10908399275084
1957,1.0919416159363367,1.0924222885052182,1.09367585619041,1.137352906144001,1.1856263179600177,1.0907946847141436,1.1347988995658398,1.0822076697770993,1.1030164761026644
1958,1.1009791218386582,1.1038249316413684,1.1238280121071524,1.1660311253848223,1.1228924280042654,1.0695479212542105,1.0899003812002683,1.21031495475969,1.128106549637179
1959,1.1033432862085384,1.0983706960014799,1.1041281145870212,1.1327079738017893,1.0937220751089027,1.1178475044542626,1.0774406971661858,1.0841465665645345,1.0728939172287053
1960,1.1095590954816057,1.2319712150056683,1.1174953334599833,1.2034093435353828,1.1760380094846656,1.1112194223134177,1.0905713188632578,1.025192167905952,1.1173011260335821
1961,1.104555764151934,1.0952527718023202,1.3752524690105257,1.1316471627321634,1.157243994895287,1.1137930320512466,1.1101320616307524,1.0482253272604258,1.0914165665792925
1962,1.1022717784720975,1.1060360792178905,1.0814215215289806,1.069574759617223,1.0949201808944151,1.0717592995131606,1.0688783058952345,1.1061323815155486,1.0774374696874052
1963,1.088296715973491,1.0619155429479767,1.1284276304099292,1.1012247523626144,1.1111079323245712,1.0936718230616813,1.110238061878237,1.0572934249698067,1.0721462253751195
1964,1.0986237901983291,1.0295354587900272,1.2100561937332146,1.150866437306026,1.0890428116559796,1.1098979122933839,1.0740534539656514,1.0811722831838892,1.0905993738633766
1965,1.136548774984831,1.1293086071028364,1.108109455950117,1.106513998815432,1.0998190758111277,1.1256372611717145,1.086804296505681,1.09596335938142,1.0800044546693106
1966,1.0970781178286142,0.9722232478857193,1.118043123743139,1.1341484994216993,1.1307726636211408,1.109266388978796,1.1579595522182755,1.058974520388246,1.1201469363053738
1967,1.1137371139611698,1.033959715185954,1.1312399660338992,1.1371529121339556,1.1048212507515163,1.0883688305672723,1.0518073270363881,1.097516559455969,1.0992732677858978
1968,1.1075985460211664,0.9921697548156982,1.206837892824876,1.1621443438115042,1.0927519739292186,1.1477559227416805,1.1428666127687672,1.0804219763496188,1.077278935302986
1969,1.0900422745747618,0.9829994092106885,1.0807115207928064,1.1352603360554918,1.1105743003845998,1.1034044142391919,1.1191919212692267,1.0743938176415135,1.0762911915622126
1970,1.107662138260525,1.1552008590748504,1.076200873414754,1.142469816785291,1.1236544723955342,1.0842872420480005,1.0855903377471041,1.1557832277102817,1.1153509555536014
1971,1.0929659736624695,1.050718390558983,1.1308204400592816,1.1078532236360668,1.103276008586673,1.0906797618825121,1.1316842382010912,1.0672519592897751,1.1103756629587311
1972,1.1052848504752826,1.0943015402701999,1.0773165863400536,1.1201728282039434,1.1229054824275175,1.122436728413864,1.1318883919471932,1.1010076410205283,1.1223107429778272
1973,1.0967786423340915,1.1087598183906875,1.1173946228715386,1.1150096921076347,1.0781017562198654,1.0912541978188277,1.061660433695654,1.0917052347164378,1.1417574863449433
1974,1.118300340575836,1.2113443739378937,1.0798042409356645,1.1327738098410545,1.0875405680415642,1.0704945093514922,1.1207568526846503,1.1132550430429125,1.0887924702802918
1975,1.1110086151669196,1.064357319154653,1.1559128035094324,1.1881593982632073,1.1477506778286315,1.1216299854202614,1.0524735570616792,1.155884309309645,1.1068548962074871
1976,1.0956531593740617,1.1311936780049543,1.1254485617844585,1.0955148822734493,1.1127594878430713,1.25676160146996,1.09060735418761,1.1087837688892708,1.092262588395601
1977,1.108519296633689,1.031046422876479,1.0789471347669184,1.8697662354671036,1.113027148759738,1.1200141291314316,1.066758550781728,1.0780281080572895,1.080842576741261
1978,1.113132506601857,1.0152683437636798,1.0800869046469443,1.1326623027090117,1.116726038107953,1.0622409611639712,1.1157120387106145,1.109685419059747,1.0845943142901613
1979,1.1037229385185772,1.1614657672573172,1.0945100614171128,1.1841676788034852,1.0774346606648961,1.0858818215868744,1.097122574105454,1.0559173848916732,1.1315899445967237
1980,1.1002155089057928,1.133936203403751,1.1346707538791228,1.1489085864960213,1.1184354004044852,1.1171553303592348,1.058022822536545,1.07587215279236,1.1080187265447379
1981,1.1055495562919764,1.0581168735740512,1.1124694018715169,1.157544008020977,1.1222029988437412,1.15028941638067,1.1433337379762856,1.0574800834478193,1.1502244612745496
1982,1.1091542482541878,1.1296711330649343,1.2064653387266078,1.1307376202809685,1.1528463430154399,1.0938453229852592,1.0781877238001951,1.0595265544904453,1.1097845012906289
1983,1.1066467835860874,1.0303068382189948,1.154097110390694,1.1185888112927902,1.0985039203966265,1.1712795952916644,1.0996684205927285,1.0836948379546354,1.131759302340909
1984,1.1035623987325958,1.1368229441264834,1.1814320941734866,1.1038524844421,1.0951492703503982,1.1093540813673584,1.113205733533622,1.0849052417567795,1.0803495972642114
1985,1.0955202268999242,1.034106064572821,1.106895171153675,1.1379504817527482,1.1117511847080819,1.0832174563488364,1.1360884801722775,1.0716352443159503,1.103988613354214
1986,1.0887099639510747,1.1204533747668182,1.0851299603925841,1.106344100810127,1.0842529569030541,1.0673590690677912,1.0716694180937643,1.1589905288962736,1.0702150427846218
1987,1.1004970629638562,1.0216784740867653,1.2085281426972452,1.1082947938124408,1.1152258333501823,1.1025681695818357,1.1267422333396626,1.1126227055717675,1.067508002388789
1988,1.1085113271977698,1.1718746234080735,1.1409047572056767,1.1455314850280929,1.1106382168274656,1.0744338977317474,1.1050579110801102,1.1021079073257352,1.122405931621627
1989,1.1103194441040791,1.1438084032671592,1.1077730162247357,1.1247881742068104,1.1074445008806093,1.0969295586773697,1.117652741474758,1.4026006285501929,1.0916248308485235
1990,1.0955831924628618,1.106149296423449,1.1989320434160664,1.10603495589412,1.1054194607128704,1.139801309960745,1.1463078206152868,1.1497489925714615,1.1015937176826252
1991,1.1077564054281845,1.262212408513993,1.0925192884503747,1.120802364434084,1.1051553842941866,1.1149155082064743,1.0794827960303908,1.075974614761648,1.1776845851952544
1992,1.1067401410729638,1.117354061665759,1.0828142344691638,1.1359940319133381,1.1472688006137446,1.0829093344010703,1.1035696007231166,1.1186692444551063,1.1054851666545842
1993,1.1052851752171742,1.1408379346067945,1.469656864521028,1.113261888910788,1.1503449363715683,1.0678276575469667,1.1425380999897745,1.089056704835059,1.1411625405855785
1994,1.11427596078995,1.1445837068286133,1.110150103612737,1.146464294224566,1.0901337490457887,1.0883650907094495,1.0706320554417175,1.089480691487717,1.1193828862713828
1995,1.1137330738288578,1.0712674669448627,1.0985467858092433,1.1584814404225967,1.0887977223172334,1.0954792628872707,1.1148122860306602,1.135587750987891,1.142593895932387
1996,1.1209592783710705,1.011356520341194,1.1622923826307539,1.0782535493046341,1.094708350493705,1.0669441162369304,1.0873278199587855,1.0588767633774152,1.1031882330693994
1997,1.0946391803045719,1.0901866807050056,1.1786286988956254,1.1604230128361748,1.1533429142438323,1.0935683215885592,1.0691863670495745,1.0702520729995506,1.10172548446399
1998,1.1117327532903556,1.0652140817701181,1.1286733602547914,1.0881293759625805,1.0830015708873355,1.0915713333428814,1.0878675691832618,1.0979127315792534,1.1563513476622989
1999,1.1096830628869443,1.148895403491319,1.1635537308474972,1.1271519598587496,1.1019550832226626,1.0820117936176505,1.0921342093413147,1.0800086763198913,1.0938115983851002
