chain_id,ula,uhmc_10,uhmc_uniform_19
0,1.2101336497151227,1.1178254940675922,1.0943949667413717
1,1.161666719612778,1.1418223784588233,1.1296575541992222
2,1.103407046225483,1.1504873891646732,1.130176464401929
3,1.1390363345972372,1.140564042078597,1.1089586307503805
4,1.084219375264532,1.099182571799846,1.2032639557099252
5,1.1005152179650977,1.1196807903283688,1.1339668039247364
6,1.6569016454158951,1.1053794826658352,1.1098935717653313
7,1.094675379434454,1.134958330233166,1.092043975554733
8,1.0619888605581824,1.1100925710040888,1.1410943853971376
9,1.0071716179219536,1.1295478710312177,1.1075502765549903
10,1.0650998703709904,1.0999421852467017,1.1266288695570683
11,1.1067918837865884,1.1284481901331929,1.1266453807248278
12,1.237820676760975,1.1551692496206332,1.10923797146328
13,1.100600211271849,1.1159286801323522,1.1063544855238145
14,1.0723577889726836,1.1089809155313903,1.1165560599114717
15,1.0569754070250186,1.1659552806424327,1.122808698956707
16,1.09599708039905,1.1020957757710335,1.0949879747745908
17,1.1665336490475062,1.0914827181990212,1.0992992795803367
18,1.1398870286528957,1.1087770780232622,1.138454520350554
19,1.0220546469127536,1.133795469199736,1.183104996741573
20,1.2797193509292588,1.1148064756344271,1.111563734721621
21,1.1361855125815703,1.1196808940121656,1.12801695911913
22,1.0702700485216146,1.153327888438207,1.104575910418361
23,1.0990470367055545,1.1161005316812367,1.1098151471165512
24,1.0726696024926166,1.0953289417242738,1.1134684987440766
25,1.0549893770394485,1.1353215535591639,1.1078243963218932
26,1.0849280825871637,1.123356113003695,1.1439656152971704
27,1.1275514954683783,1.1157143462222379,1.1191900474742895
28,1.1782519694140718,1.1319285622396873,1.139184270580367
29,1.041800454482186,1.1238589785740563,1.1193245068883895
30,1.127023356071341,1.1449319664569606,1.1381181056671075
31,1.2827068408539108,1.1319142074908906,1.1438251614450954
32,1.0558681458394248,1.1110968585657146,1.1042788011179006
33,1.0960459541655516,1.158808065086279,1.110462988377123
34,1.1485594239237573,1.1284574836182686,1.1300216211626646
35,1.0370337424557916,1.1297549683940045,1.1380659216571942
36,1.202853829657805,1.1273168422432853,1.127026759253418
37,1.0580257125189458,1.1155520409765651,1.122270251769925
38,1.0962272283840997,1.1404551803116025,1.1102922773284678
39,1.0778578231492348,1.1147081929654907,1.124520511678429
40,1.1815143093109646,1.1258164311446026,1.1408561231475212
41,1.078986449392832,1.1102589905096576,1.1449163562533533
42,1.1436830326355305,1.1259569981929554,1.134283483791993
43,1.039882288606214,1.1514451034278579,1.1117957550060462
44,1.0662939956107176,1.127591778987564,1.1312324317996063
45,1.1047391299846263,1.1340556902588725,1.1247994306688205
46,1.1317126433569271,1.1332553736555744,1.138770698298626
47,1.026164820343437,1.1349180567820223,1.13524637127568
48,1.1392251450369497,1.1343773265907133,1.1006662819422375
49,1.0650810028514908,1.1819014905980045,1.112252457093504
50,1.0398845578400644,1.1081948637119103,1.1229672813879434
51,1.1248885767337,1.1031356798560354,1.1235201630931722
52,1.1180172000348596,1.1368325008725688,1.109466667864521
53,1.1863971908955309,1.1544347592082753,1.130871518965624
54,1.051974352932245,1.1598804140414147,1.131156151465777
55,1.1919503646965621,1.1180623702345371,1.099107937585347
56,1.070591670286644,1.10817307071517,1.1093248112902014
57,1.0894107937788184,1.1353559495240473,1.0941266671659984
58,1.1425228409513868,1.623279459373713,1.1164133525571456
59,1.1012967333814645,1.1306350160228666,1.126306128270416
60,1.057264898073117,1.116248119187443,1.136245554890996
61,1.2937015294908656,1.1417376041537588,1.1021036514138272
62,1.0642488756197013,1.1240645010188883,1.1211436095803193
63,1.2034849354161026,1.1039713895653338,1.141104545886354
64,1.0513844413379667,1.125528689969868,1.120233901364436
65,1.0634829929533895,1.1459564154588464,1.1046773880750809
66,1.2437575616487568,1.1225215807582318,1.1182479498266646
67,1.1109138550974342,1.1045704553235134,1.139969203274141
68,1.180536422975796,1.1474809683535288,1.1255179667211268
69,1.0361565264020132,1.0886722698599878,1.1735316451040183
70,1.1152445750842224,1.1594864413739554,1.1234063142254294
71,1.0878766258762467,1.1427772316720066,1.1538911554911573
72,1.0880136579380246,1.1334956272875154,1.1173259581030641
73,1.0746279627032647,1.1242132869930406,1.1296103847700614
74,1.1307630092794652,1.1155020681962873,1.1234552999098082
75,1.0380533476469833,1.1275407067064314,1.1169096616529752
76,1.0511147192445274,1.1061303576055779,1.106929857733197
77,1.1652752977807412,1.1219459623261916,1.1146543340637391
78,1.0463490385210379,1.1078047187015436,1.1133404429872809
79,1.0746059306808442,1.108251384223513,1.1296108248487722
80,1.2056512762139602,1.1350335935219928,1.139423304542847
81,1.126444564865081,1.1292097881168377,1.1074895159000568
82,1.0654567105699788,1.1372293745063042,1.1087096757728685
83,1.131524837573968,1.1363858133144689,1.1340849353755398
84,1.376399764971946,1.12827915848329,1.1338689502900208
85,1.0662692443168345,1.1251901564834996,1.1463436686619664
86,1.0777892597351053,1.1323385560651593,1.121974003243829
87,1.1475325570798127,1.1387112654670741,1.114120364940745
88,1.1015164551819316,1.1164493058765952,1.1451073975613704
89,1.1147011064966137,1.1020192818333292,1.1177409601255195
90,1.0719557040801844,1.1143732473636938,1.1148416282830935
91,1.1445080041796805,1.1531452244842466,1.1020032684188943
92,1.0838133864734338,1.1344232915786057,1.1425211252320318
93,1.0567719207303783,1.1379009775538855,1.1189413676921955
94,1.1389540929086448,1.116463712443722,1.133213554900957
95,1.083105914214802,1.1147690230092966,1.1281754779117006
96,1.0005218391006312,1.1411804709170061,1.1410404058012713
97,1.4295393208028342,1.1466163152550748,1.1160110223910937
98,1.2064281861801307,1.1064622223097242,1.1160109062897914
99,1.1000261857761726,1.1429821106740616,1.1355788348559677
100,1.0608548994374323,1.1189073676127232,1.1175947119444665
101,1.0172707067954578,1.1361678274794103,1.1145254030977856
102,1.1775637135648902,1.1341745594179462,1.1247097180599774
103,1.1593960066637952,1.1077900070605595,1.1142644991229516
104,1.0351507497508123,1.1139493035122077,1.097709293203372
105,1.1759242232513485,1.1128034095490684,1.1276683872072593
106,1.0425549885641279,1.1193610859495047,1.0996425835804653
107,1.1562268242326246,1.1212364357689804,1.1059375882332492
108,1.0297817961358937,1.1166588263125707,1.1156888194263086
109,1.1296373497928134,1.1172711752776212,1.1202139476876596
110,1.0930601547498955,1.126465254209992,1.1192471397797004
111,1.068181202396441,1.1254546412250417,1.1416418918594098
112,1.0848222871877793,1.1249618867777635,1.1281306475989576
113,1.151385035989014,1.1591873326821591,1.1162839432189573
114,1.126114184504173,1.138079150388153,1.1075615107316044
115,1.0629783417595797,1.1275383921109852,1.1162711579441116
116,1.2563840391802419,1.1271646735189647,1.1414084002594278
117,1.0772476575150718,1.1312134132306497,1.1281319570835409
118,1.103322771321673,1.1243241074570747,1.132900439327181
119,1.0555094703805175,1.1340657711664792,1.126404204891921
120,1.1200396624509983,1.1132884418077644,1.126111127024706
121,1.043035461061601,1.1030744666758572,1.1188901484949532
122,1.1409550550513372,1.1010684469661127,1.1191403054105096
123,1.0462352842962694,1.1406975426482335,1.1197666683695462
124,1.039591605725208,1.140592256100758,1.120806317884006
125,1.1977047583010154,1.1119736215092115,1.1039860942153674
126,1.3383100090996378,1.1174313992082145,1.1212042209962478
127,1.0874277487247883,1.121374507347373,1.1218185127969071
128,1.2337452723763918,1.09742938512529,1.1186547360843655
129,1.111138908125876,1.1368184166320572,1.131367531327098
130,1.2018448808976374,1.1296560791951156,1.1270627604615546
131,1.1498567760234877,1.1214528743473444,1.1311163072889272
132,1.1550189325459055,1.1159441622091275,1.104186654544137
133,1.1410327629763606,1.095142776429688,1.1126570917340828
134,1.0447232098770525,1.1306383468671652,1.1167823820621872
135,1.1144488543088855,1.1129218439409105,1.1191878999353244
136,1.067910104328777,1.1270535831258757,1.1106519480448362
137,1.089036666335969,1.1025626650280278,1.1039177189258738
138,1.2943892666607983,1.1300840729178894,1.1165386415519203
139,1.1723656973686671,1.1128754700120431,1.136066816600885
140,1.1244930057382476,1.1318270051021067,1.1424603944268534
141,1.099915026538435,1.1258924018152945,1.1461351438318192
142,1.176656300093371,1.1310413350338622,1.1208088178364568
143,1.0726170443909822,1.1373707478829052,1.1349738052746354
144,1.1682191868844718,1.1162340898806566,1.1385804789402687
145,1.0919750140813815,1.1489362302495922,1.1151947656752033
146,1.109559624447597,1.1036138817811774,1.1042921799319163
147,1.153804982241513,1.1306741743588031,1.1368168811369925
148,1.1187595938491417,1.120997100382177,1.125801232371148
149,1.1038051286048012,1.095045159683986,1.122315691041875
150,1.197967393541743,1.1186997259983547,1.1267359802779393
151,1.141960950150912,1.174931812952783,1.1165023738471316
152,1.1075457734747012,1.115296901567755,1.1204545646744897
153,1.0941761597936346,1.140501219065189,1.143801911324467
154,1.0483860840979164,1.138038535619225,1.1289668981778962
155,1.0451913887248891,1.1168855384278142,1.1127786880448558
156,1.0917707386219233,1.1321001484772146,1.1236568049591196
157,1.0887271715684883,1.1383545915970643,1.1253381284061068
158,1.050660861153536,1.1445299464903416,1.1125881306833818
159,1.0236371335910035,1.121346681354695,1.1586988190578669
160,1.036913172966104,1.1195248712498596,1.1226544613808143
161,1.2569988079153271,1.1046058664783267,1.1364708011636229
162,1.1133711991904784,1.1097008413917053,1.121141781189649
163,1.078633187340474,1.1090924634601182,1.1645948782953006
164,1.1448674481985763,1.1244329346892907,1.1063085691605874
165,1.033504338740919,1.1182932525955966,1.1053953114529902
166,1.0986388734783081,1.1385090237552808,1.1496984629702744
167,1.3490204148090563,1.1504556523217495,1.1014615686789209
168,1.2476117239783626,1.1640201416859672,1.1168674514866148
169,1.0323252842421968,1.1586706118787717,1.12106916781947
170,1.0845410368582777,1.1184826120127263,1.1223324017951697
171,1.0985244661132632,1.1176219345021337,1.1428177056292075
172,1.066702235969561,1.1127563404433012,1.1031395386025817
173,1.0645759479953938,1.1044557448701564,1.1332309060835772
174,1.1883525078442503,1.1118816109943752,1.1125670738789686
175,1.0778286293404624,1.1269715724177336,1.121237949454044
176,1.0606589951699488,1.1394840700262356,1.1060649275526162
177,1.1347041146985977,1.122300000693199,1.1244937002835529
178,1.0563028345204324,1.1323790242031004,1.1170390156232943
179,1.1391853308610613,1.1447325887689512,1.1043949688727435
180,1.0298055864237214,1.1576216851500765,1.1356209393942522
181,1.4386967471821162,1.1237160332138056,1.1212030088358123
182,1.183629868901818,1.1427782982036556,1.1215292091842748
183,1.1927497697351692,1.1040541027165167,1.1373723321475175
184,1.0995335345442043,1.143391156067725,1.1214527666437721
185,1.0240475205581636,1.1257265141984782,1.1189301091445945
186,1.0366748495759515,1.2306110459194863,1.0902674395951442
187,1.1292209338167496,1.126915800455531,1.121154145684931
188,1.1150280194134865,1.1048201240290774,1.107237515088124
189,1.1123760328626373,1.1231119996845014,1.116074222529586
190,1.3014096909215935,1.1238157979484664,1.1281250782923151
191,1.1457228663462082,1.124839063819135,1.1179356714823343
192,1.1339237405287261,1.1358529758649272,1.1053137679057943
193,1.1293813183038621,1.1371369597901895,1.1224289309440318
194,1.0411816439141048,1.1215445071273795,1.1232578256538035
195,1.105876042838693,1.1102983845221288,1.1176028155775486
196,1.0546365811682645,1.1303106033244712,1.1162046384001774
197,1.0532791147413596,1.110318219708359,1.1253131219450687
198,1.0464126730184056,1.1260091988135987,1.1308965027757956
199,1.0257367320790263,1.1160758263557597,1.123868166370796
200,1.16559527948651,1.1264345840740615,1.1310205255098404
201,1.0540251576064121,1.1201448998615144,1.1200654656824558
202,1.1267168974907005,1.1316306165871246,1.12495466686083
203,1.172122793457523,1.132840725578475,1.1189372623132754
204,1.2501021973292163,1.124864211638106,1.121711053525096
205,1.1595695032160398,1.1732520093742291,1.122612379639002
206,1.1211547689002817,1.136254363340195,1.126882872658042
207,1.0741269870232628,1.1318847265595875,1.1411121112760059
208,1.0956194762757865,1.142127718749644,1.135192096844021
209,1.1156083378735715,1.1347221353379273,1.110448106179629
210,1.097306648227937,1.114941576983459,1.133321751498221
211,1.1077163722598298,1.1174681807407423,1.1584934066109085
212,1.077459675972381,1.1020831043338297,1.1328426356143864
213,1.066826351578174,1.1231872899511144,1.1373545172927846
214,1.1614323305850256,1.1280763724386198,1.107312682197142
215,1.1447410275849865,1.1333682372754883,1.1199702852208315
216,1.0616524199946473,1.1207484010099436,1.1284376313134483
217,1.1048430218706726,1.135110722865849,1.1389976505831045
218,1.0225126609060318,1.137781538722761,1.1204061803419787
219,1.1990650551124622,1.1103908629458161,1.1170506039289378
220,1.0600795883845069,1.1011219252054252,1.1114765019657253
221,1.079858176917551,1.142156180629384,1.117413082050655
222,1.1834898810298138,1.1269550748905843,1.135074937469576
223,1.1213678606063922,1.141886958895789,1.141551167784016
224,1.1125305764171383,1.1363397560363115,1.107467077389921
225,1.138974715757942,1.1065125989051285,1.1344428259392918
226,1.0829615466622433,1.1093613264864937,1.1149903989727021
227,1.1299669171177256,1.1269880754429655,1.1232418173734573
228,1.041109269194814,1.1172603541861397,1.155340713139226
229,1.1648949687662864,1.1316055782380543,1.1090209209851798
230,1.153823317615842,1.1363661637509797,1.1151785290621747
231,1.033971858507015,1.1243362435444026,1.1193416717310232
232,1.1411531951014848,1.137998871142136,1.1180013073646244
233,1.1484070778387947,1.1179274036145577,1.1016915292917535
234,1.0973861331815289,1.1505272253376215,1.1177736467903614
235,1.0755300337649352,1.11788617836331,1.1369484160397136
236,1.0619883591573163,1.1151164550579975,1.1241132418167417
237,1.0952702083668913,1.1210592693801171,1.113467749936849
238,1.0602335761971986,1.1151398595533142,1.145968429007376
239,1.2074083144222738,1.1097257445054087,1.149763273554502
240,1.123509420514885,1.1471839751293118,1.134013036854082
241,1.1026844136424052,1.123399103756978,1.1212538481333032
242,1.1294282661570185,1.1276151084671202,1.1262784535923966
243,1.0870473235930362,1.1239728710435135,1.14380706122673
244,1.1559426295904196,1.1134847823847784,1.1243818041924027
245,1.06229715131032,1.100352780785084,1.111644321229955
246,1.0847774941621802,1.1260199600297922,1.097657782374193
247,1.1693696609749116,1.1262216844605615,1.1119762254486532
248,1.2019694120549698,1.125411986185798,1.1245418431811736
249,1.0700921095841407,1.1068577405671252,1.1126960414652542
250,1.286009903644431,1.1080507577959118,1.1105421101754878
251,1.1263410358337183,1.1091756850555607,1.12106136155693
252,1.053269375060664,1.1216095323366249,1.1170148104194777
253,1.0523692550844757,1.125966343012905,1.1134321348071985
254,1.0961249818674696,1.1181569999676597,1.1161003456027692
255,1.1353693671884306,1.1233228054965918,1.1219055849639687
256,1.0723654328926497,1.1056918597289207,1.128077603485214
257,1.0619238139746359,1.1458044301394747,1.144696543382739
258,1.1723760705306563,1.1343044059202891,1.109397694623841
259,1.0459827818932272,1.1221434082914623,1.1207099948937247
260,1.1078289212893873,1.1147225835343604,1.1139797640159734
261,1.1853770121642635,1.1277183231013357,1.1194443904112776
262,1.1499815079342022,1.136778374176708,1.1093223371587382
263,1.0596833356578823,1.1218888977481885,1.1235318294076795
264,1.2062213644533903,1.1807233652475917,1.1058160423948638
265,1.042711608384651,1.1245571514760264,1.119181104250657
266,1.2609129910833063,1.1115608414814404,1.1125518279168716
267,1.158329708088205,1.1239455725370802,1.1287369571541754
268,1.1463588407585967,1.1281706956796647,1.1282435059097773
269,1.0669679910821068,1.117682430359451,1.1265455261887773
270,1.0443842948628643,1.108411857863658,1.1222529897512028
271,1.1510551327647496,1.1273097714878877,1.1047665379641343
272,1.1969245930362256,1.1254098255394824,1.1105545240395063
273,1.1089249413487787,1.1214154550584663,1.1247216002595453
274,1.0517047240459563,1.1508266198802646,1.1244374599643192
275,1.1477176383938887,1.1202670736997784,1.175607646750051
276,1.1495682386884667,1.108362322782862,1.128207424960594
277,1.1255478637578342,1.114894204414611,1.1418649556911153
278,1.0717823949420204,1.148401487211969,1.117176894945763
279,1.1384863815655362,1.1295787431538864,1.106434997688095
280,1.0937041807059844,1.1154500397183482,1.1087533885089595
281,1.0534621631940797,1.1269828463247704,1.130717287306263
282,1.077119271097728,1.1152796896451516,1.1104967477793117
283,1.1516756659341905,1.1360741125454095,1.1505924684091537
284,1.09454449456663,1.1022076713021576,1.1247416096600482
285,1.2310012899245977,1.107296335883478,1.1239187552936587
286,1.0267459837074109,1.1442308502916965,1.1198953177171278
287,1.0988402592443938,1.1243251913381673,1.1087452528691317
288,1.0257208468182921,1.134427401013856,1.1098639492762858
289,1.0890212404552144,1.111970871425987,1.1205414075428997
290,1.0837232074075223,1.096810896983733,1.135329337030056
291,1.1643412385258007,1.1455048594143848,1.113654102063606
292,1.1920190261280963,1.13218507793191,1.1135716825799333
293,1.0919811717197754,1.1280497432727494,1.130515495310024
294,1.0782591098792478,1.145241186512682,1.1291715759634213
295,1.0608473586257499,1.1125918937749595,1.1257669321696808
296,1.1548740559625188,1.1290456832752365,1.1417247809263582
297,1.1215786861230272,1.1150764993720705,1.138202208770896
298,1.1020155901333981,1.1191770448711917,1.1191441781744802
299,1.1598953625502064,1.142730154859192,1.138932775524285
300,1.1598391941738864,1.1255671534081098,1.147438901834489
301,1.1789657623181284,1.141415365701536,1.1365158184064812
302,1.1141649475638022,1.119231248899875,1.1106977715549462
303,1.0839558220176644,1.1250883888082908,1.1142211866067135
304,1.0917670855764048,1.132788843861546,1.1186403057098095
305,1.7331800234492578,1.2721139316219632,1.119560937829853
306,1.1355174505384449,1.109279534582004,1.1185483505149396
307,1.0409079766259932,1.1020870229019106,1.1255061156413382
308,1.160905440249848,1.1352129560368338,1.1165047575574465
309,1.0653188655363857,1.133163556109188,1.1250490573504837
310,1.0631773508444213,1.1361788898775935,1.1187761422086528
311,1.2365889628550328,1.1181595589865523,1.1050323470412258
312,1.1042385355912456,1.1201274963487045,1.1017550397362137
313,1.2782784074004303,1.1408680592665676,1.1267610137195287
314,1.1860045409949482,1.1160416461369984,1.13205150778483
315,1.314622619769872,1.1331782899376868,1.1037010303190775
316,1.1643751379413516,1.1356577721038508,1.1191670944863854
317,1.0916470348262175,1.149478864426963,1.129115639081549
318,1.1326430720733334,1.102357386899302,1.1435118900318482
319,1.1801084929131802,1.1159799550257223,1.1918112871859385
320,1.079018589931994,1.131427655560908,1.1296769644399793
321,1.0764714172085101,1.1194679094447144,1.1439576980053
322,1.0888221889621859,1.1393579707471002,1.1259233468515437
323,1.0416200455527047,1.1269763320173718,1.1172775478525734
324,1.0918715090132867,1.1153167219979998,1.1172300457347715
325,1.1012624563435067,1.1182695526319992,1.1388322184908661
326,1.0574852218979203,1.114217166467015,1.1293498333507996
327,1.1977562228976995,1.128445629764729,1.1146883830955006
328,1.01502166285168,1.1543271193176134,1.1261433560340017
329,1.1005671474914682,1.0930752513135695,1.1187286492552613
330,1.0436092827822796,1.1136922683316208,1.132497153004956
331,1.0856725470567647,1.1141795959142864,1.132877267593735
332,1.1859585789580223,1.1364061017079987,1.1155184785653671
333,1.0780153081200678,1.131490531025454,1.1102049909283698
334,1.1127115203016442,1.1202686097536363,1.1383299040568275
335,1.1049994750344778,1.1196286077175537,1.1235503391678823
336,1.1807177021180686,1.1487931784216205,1.1488296879126387
337,1.077021019851247,1.1235212745563807,1.2409704424229164
338,1.0318640689582674,1.1102824539253628,1.1261144876332798
339,1.1505532056409253,1.1113785438115504,1.1256485926707491
340,1.081665717123265,1.1292396345923297,1.1019404684173713
341,1.1804049953270972,1.1442433527493572,1.1207630262977197
342,1.1718990482513945,1.1352065661386779,1.1195515444659978
343,1.077157761960008,1.1382142006881633,1.1264575897191687
344,1.0522085734542779,1.122211988300483,1.1395743980865556
345,1.059452011587971,1.1407153419903069,1.0952804717506124
346,1.1129929318497827,1.1303440859278557,1.1222620530902065
347,1.084665681629407,1.1219696012361702,1.1123353221050973
348,1.203489323912922,1.1188274588003926,1.135267461025903
349,1.1092787538436357,1.1357804585535898,1.1117344829747426
350,1.0311834506358106,1.1634063063341997,1.1364140625572092
351,1.1367084329629642,1.1450385675741437,1.1391373710522028
352,1.0816997842878555,1.1397322868858808,1.1051773217432217
353,1.0579347633149283,1.128095973065152,1.1143596762174028
354,1.027408838169226,1.0957240261012626,1.108665038859326
355,1.0716816343225597,1.1170639879225097,1.1062481414599346
356,1.1252570040068424,1.1164666364905698,1.1241275524623315
357,1.1286630862822054,1.1428128600467393,1.1270800362061313
358,1.1286000254162667,1.163124885409076,1.1158085645634321
359,1.0981608452879184,1.1255001747273465,1.093676909615113
360,1.1021507009787523,1.0986469467731423,1.1097692443426734
361,1.0529046421708474,1.1265383521621548,1.120723052422113
362,1.1480970187022168,1.1557171409085807,1.121344860623081
363,1.1074001300369107,1.1396558743822636,1.1153979233251556
364,1.134670550454158,1.1175073533381585,1.1192784678885488
365,1.093355077876168,1.107849601309456,1.1131031610234594
366,1.033001480494762,1.1258177691304523,1.1061523019779953
367,1.0197138084843096,1.1165176239606605,1.137923149963132
368,1.0802444989841193,1.1314862490365711,1.0867870607401606
369,1.1286731115067319,1.1260026728806654,1.104611416764922
370,1.118293348079178,1.139912109379965,1.121732189474076
371,1.058733303812304,1.113345022039993,1.1157978234510344
372,1.1386976102818867,1.1370099473301631,1.1293721065949984
373,1.116127733414892,1.1395550377179902,1.1168685140577543
374,1.0899273785423673,1.1553267157571985,1.1055670905316846
375,1.0972030830917858,1.118263325835103,1.1528294304554854
376,1.130996435182862,1.107550283882468,1.1727927316490847
377,1.0582746168981025,1.1347281323792506,1.1109669873343524
378,1.3718081427100526,1.1441209185941323,1.142790658672944
379,1.0703063967045636,1.1251961355614386,1.1198678193184157
380,1.1052158210009346,1.117905267182422,1.1299398136809067
381,1.145804870743246,1.1144682068661869,1.0961752359067887
382,1.1207973270188476,1.119725020745996,1.12816604295581
383,1.0848498159340618,1.1294146701459378,1.1535324381062297
384,1.1434515837640413,1.1262310771818567,1.1095792381016327
385,1.1379025545107773,1.1220087097291593,1.2133111770354563
386,1.0752834769652708,1.1403790140692145,1.1176861883923472
387,1.116035425325889,1.095400764389189,1.1489420681076485
388,1.0917885123341122,1.1150364787638576,1.0999959187755637
389,1.0677217568594792,1.0976631586724876,1.118452521913773
390,1.1016066047136188,1.1238479341853067,1.1204865331925193
391,1.0461838203749037,1.133486872460341,1.1183914094763063
392,1.0833775058956125,1.1428565602554208,1.119017937144541
393,1.3806448602906711,1.1296122454255342,1.1388856296368097
394,1.1430657783739897,1.1223628991506849,1.1080938361432329
395,1.1852965950302954,1.1540082737394706,1.1203957483888036
396,1.1401954246373593,1.126816697960447,1.1247242094904935
397,1.147241081415429,1.1332491515884915,1.1016666677464324
398,1.0513247598043023,1.1232778645086405,1.1153000050400026
399,1.1970772067604725,1.1203903347367223,1.1202651323108705
400,1.1414272129726415,1.1122572257032919,1.142267288321659
401,1.1637056181619636,1.1376500148013742,1.1305774119739351
402,1.0562360577674499,1.1245214719911316,1.108204755436781
403,1.1746166510223417,1.1783542098214654,1.1347184310981566
404,1.344153640348213,1.1053508624580175,1.1446485695301967
405,1.1360695244175798,1.138290470776814,1.1286680592396043
406,1.2513911626311134,1.1262904431164522,1.1176637291605298
407,1.0706182262572246,1.1329231389829697,1.1185995060237273
408,1.10127491448011,1.1101818177621403,1.1428294634750877
409,1.1671005363812672,1.1151583811971675,1.096875061946977
410,1.0561641640094173,1.1344733480967608,1.1473703078429407
411,1.121053138951074,1.1325528033854426,1.14014684427645
412,1.0880590338289224,1.1077014747691096,1.1204951002840495
413,1.1463394421520061,1.1350395039959877,1.1167868568796409
414,1.1204761599130024,1.1125815955538367,1.1162071953737969
415,1.1847698663063346,1.1162311941154426,1.111996497765392
416,1.2277342437726724,1.275919335077714,1.1234931970680053
417,1.1179588713100883,1.1222814092645892,1.1150156375780835
418,1.0783421801037318,1.1392686428844465,1.1144869204244672
419,1.1705364296621825,1.110947467038184,1.1256132370997098
420,1.0138605934682063,1.1260316810371458,1.124409117569694
421,1.0997815634748387,1.1689716064568634,1.1263507108128343
422,1.36167699918318,1.1094346436329539,1.1197112617037674
423,1.046748043705355,1.1065877510092332,1.1194132266605568
424,1.1334798640001869,1.111814874284738,1.116006643923923
425,1.1374840566642828,1.1340655177514853,1.0966545565257952
426,1.140194507652594,1.1163357654465509,1.111008745555059
427,1.124439250601302,1.1264832553653363,1.1258889200662503
428,1.0816544900895568,1.123812042483425,1.1408193965759763
429,1.0650222934433886,1.1228397596916075,1.1472470377668265
430,1.1756056941006345,1.141414726815173,1.1040520593602796
431,1.1586196926194168,1.10063806167477,1.1156678136556175
432,1.1223241158856003,1.1323965133857257,1.1345813926407309
433,1.1473283803312107,1.136848265293835,1.1929709622123108
434,1.1874481347462682,1.124771333483361,1.1166598620073385
435,1.1118426876774572,1.1359766754587344,1.1146995664517887
436,1.0730578946811,1.145818059944355,1.103944928271454
437,1.208017293656939,1.1434305642882021,1.1343615960118678
438,1.0826963163529024,1.1142465420678496,1.1243477132443622
439,1.0736419224526943,1.1455057748818025,1.1516188586706708
440,1.0980580686708428,1.1559799430947097,1.1279890856372383
441,1.0873532005801925,1.1113664945405883,1.123324268600625
442,1.1065204590089999,1.134657075270038,1.1055379645517633
443,1.09972972566089,1.1285306317588522,1.123326611171087
444,1.1084564325036035,1.1206807557195022,1.119293413506646
445,1.1307913782209924,1.1362642284792794,1.11079392994619
446,1.092679642848172,1.1239288913380117,1.1176900565619357
447,1.0943689644600103,1.1284623707511285,1.1301465959889287
448,1.0987783250581757,1.097836972206006,1.115883407703513
449,1.1551505803927733,1.1324721356854714,1.1162629509432782
450,1.0620234585445405,1.1071633579930487,1.305840892299892
451,1.1102831862658893,1.1239934108585836,1.1035766794465989
452,1.0730399834336084,1.115008308211632,1.1135308068066314
453,1.04601160553253,1.1320920754739465,1.10592229162485
454,1.0569364971983093,1.1371040988137973,1.1192448546698617
455,1.046667044890629,1.1097242553650175,1.113350034777738
456,1.0165317387683381,1.13565541300454,1.124269606205478
457,1.18555421439148,1.1251362297402752,1.1140796396101431
458,1.1587598563556325,1.1222324581627943,1.1254152247459088
459,1.1189660597222322,1.1445599584142085,1.1138049227513582
460,1.1593104477340688,1.1182255012562312,1.1149021865594657
461,1.111422622594954,1.1231468188656277,1.1363753580649898
462,1.0183697167479357,1.1897805280867315,1.129253484634587
463,1.0764368966642488,1.121137544868821,1.1064204710680916
464,1.0846662441889072,1.1190269693542212,1.1203317705904607
465,1.1033740356030202,1.138769839561851,1.1377576539590164
466,1.1379737615248704,1.1145029651866574,1.13837166632391
467,1.1470018607746333,1.1194315843645424,1.1191763581408158
468,1.1648895754508786,1.1338058270598754,1.1207980102883937
469,1.14607758440289,1.1135968059538106,1.120589690792705
470,1.099009129351563,1.1215828480250858,1.1446005095602636
471,1.1316493284928224,1.117449705772501,1.1212534042698001
472,1.1159252974954812,1.2136095076671893,1.1315691955885423
473,1.3238690104606683,1.1040834267610549,1.139473935837006
474,1.1633726674621647,1.1148635493112065,1.118536009225684
475,1.1626540410280015,1.1257350255669203,1.1244146528204255
476,1.1149655172352435,1.1296913813667038,1.1168519170840672
477,1.0646679014393972,1.1179841875707872,1.1354379884092436
478,1.0334864601727054,1.1351588154663923,1.11374090525465
479,1.0750119182634834,1.1143741634199715,1.1054036659281827
480,1.0673055231337398,1.1519909135259385,1.158144975426922
481,1.1006963836055346,1.1461249360555197,1.1390438794545823
482,1.135500934178159,1.125670659811375,1.1121006486199287
483,1.0746644881649983,1.1287267695344751,1.11711384001781
484,1.0708257173093068,1.1129247320941769,1.1379189213231389
485,1.051888588088604,1.1219597441520026,1.144909221380671
486,1.1388915593442115,1.1155440341041705,1.1070788885905534
487,1.1057499095255887,1.1194277221007944,1.1236363979412818
488,1.2359941887320742,1.1018501808049166,1.1737293558181612
489,1.1118373243484296,1.1227923252400498,1.1162785965824886
490,1.0648742469719243,1.1455308794011336,1.113873804236068
491,1.0546337948081925,1.1273732106949579,1.126966186530132
492,1.139732785670643,1.140401360075711,1.1428198693935923
493,1.2124287581348607,1.1753651627499206,1.1356862935331953
494,1.070629749554064,1.1172135185401353,1.1143316867129025
495,1.0904321723473527,1.095394598406965,1.1057247687297558
496,1.1118956777713869,1.1235147307812823,1.1188782040187575
497,1.176657937630857,1.1130527096799474,1.1236928530712893
498,1.0789014216094024,1.1094618713114202,1.1386871575625106
499,1.232032697215002,1.1211345747402957,1.1758353902701548
500,1.0297241111432995,1.1322531242898846,1.106012206767665
501,1.1181462526580583,1.1397382637662445,1.1282655991986608
502,1.1633670359564794,1.1198877417459565,1.1333981051328328
503,1.1156972811615407,1.1402549938082656,1.106686213265053
504,1.1443265412196202,1.1578481989456784,1.0948027007469117
505,1.1393600470591332,1.1399360088614066,1.1216356710418742
506,1.0514572570190426,1.1231986398396059,1.1382293149998484
507,1.1252320566470333,1.128633977558795,1.1164023785955193
508,1.088547079503835,1.1536738730620169,1.134267583463153
509,1.1886141064797828,1.1247695519823198,1.117819326596811
510,1.1334452704995899,1.1332478823664283,1.1254064613105088
511,1.1410740852754104,1.122429935067442,1.120239620209191
512,1.2309334963570628,1.1222582908915688,1.1191332596913404
513,1.063436406699033,1.0969593317434296,1.1270652291316738
514,1.0751763108782857,1.1141200991632711,1.1157640104729012
515,1.0278574250598955,1.1359351653860132,1.121859499766872
516,1.0850499694078972,1.113906944148481,1.1288246700489444
517,1.084280588194399,1.1330824712059409,1.1192668004220738
518,0.9903182770237144,1.131974811447282,1.1152160432839033
519,1.3334763703971075,1.1152683517583284,1.1275828756717703
520,1.1689953625403613,1.1195594313491104,1.1406564275464282
521,1.0379340402780495,1.1215454675134489,1.161944220182589
522,1.0459877789119618,1.1231577498351801,1.1016890997628164
523,1.0875926004007463,1.142838356588108,1.0985192638560315
524,1.2480645148979692,1.1367393423820926,1.135377354320221
525,1.1521127999527834,1.129102933783493,1.1188651255899893
526,1.1811716784699187,1.1253130256062813,1.0949598139330954
527,1.108595959333809,1.130596606183138,1.12888807288116
528,1.0956951512361188,1.1321737587980187,1.118424679821287
529,1.1483225961633172,1.111009347867561,1.1930072279481716
530,1.1245924701480876,1.1175244452650401,1.1433608976725174
531,1.0757353971454382,1.1025953692227006,1.1305058430654502
532,1.1671259432284118,1.1313118349261688,1.110603388115389
533,1.140623879795625,1.1326984344333757,1.1184472660675737
534,1.1732660665538315,1.1108476530319022,1.1203585062906427
535,1.0845287714952923,1.1352517262993809,1.1268391547576204
536,1.119234039658564,1.1377235604535438,1.0988781556588039
537,1.1327786647515963,1.1183006987159447,1.104467620940636
538,1.0429346648605538,1.140151414460915,1.1264878372155107
539,1.064705142501924,1.1397883360446792,1.1231811201310387
540,1.139580778073518,1.1517721990983736,1.11963461378791
541,1.091635171919813,1.1126896776618003,1.1226030236707585
542,1.0591077101873059,1.1077765895455476,1.1146591910574666
543,1.1686806149419007,1.1312157575933055,1.1339782616143905
544,1.1446848454795273,1.1519577056710975,1.1173167830113822
545,1.2399274993430787,1.1386150037271348,1.132735491303597
546,1.1065490657423318,1.0901757010082052,1.176835528755704
547,1.135656605847485,1.1231685024015194,1.1122551491295176
548,1.0847897135720797,1.1280682900562338,1.1075436282341131
549,1.1523374383673193,1.1165553165556807,1.129973881866413
550,1.099214399648736,1.137020059597504,1.113347484912883
551,1.0608301378813407,1.1342006405900358,1.1084249877548948
552,1.1071790375250123,1.126365334508252,1.1274362945924274
553,1.1221597854771848,1.1105219154932846,1.1514933225036108
554,1.1120742847420328,1.1000583814547276,1.1180380192936235
555,1.066735408514493,1.1475413265298717,1.1121505934937572
556,1.090108230839114,1.1255789828815006,1.1157438952094945
557,1.0272333523748653,1.0976030517255366,1.132099893867861
558,1.1137253050836384,1.1245835930390315,1.1272570193482174
559,1.1065118344242644,1.1368970821508282,1.1116859806407076
560,1.1326420728364976,1.1257328570327703,1.1186910344795975
561,1.156756601691169,1.1321103554734708,1.1168148325357474
562,1.0675533007984754,1.1525589750887493,1.1431639190705145
563,1.086746808887698,1.1165199416931972,1.103958650071311
564,1.0740595702349305,1.140142517048196,1.1210650736553935
565,1.1682510899347975,1.1180894157777928,1.1011609673495582
566,1.0636612929889182,1.1359936183754689,1.178382357870878
567,1.0715270894531113,1.1703015092686309,1.1034104770386712
568,1.0516747145557566,1.12566216869634,1.1085925359743825
569,1.0387579262015905,1.1338455522330346,1.1295980552576488
570,1.3181931560843847,1.1269830846494904,1.1134192196254757
571,1.1074147282804745,1.109643623760332,1.1361133951764257
572,1.1278574477748444,1.139034703333585,1.1156247059557696
573,1.0690294085270255,1.1467315211536673,1.1128899155306236
574,1.098593096700688,1.134163198135087,1.1058506750651478
575,1.2327557455084357,1.1118861508592066,1.1286617613826813
576,1.0918851836301242,1.118366933702815,1.1064711396755784
577,1.121268919280244,1.143529920415064,1.1107418614253108
578,1.0597410891193244,1.1056548068431513,1.1153122500629977
579,1.1038762889676286,1.1310105320832577,1.1233989427478752
580,1.0768273542935989,1.1323591027205189,1.1219885380337182
581,1.0850223971868131,1.112624528702279,1.1246855477453441
582,1.2956798380383188,1.135714929617092,1.1430718596275626
583,1.1138478858302905,1.1140899428386344,1.148814223577994
584,1.0277516661917756,1.1366121134459002,1.106709432458703
585,1.3574352719008416,1.1568325415361012,1.1149015352054188
586,1.1133600557544754,1.126379425325026,1.1319988602035402
587,1.0540613559445313,1.1408134319309429,1.1105293086103538
588,1.1023980614092233,1.149029971869012,1.1538680159972172
589,1.0880105682872219,1.1347857976719429,1.1409499770750096
590,1.0904187414486486,1.1035628046450274,1.1421294922617953
591,1.0918700574166131,1.1102294902594534,1.1111764701701639
592,1.0962419642560994,1.1036150928371238,1.112707962300074
593,1.2137289279288317,1.1140291981157717,1.113230646490282
594,1.1179175631151923,1.1616102487533975,1.1135608194265956
595,1.2233331497967035,1.0926782060003672,1.138598485746818
596,1.1299742398767538,1.1540370792023125,1.1172032725581231
597,1.0900888538399158,1.1308995576380645,1.1195478001449186
598,1.1471129872614634,1.1324612292191871,1.1096214974017486
599,1.0716972418547732,1.102895865678842,1.1086844725692502
600,1.0961103295969252,1.12498570979778,1.1054515361933042
601,1.0791889242804646,1.125469271514359,1.1290507909946481
602,1.1525757403048897,1.120132415793792,1.1035090221244364
603,1.1776327027229236,1.1155750833953544,1.0962567078286864
604,1.1675031590128888,1.1232945876379008,1.1029986764955522
605,1.05413107305466,1.1058354769081977,1.1227798240262594
606,1.2905878788245158,1.1247171712095203,1.114911401851316
607,1.002992975284019,1.1268468164355414,1.1218657286752558
608,1.160183809882123,1.1346624219358872,1.1197896629015431
609,1.0758923042828883,1.1450242720322705,1.108267222119985
610,1.0568482000155186,1.1542800790151924,1.1055028407597733
611,1.04689140178905,1.1057644477610424,1.139256943404866
612,1.1370369503431013,1.145372725583996,1.1432395582861834
613,1.07549999987024,1.1181170828915383,1.1462304304861464
614,1.0300433269640799,1.1577333614045606,1.124030167665219
615,1.1177685784128477,1.1389625225569218,1.107850606926347
616,1.0652812998496421,1.136262411997899,1.1257578533116435
617,1.0352865163621652,1.120879138327639,1.0992203424019664
618,1.1404942140686023,1.1246702568843143,1.1349830908066068
619,1.1290958373286546,1.1332918703236923,1.1208470840953713
620,1.061404043960979,1.1603552043082233,1.1396004208346975
621,1.1546865023983204,1.1251938859440598,1.1297268471187163
622,1.1474962192681157,1.1101682334963732,1.1095666696732944
623,1.023906963533699,1.123843441357657,1.1121909955472575
624,1.3027099218440108,1.1041469710976024,1.1362236157304348
625,1.1002661077734175,1.1288387254653818,1.1204770725060453
626,1.089190322633191,1.124334179518323,1.1060026101323237
627,1.0226296361607654,1.1216548933320825,1.1106135166657942
628,1.1658842384039922,1.154838665058346,1.1391267804229017
629,1.104587156130718,1.1381581456584184,1.1233219453268202
630,1.1229497811843956,1.1122399941201184,1.120220504162744
631,1.0746016653444117,1.1122706242261515,1.1225450835750543
632,1.1238192910278648,1.126854840266094,1.1165513111138903
633,1.06348617817608,1.1191593621914617,1.121615855692122
634,1.0975515441205645,1.119336044577819,1.1329668924826215
635,1.0788565099994327,1.125734461921007,1.11862937010933
636,1.1356099456509783,1.1251462977405715,1.136871256020475
637,1.0782063302587688,1.1411158326328648,1.13361941295172
638,1.318106891371642,1.1249361067752335,1.112716949243012
639,1.1086569537918791,1.127217917183721,1.129598797581055
640,1.2223533291390363,1.1205037978285697,1.11670064206957
641,1.0370215419689357,1.1558575867269085,1.1132582267185023
642,1.0934585594064312,1.1206472781272439,1.1118880120322367
643,1.0473557060508127,1.124538238228001,1.1252414423885917
644,1.074754344938178,1.148016280083352,1.1405157967861697
645,1.0733836986665868,1.1375229454853035,1.122146309506408
646,1.0961807822663239,1.1303458344885338,1.1183948963721846
647,1.1511642516447793,1.123761931690122,1.11747487845396
648,1.08793874001595,1.1322856295664854,1.1297634665742744
649,1.2479501032571358,1.1249074272941306,1.1250764849921036
650,1.081878090592021,1.140570808434545,1.1070800146753215
651,1.1077107898123935,1.1252766834074421,1.1443356046763864
652,1.075388963445704,1.1360900922744683,1.1244578187098089
653,1.0620917132138914,1.1012655939875853,1.1774317712160969
654,1.2585926806646908,1.1430362608027178,1.1276281323067268
655,1.0841755892740546,1.1282620154597605,1.1303895945165232
656,1.0656592133627245,1.296992921669908,1.1067213426094573
657,1.1187709907696246,1.1115778575647663,1.107086879556671
658,1.2711502111771877,1.1286461956847542,1.1286722636319133
659,1.1365293299639398,1.140967272906745,1.1322967688410117
660,1.0254292936660763,1.1339616737631775,1.1107732904357297
661,1.1079694570043706,1.1272300800919344,1.1061080123928526
662,1.0608556704516021,1.1205441533606655,1.1023511196868194
663,1.1104973463444563,1.1519582440804241,1.1311001931443263
664,1.1441116753644307,1.156678245308257,1.151343576535002
665,1.1405391096766293,1.1490562367730868,1.1650642190505585
666,1.080044205454027,1.1219545088416214,1.1230000242424216
667,1.1023750383128252,1.1286253010282716,1.1197815384034047
668,1.0368011942246362,1.1035920246700792,1.109003515395296
669,1.096716120891048,1.1181662141609305,1.1204386812338936
670,1.1136855315769445,1.1171945033940691,1.1106149785015573
671,1.0655967100253694,1.1260068068135447,1.1192002132681464
672,1.135499667669727,1.1105747337867216,1.1020139297816285
673,1.0857097743510231,1.110685962396735,1.1358593233590648
674,1.2512938379256913,1.1153235370790329,1.1111789973680999
675,1.0885966218854075,1.1289804251446058,1.135068930260972
676,1.1002770380073303,1.1293888501567653,1.1176433181857455
677,1.143804030529585,1.121852899890043,1.1056045824809126
678,1.106176974122294,1.1430076967134597,1.111220522133079
679,1.1509389568009825,1.1244220027909524,1.1269561823484249
680,1.002107215317376,1.130885276213441,1.1052986362863926
681,1.1497515293524436,1.1146113140446823,1.1385320394131027
682,1.0591186359669638,1.1393633904075224,1.1355634679986963
683,1.21109907674743,1.14600191294352,1.1124802986965086
684,1.0993445193411489,1.1198548641999706,1.1126843458755658
685,1.0672655323590303,1.175427190674067,1.130378613552185
686,1.1843132541839045,1.1174953975354518,1.147706241579417
687,1.0895639994633768,1.1528690648449431,1.1246829581159805
688,1.076380772132697,1.144643267246515,1.123208022534253
689,1.1625354166222726,1.0799953212952604,1.1272040642871577
690,1.0779140504131195,1.111309139298807,1.1188463045744492
691,1.1523598131859147,1.1393364568288054,1.1030456132856745
692,1.0757413958610968,1.1281583193518112,1.0995618071504047
693,1.6270952975438535,1.1272490214957513,1.110360332731221
694,1.0446582346883753,1.098313162639913,1.1380465479313835
695,1.0368389198863823,1.1191181054303778,1.1003218043025929
696,1.064617817614312,1.1124036303323623,1.10901743317007
697,1.207725615825204,1.125630659839651,1.117132258102999
698,1.0835722368472234,1.1105395599747037,1.1260917505647043
699,1.159760215748525,1.1171418173228975,1.1537275871650063
700,1.1666655626552296,1.1100858658137485,1.1237455626309716
701,1.0565265274193247,1.1061409775717264,1.111168787295164
702,1.1002081987982537,1.1170621850138676,1.1071038605263317
703,1.0970816848278853,1.1606838129829706,1.1087224547587646
704,1.1347755662148071,1.1257260165925222,1.132684836261381
705,1.1475925800866489,1.1118939437433224,1.1244983640245163
706,1.2963049253714534,1.1308174241479758,1.1146523440273308
707,1.2599372465616459,1.1399123799261845,1.127625670897345
708,1.0841516854430222,1.1498918263041942,1.1218504529321802
709,1.1607074575644742,1.1403943383320385,1.1060276122199653
710,1.031260359304962,1.1331871917375358,1.135484235739381
711,1.127187879578964,1.1278142817348589,1.101339716066779
712,1.1356447623940094,1.1215190532600199,1.1093190942616824
713,1.07837201216394,1.1815971554861349,1.1427169959961896
714,1.1544515042385697,1.1281188381087175,1.110444847938646
715,1.0506850530766314,1.1291038243474467,1.1020124423384152
716,1.0841907374086919,1.1285330879796411,1.1220572021515354
717,1.1456488327721008,1.1468035232306182,1.0977778655657553
718,1.1374884205370053,1.1041113011746067,1.1470839243462037
719,1.1918865287938352,1.1246986293622943,1.1170807431020564
720,1.1361856154667118,1.1155003752012222,1.1111816975603257
721,1.1010499464538985,1.1386971524042764,1.112066235743002
722,1.0819941520989604,1.1394038571047416,1.1016220617225512
723,1.0638214672554758,1.124427773096049,1.1207113181623563
724,1.1049064281990624,1.1639703491452977,1.1165717855956019
725,1.055252436862337,1.1058622168791057,1.1248679056007236
726,1.102333265183235,1.129570433117072,1.1330774955280463
727,1.0591610723454359,1.1149638490957943,1.1459816556171663
728,1.1163078761320535,1.1363680440328847,1.1061592816303125
729,1.0546403510965452,1.1505243887882601,1.113948496512334
730,1.084658740888772,1.1181831607174098,1.126782297866571
731,1.2826193090518165,1.1200017377108786,1.145700613753211
732,1.1262358911302284,1.1293086638037055,1.1185331836993293
733,1.436622520187984,1.1102443285792096,1.1367541592918435
734,1.1395996368862071,1.1803657979234896,1.1155462618700773
735,1.0756745008129793,1.1287307452202084,1.1189805560655248
736,1.1174316192992306,1.131191511035025,1.1278387281872533
737,1.1259323645880748,1.1200776687285001,1.1090239909595634
738,1.0877148555456508,1.1186054786013933,1.1049456077277922
739,1.101889670866862,1.1124822657164724,1.1263035476107075
740,1.2167285659774048,1.1194252594373129,1.1357662182597388
741,1.15603494031382,1.1259143352373857,1.1116159275344693
742,1.1297377341429249,1.1141726387124886,1.1224379127878983
743,1.0390120129387892,1.145686119369757,1.139043968612369
744,1.1478424296257912,1.1285491857387202,1.1088919171756038
745,1.0275711927955813,1.1156887491562937,1.1597801784792199
746,1.0815412485570075,1.120899877426208,1.1015957307953812
747,1.0391464764508032,1.136464668550218,1.121055994279463
748,1.1073480719736084,1.1438960044866242,1.1430359313896443
749,1.0796297406048736,1.1353474343794787,1.1181228721293512
750,1.2742902437296078,1.1376917584615576,1.1118951080092603
751,1.113991685273153,1.1136723990835473,1.1098594371883923
752,0.9981692887374999,1.12915125954426,1.1467090697841897
753,1.085227385808238,1.121071244775481,1.11072646042974
754,1.1288350881874076,1.1425696875199327,1.1210114973194178
755,1.0527038140668181,1.1285909512710746,1.111922402949948
756,1.1280391459775587,1.1162226469740366,1.1066699018247648
757,1.1866126529555434,1.132289566856043,1.1216565506012166
758,1.0823885473385328,1.1498644906884645,1.1058424759617518
759,1.1373019592703937,1.1276640650928569,1.1071968018718041
760,1.1828409926003323,1.1467935888370502,1.122600693503695
761,1.0958282411430869,1.1159953563405733,1.114344947120723
762,1.0284942309789402,1.1568896781381361,1.1212682254768447
763,1.0438925655779634,1.1101365196372985,1.1233300432448938
764,1.1447281442895714,1.1511881701851523,1.1224745245899315
765,1.0984971294799637,1.1166428929510508,1.1324186054647105
766,1.0837167848903657,1.1423392226553821,1.103358342080926
767,1.1227715864287273,1.0960066288767354,1.1209810857323987
768,1.036247791887094,1.1235526001754153,1.1284709530008252
769,1.209301696603979,1.1337124250945143,1.1125780519351698
770,1.0927309553738591,1.1286350934899259,1.1399702194107875
771,1.1732235947901275,1.130809283626581,1.1507845622881598
772,1.1553095955456303,1.132979151863636,1.103177470263681
773,1.1004484162626114,1.1238568251071728,1.0883172499625353
774,1.0735190205512113,1.1524858567624734,1.1046586917693182
775,1.1968358901989398,1.159490317735843,1.1060893782490986
776,1.0665375477496144,1.115987981794957,1.1407732492541192
777,1.1505471602508508,1.1264084178788503,1.1270949065273197
778,1.178448261944137,1.1282810219678352,1.1024740219687656
779,1.1400012781276252,1.1147007927541173,1.1104499874602785
780,1.1544988844738477,1.106117678091745,1.1118888135095846
781,1.0684808471566265,1.145415540239145,1.1100366964733563
782,1.0550625138527279,1.1396988585705943,1.0985130579447901
783,1.1291560233869036,1.1108691483692321,1.1072435333913893
784,1.0608443755588841,1.17238510818629,1.125194148843428
785,1.1142570919334398,1.1283114294611551,1.1142732649010256
786,1.1293496547556399,1.098791252897223,1.1148673127760302
787,1.1642271620043594,1.1387411197795883,1.1214743228802422
788,1.0808299953320581,1.1331918813691602,1.1208825988126276
789,1.186525098262831,1.1395383326995494,1.1140544150272826
790,1.064750176948405,1.1148524588966315,1.1132397597583847
791,1.0802481307302771,1.129681266544389,1.135616210481658
792,1.1232446679264783,1.1295190706742912,1.1172109032871236
793,1.0883547438409962,1.133995349856935,1.1064769615910737
794,1.1022658428368461,1.1261911939363218,1.1670219088747973
795,1.1164545338807292,1.1328292977976615,1.1311002028919455
796,1.126135915603672,1.1231833487703442,1.1227515298866042
797,1.1981441282428278,1.109054319668099,1.125207287252705
798,1.1538398032295072,1.111945897081366,1.099340347980073
799,1.0723615305774186,1.152230698746884,1.1311482567134479
800,1.0790247705082694,1.1604342253709008,1.124667905408798
801,1.269871822251798,1.1233548383672078,1.1051220557816726
802,1.1423472725275678,1.137895724486157,1.1235939585099106
803,1.1213555092629104,1.1251056391980092,1.1338072187899382
804,1.0960920804910386,1.118009762328187,1.1153667496711035
805,1.0989396197750394,1.1357689470188659,1.1006601491631405
806,1.1348027325885957,1.1612450515255757,1.1091782365945493
807,1.0658866813472447,1.1197482618179986,1.128215399063389
808,1.0594239040973978,1.1277050742159713,1.115318902739719
809,1.155954293829801,1.1299847942150434,1.1082313094628693
810,1.0514546299980394,1.1214210720419924,1.1201786634936637
811,1.1127505998454,1.1100610464038976,1.1103923739702013
812,1.0100457423482165,1.1249108440184015,1.1311208799245742
813,1.1047179012073438,1.1407441382383492,1.1311423289403197
814,1.13572800409499,1.1094877635458489,1.108602230064954
815,1.0746046927682265,1.1393179772023718,1.1072142140904842
816,1.1134082789519641,1.1397304566619242,1.1332683492408837
817,1.1717135288193372,1.1121531765176755,1.1418720906893403
818,1.0742102683011332,1.1321156889854576,1.1188206114847727
819,1.15388213745436,1.1344982844310092,1.1208660663821752
820,1.0764207987916856,1.1257623009696502,1.1330621586634715
821,1.1057153301163967,1.1131461761826413,1.1340828831930936
822,1.0718309766930003,1.1212839713510245,1.1104171391071198
823,1.0568622103772316,1.1272710456132795,1.1106125901302961
824,1.0326977113024642,1.1256799817786654,1.1451137172829866
825,1.076520921263982,1.1633173649230815,1.1141615055015321
826,1.079254713512544,1.1037233011213443,1.1280781145704621
827,1.1037268513673915,1.1485235253425874,1.1097050640027253
828,1.0370692473472511,1.1305351268584054,1.1561658939421686
829,1.0909281938496336,1.118335202841201,1.114393794626199
830,1.041566466937509,1.1252696249137082,1.0983476812015747
831,0.9877911412188912,1.1289388008580261,1.1074328153707198
832,1.187023821801617,1.126230175001359,1.12684693784663
833,1.1402917483711976,1.1291014539705837,1.1069562031001081
834,1.1222947787764865,1.1240032515247753,1.1256586873626975
835,1.1250510374777511,1.1162600988502318,1.135236412615202
836,1.0795493225741855,1.1221145479771124,1.133537064909812
837,1.1670276972154372,1.1418292254423277,1.151675128905102
838,1.0796807847954486,1.1228319617906868,1.122532994298807
839,1.0550138088004235,1.127098791457756,1.153093946856089
840,1.1648921206839504,1.1093414106463289,1.1043628693635865
841,1.0899910556477106,1.1224485964624666,1.115338591077111
842,1.155089714597628,1.1215190597954972,1.106012400002905
843,1.0552374195222045,1.091395612234517,1.1387474328834526
844,1.132254645587862,1.1281811430583553,1.1082358410482045
845,1.1063683945245435,1.1291060868812117,1.1461958897017572
846,1.245990302157161,1.1361999570993087,1.1107289104371194
847,1.041345224438061,1.125694144642939,1.1491325190027661
848,1.0805896366771601,1.1349492709937867,1.1203262438335828
849,1.0902954705217616,1.1201631398621708,1.1215596257197822
850,1.1181888418671142,1.1126713696532156,1.1140378862902691
851,1.089780311306733,1.1153342229714134,1.1227882650757146
852,1.104222415844239,1.1087645172649592,1.1381293382675493
853,1.0844103465234065,1.1139359212204967,1.1252022111789188
854,1.0977851412805335,1.119442807305624,1.126494317474648
855,1.1330656331289959,1.103046684702274,1.1251855970284153
856,1.1230197507944149,1.1496534876952083,1.1112595364686952
857,1.0841545512541275,1.10229144601661,1.1204975041558667
858,1.1188273907559527,1.1733103093904576,1.128889004519572
859,1.129826609168236,1.1343446760594806,1.1281603925822867
860,1.0656852557782168,1.1117308704329747,1.1166878153186683
861,1.0385029795368967,1.1277429681954463,1.1154395287432812
862,1.0058444256287549,1.1516586505269262,1.1587347975352869
863,1.1168900025081132,1.1227348234348127,1.1157668638707183
864,1.0889924183129502,1.1242324774299997,1.136263165409128
865,1.1155665040759926,1.1228479527980337,1.1203351269411035
866,1.123842161209962,1.1347020558360164,1.1202475089052386
867,1.0313923446614963,1.1266554422945076,1.1280758116208556
868,1.1266173670932573,1.1277051428761748,1.1262384387868527
869,1.122538657557237,1.1510561096285732,1.1351503631680224
870,1.0725028077705852,1.145604640973686,1.123321205507002
871,1.0662059048314338,1.129542096484181,1.1079292211409681
872,1.0315503552366527,1.1429516639160784,1.1240917820021143
873,1.1426997039274953,1.1219744886493097,1.1326659769611631
874,1.3615861966225693,1.1245145752408119,1.1642231002155257
875,1.09323735571666,1.1225207692710144,1.0984509025481668
876,1.0607978972396919,1.1148583999490504,1.1020170960389046
877,1.2128138427641642,1.1245460286330287,1.1201251337397715
878,1.0739626453737579,1.1417498826699735,1.141589963508231
879,1.0976998911029607,1.1190151175386713,1.133536606635838
880,1.0742088966088723,1.116776304515471,1.1052362771012592
881,1.088696257754578,1.1287393464283635,1.1107123283633116
882,1.1608041816258206,1.161947352775681,1.1346054933798184
883,1.0456126853197223,1.1501159249348254,1.1106958716323485
884,1.084001132631896,1.1237987351237788,1.1240428059856382
885,1.2680727565060428,1.1272260549886972,1.1141075827261837
886,1.1654487089213965,1.1254532270262845,1.1206229327751343
887,1.1058585122097497,1.100345681533191,1.14828091417566
888,1.259425681836105,1.1235910373809443,1.1340775695847378
889,2.0557567905195255,1.1308183246114345,1.112464967153468
890,1.1987493788568204,1.1294257574677606,1.1284560061505629
891,1.1518498115979579,1.1029889455826598,1.1268202762174033
892,1.0460987012186036,1.1342313046750188,1.1145688696354834
893,1.062628295914531,1.1688741955566089,1.1350806132829796
894,1.143905583251228,1.1286480097412916,1.121508064938449
895,1.0797147490216776,1.141202685889022,1.1252869424794008
896,1.1611936316828666,1.1293495409893435,1.122948684092045
897,1.0785894259953148,1.1436442171879035,1.138985046724742
898,1.2395405133225672,1.159142803202236,1.1234893513598947
899,1.1267325005180535,1.1405058971032809,1.112091089950472
900,1.1409945747328112,1.1253202194714094,1.1162256364362582
901,1.1736291893471038,1.1158721983646902,1.128667378279521
902,1.0806146329689428,1.099477775696493,1.1187818665978861
903,1.2627564730890615,1.142715034556647,1.1226482457566136
904,1.094801050461397,1.1436166990522667,1.104621430809115
905,1.0591406888551413,1.1321213142894264,1.1535695601261104
906,1.0666878747760205,1.1037578849134517,1.1272074064884352
907,1.0752658082481268,1.1166968754505389,1.127342984351218
908,1.106467817712924,1.1163901363074307,1.1260951233202665
909,1.1325031391436464,1.1150971039640285,1.1001157406527649
910,1.177077235665112,1.1351509371847168,1.11628089846856
911,1.0203376324170916,1.127845416617097,1.1642280938886846
912,1.09572694168483,1.117329709744014,1.1413367894473598
913,1.0852277286491305,1.1202081729288895,1.1198440941140848
914,1.0398940679346418,1.1336933280215546,1.1260239655178739
915,1.0883994092106917,1.1238073994419309,1.1468775886333504
916,1.0357355054454218,1.1083683230200736,1.125557797459712
917,1.0565880788181343,1.1025074833988988,1.1388000270961587
918,1.065031432347767,1.1337301760702068,1.1142718264524538
919,1.205936748954791,1.1492511296066827,1.1020855391263034
920,1.0959731724013282,1.1284349429173461,1.1225842091813374
921,1.0857912305674882,1.1328436623554698,1.1267492907150696
922,1.1433641823391545,1.1242480392203196,1.1140759934233209
923,1.0484562907670514,1.1180083870180912,1.1397654896933287
924,1.111453246182462,1.1268147302849871,1.123798564738628
925,1.4735061509983753,1.1119004198863935,1.1292154320264765
926,1.1092620697424234,1.1132822321775275,1.1241276541341745
927,1.0830368717966912,1.1257776551982297,1.172202945956804
928,1.1140846301006144,1.1580488104840496,1.1246151784031724
929,1.0681181148592107,1.1377648205246211,1.1098629279809331
930,1.3733130573647145,1.1408591352100166,1.1329193769893666
931,1.1005621077847807,1.1122186912641583,1.1131295554253053
932,1.0550250568686752,1.1250213262295243,1.1093313620670497
933,1.0873414275731959,1.1339994691177868,1.1116160977184537
934,1.323506778338591,1.1428821593939666,1.133116663733638
935,1.1151893596590687,1.130443680667298,1.127321330955611
936,1.154545802381564,1.113160022670664,1.1290207681632487
937,1.089954039138278,1.1124282005058022,1.1267228730537922
938,1.1815994465234212,1.1182231554117683,1.1210794934222033
939,1.3087401872941256,1.1288450866389612,1.1206319604533383
940,1.0775569677413563,1.1192012985243693,1.105346837885215
941,1.0400321909296015,1.1402508581802686,1.1536303381335078
942,1.1257259628797782,1.1505903715285144,1.1052721515681756
943,1.066925815255588,1.1073010472033074,1.1093454649276904
944,1.0832847128192507,1.1120213209562608,1.131990329216455
945,1.0441643548511788,1.1289814407771814,1.1334513001967546
946,1.1087757252407593,1.113331551326175,1.1190260408705994
947,1.0695891871660723,1.1260156860727757,1.1092110478263701
948,1.140400606448437,1.1383791531911776,1.125801862807092
949,1.168087715804547,1.10859140119191,1.113973831912617
950,1.1195196923214352,1.1287902744222513,1.1015235176120637
951,1.351019541346572,1.1837697436487298,1.1051847885274082
952,1.069447986272491,1.1562307890131807,1.1341536597602664
953,1.2342333549674105,1.124382060648267,1.127234206041584
954,1.0178743224631708,1.1202727259198295,1.1213015057837274
955,1.070757905836555,1.1127191034893078,1.1324100713654293
956,1.069908418494138,1.1484929711451788,1.1408730954498372
957,1.07348488492489,1.1233880975989978,1.1238131432673504
958,1.0431113460376285,1.1266222893787725,1.1176374543678371
959,1.123442062974972,1.1241872779991262,1.1273472932108344
960,1.0986341049153543,1.1268248927625115,1.1253835721947303
961,1.0899575989855625,1.1232734050057818,1.118440427678505
962,1.1483948683961525,1.1381385386522922,1.1341478222448216
963,1.466514543864675,1.148872682432462,1.135068165838824
964,1.0873445285158299,1.143561839981842,1.1156378165969953
965,1.1344550571079077,1.1166435278751625,1.1155147888031025
966,1.0695672987932165,1.1180153772331383,1.1126117909116153
967,1.1290020009186397,1.15564279977273,1.1078346026188284
968,1.1086805630707621,1.1298269859632188,1.117658466042829
969,1.0837700349511774,1.1393183100105486,1.102667455021861
970,1.0304902994832534,1.1280587411881737,1.142603596833009
971,1.1243712025653687,1.1388795465761121,1.1149698739732607
972,1.114118719262285,1.1016766656611707,1.1247650977326358
973,1.1012172994111662,1.1531832041212955,1.1007871686737085
974,1.1114345597372282,1.1297195587462365,1.1171139894921223
975,1.1510501261499946,1.1164135468955194,1.1139569144070813
976,1.0936027444113907,1.1384625786749396,1.1202769077888848
977,1.2175364190240008,1.1110956546084325,1.1151783175112202
978,1.245432541444018,1.121827937031137,1.126103234249469
979,1.1016191845880106,1.1168192729658142,1.1284013072562158
980,1.1256419273556373,1.1236222375170144,1.1358013668214324
981,1.1422634385530481,1.14431103559434,1.1347848252889325
982,1.089494344503211,1.1545899444140568,1.1165384613038187
983,1.0743090181163666,1.126563845969595,1.1197130626664258
984,1.0934475799284378,1.123923385215517,1.118972271999391
985,1.061092263598368,1.1239492291857647,1.1490760619784743
986,1.1168029521311802,1.1130535447309777,1.1098151460591599
987,1.0977230064662442,1.118656534886115,1.1212509047363484
988,1.067200639990095,1.124950636037135,1.1139343907043062
989,1.0709408690326572,1.1569203045613252,1.1271327533830597
990,1.118922381495642,1.1246658022099674,1.125051494418152
991,1.1127149858054135,1.1265746950545847,1.1077634246213193
992,1.1851199291859327,1.1310383709562892,1.1151689217238872
993,1.1377896374593226,1.1331237532937033,1.129634141697022
994,1.0647979137459302,1.1451654322168419,1.1227741162306109
995,1.0387690623719799,1.1177877961113492,1.102068271966684
996,1.073676883105603,1.1344949859811428,1.1316464495486047
997,1.1324234989516626,1.1211713838894781,1.109881810767328
998,1.066563137506767,1.0930508641161703,1.1306416912725037
999,1.0535571645943873,1.122930244007975,1.098897989861519
1000,1.0799225931333343,1.1222844816362678,1.1243261361541317
1001,1.0226293458870788,1.108674162113503,1.1264316091343143
1002,1.1523373824122647,1.144640188149592,1.0987466170995965
1003,1.4096009226769943,1.1110322475859855,1.126520951305175
1004,1.0306511032782935,1.1197937340136943,1.1150459335034144
1005,1.086183208990266,1.1358263399453439,1.1177947530251569
1006,1.0784808274450135,1.115748870761307,1.1772986200433355
1007,1.1639186132688388,1.10650645306524,1.110577392785642
1008,1.2209623122319584,1.128293916420474,1.1203504667159587
1009,1.1217545203343464,1.1176773301076512,1.135740529108364
1010,1.083298487042834,1.1251340546898043,1.1214328792502959
1011,1.1318158022998899,1.1084529785401496,1.127181411616893
1012,1.224551731675158,1.1569993338828477,1.119934844047077
1013,1.223072995279267,1.114496225480138,1.1039394698693075
1014,1.1595779143380989,1.1156747746132294,1.1259872581313592
1015,1.095545150905856,1.1198522630631595,1.1202614071694739
1016,1.0761536622008006,1.1362741040418325,1.13954297867267
1017,1.075713771981794,1.1433120531453895,1.109220351889362
1018,1.1708665346866045,1.1847317220124263,1.1211008384269876
1019,0.9988054009757618,1.1188685790779103,1.1275728709734607
1020,1.0707109578850684,1.162818198757087,1.1183262554197666
1021,1.0720025639942248,1.1218853607893504,1.114546151733098
1022,1.104767178420285,1.1313449755598568,1.1063433993699945
1023,1.053079548850094,1.0999201138273467,1.1300947915225819
1024,1.1355597912647968,1.1278608368543612,1.1350370688079663
1025,1.136772176662502,1.1228322462633242,1.1076047251310073
1026,1.171380953697289,1.169584767431505,1.1388697977772826
1027,1.0638550581405402,1.1445705475303767,1.1463491382537894
1028,1.1574182298605113,1.142031341866963,1.1151358369055422
1029,1.3217548670969974,1.114206658193115,1.108065160157401
1030,1.1394267937476146,1.1340010279418418,1.1222194836668387
1031,1.0105374922934234,1.1079298749041868,1.1223936152190475
1032,1.092759903948874,1.124193299856312,1.1274282687728723
1033,1.0882155616016878,1.1332209593696743,1.1188899162581436
1034,1.1199180093260637,1.1456924244248927,1.1039238125722293
1035,1.147590519168971,1.1140185284243989,1.1237745222812916
1036,1.1015707866907567,1.1389245490726232,1.1253391062512725
1037,1.1093933939075815,1.120984887257255,1.1251042354062144
1038,1.1442914819718037,1.1181319983511124,1.1166413488813471
1039,1.0859504604037002,1.154874116766829,1.1439279539198088
1040,1.1757738574655716,1.0950413816799225,1.1096201813587565
1041,1.0653120190784762,1.1304629865312006,1.141360677070699
1042,1.0929174085154063,1.117924904396422,1.106960494240819
1043,1.0414011912309948,1.1279245400983002,1.108328321082176
1044,1.1801776737273582,1.1255134981454955,1.1470712211357115
1045,1.0638704312238998,1.1168067584090882,1.1173940009008678
1046,1.1458217229709893,1.1398437751799986,1.1164855474197142
1047,1.0858428440273,1.1228144002476144,1.137460909373216
1048,1.1266668459784204,1.1426354101811615,1.1271198658842103
1049,1.1025243244306127,1.1106771353837088,1.130159987144967
1050,1.140943045314095,1.1075356416938165,1.0983820207217676
1051,1.0785740902294516,1.1316845350544669,1.123227847814926
1052,1.1026867647838676,1.126528633729556,1.1411549908813183
1053,1.0548927009824904,1.1347422221613161,1.0965729978475374
1054,1.064361941571537,1.1350876416443922,1.1012681093814933
1055,1.1017908558885001,1.127493130005766,1.111022548187006
1056,1.7552071504479894,1.1147905795764943,1.1206643311124256
1057,1.132397305324509,1.1357176823021082,1.1139804335633898
1058,1.1401676821540467,1.1292221098499475,1.1230005632158901
1059,1.079663521633582,1.1063719964743504,1.1112287780424064
1060,1.247979120332058,1.1308163338106416,1.1006781209335699
1061,1.05941428388439,1.1035147048876839,1.1252411406688658
1062,1.2380616849598558,1.1349608074058197,1.123722921866508
1063,1.11575681963765,1.1329249285797267,1.1209317485833998
1064,1.1163662752967016,1.1384792574314078,1.112547782040079
1065,1.1070594848958688,1.1173238883733272,1.11849412093522
1066,1.0744071012153547,1.1523527724248102,1.1241763578490518
1067,1.1025945936837651,1.117143862966938,1.129255078586303
1068,1.0708701929384714,1.1302274325737656,1.1177744687036488
1069,1.1053264256379989,1.1209618599005742,1.1239407529080756
1070,1.076219266414204,1.1165704173182345,1.1330828536973696
1071,1.0773242102807286,1.11971720636716,1.1389391138479377
1072,1.220502793993926,1.1121934571521743,1.1227896138519102
1073,1.137046473949093,1.1119796572674676,1.1283323013831101
1074,1.0454393286810226,1.143550471570792,1.1127568033118138
1075,1.2171335699955717,1.1439753063989044,1.1166963223430664
1076,1.136682765844,1.1126480968661114,1.1391995955036547
1077,1.053655299944898,1.1331864868971286,1.1056616807324038
1078,1.1751668360701435,1.1239094673747683,1.1093167830303576
1079,1.050534398438507,1.1468463941584672,1.0978892310559483
1080,1.139855351548693,1.1055353082017132,1.0923654715500093
1081,1.2303560236341273,1.121333290659957,1.122698571734224
1082,1.4218654686602656,1.1202042769727627,1.1160312083554838
1083,1.0741412160452615,1.095208741317351,1.1152567467072867
1084,1.064326164303443,1.1107615766610222,1.117962626309825
1085,1.0696843300927066,1.1076640747719415,1.1401017896827872
1086,1.0933945659716267,1.136040624352722,1.1224831227565386
1087,1.1119621303150302,1.1271331449884445,1.1319132793170963
1088,1.2740805701425466,1.1301866155287033,1.1229906192693946
1089,1.0842744741907973,1.134699377846658,1.1302490910216325
1090,1.3801175513199142,1.1236819241911638,1.1156612316518482
1091,1.0711779739101084,1.121778076701483,1.1074264588441085
1092,1.0298403167478247,1.1200016021580426,1.1273199608922215
1093,1.1163167698644367,1.117255545435846,1.1002814604622981
1094,1.0784223284173189,1.141697437381132,1.1225877637965205
1095,1.1051481294048537,1.1073967345567084,1.1214549780628025
1096,1.0628979071613645,1.1207996109560578,1.1231436101983228
1097,1.0423036131279364,1.107989677349489,1.118534094016822
1098,1.1602800958582835,1.1223203135451307,1.121689834542249
1099,1.09085137387694,1.1197604263568477,1.145960669931495
1100,1.1055149934025021,1.1426501842488528,1.1608810802597698
1101,1.0309017973315375,1.1499690859838048,1.1208907512850763
1102,1.0813914958619657,1.1330474152113512,1.1098774089610994
1103,1.0506847281499245,1.1250573503809083,1.112853018150469
1104,1.128103996471089,1.197206138385593,1.1157471129124248
1105,1.110415639837385,1.1345923735154215,1.1267755491665297
1106,1.060737029923915,1.1365914439069913,1.1081246795654054
1107,1.1126455482663653,1.114314151323634,1.1348954285892847
1108,1.059008296089784,1.1409976695546677,1.1135499228506394
1109,1.0679854102962854,1.1104761616340155,1.1159318970370666
1110,1.1013736557275293,1.1391918509320653,1.1002195226975608
1111,1.1231284183138772,1.1252049681983394,1.1027046757764973
1112,1.1239254405595605,1.1023412926425704,1.1251581845481626
1113,1.091555842856932,1.1262508021287845,1.1189304566470522
1114,1.0754817891079964,1.1163160411180446,1.1273278034172716
1115,1.1469181832218105,1.1057522581412371,1.11970261104887
1116,1.1111490409769673,1.1147121144471688,1.1056062217807001
1117,1.170888077445473,1.1648924774756886,1.1311443964356684
1118,1.0684930778538764,1.1054389618751215,1.12504089261792
1119,1.1365884292350654,1.0938240901516791,1.1432505733675968
1120,1.1321436693253957,1.1370894341033815,1.136399602436591
1121,1.0300257520356277,1.1123118863441295,1.0975013796925315
1122,1.1192718119621918,1.1646243682984212,1.1102224471975117
1123,1.047277335908058,1.158411536876868,1.1147483908599929
1124,1.100555675659475,1.1444572067266856,1.1418782314893312
1125,1.0628190031443603,1.13797910761169,1.1297498846307705
1126,1.0651334238649854,1.1301337202346164,1.107827451075402
1127,1.119037096959664,1.1265615039574994,1.1205448411406003
1128,1.0347920901473637,1.1257417362300837,1.1097012231725556
1129,1.0977683530563391,1.0972740291412404,1.1490242122924255
1130,1.064839701159513,1.1272742131838986,1.1335654339975778
1131,1.2885292384421982,1.1258435373747766,1.1041389839056046
1132,1.0692827259203461,1.1417160247354932,1.11277043383585
1133,1.1291614614900378,1.1266089914947885,1.1082602388500717
1134,1.088439151591311,1.1270679980716132,1.1160433366629232
1135,1.2030756336100523,1.1254169625211647,1.1283877087592096
1136,1.0898414368378238,1.1229279193153103,1.1111560932622047
1137,1.0448405838201855,1.1158341941682925,1.1201789662458417
1138,1.1397383379793304,1.1302836911706393,1.1210755766599116
1139,1.0705013039201299,1.1111451290895689,1.133529510022452
1140,1.0651129922503542,1.1120905481433196,1.1275329235049167
1141,1.0876547775458072,1.1237214529849333,1.0989287927341647
1142,1.0718974072343412,1.1343779524541175,1.1275968705299684
1143,1.172911748321144,1.130932352192497,1.106613520000418
1144,1.2075082163023063,1.12390310686037,1.0972575587895685
1145,1.144533288084895,1.1353063491432958,1.113671997674734
1146,1.0573800308285477,1.134941193491867,1.1366313569561477
1147,1.0570661407639825,1.107756766874203,1.1583244658113172
1148,1.2741962434217187,1.120356253709092,1.1820148785519702
1149,1.1106245857979673,1.127130973408826,1.1199300738298499
1150,1.5493970921513465,1.115166026508755,1.122745990473237
1151,1.18212417144308,1.120230125648363,1.1006737029025047
1152,1.1451436662261494,1.1268370695374674,1.1344465268917447
1153,1.1207336772883272,1.123549433421538,1.1156787322816781
1154,1.1722823140491738,1.1130325074600251,1.0932839880851497
1155,1.1058968555393474,1.113618853188209,1.1192983760898803
1156,1.043520930943866,1.1155381174792443,1.1153949527615554
1157,1.1176328434784482,1.1182315420727174,1.1400956545684189
1158,1.0527431052113374,1.1218843641216023,1.1278304870089098
1159,1.1009069548891113,1.1373172307329544,1.1276909718468695
1160,1.2100146178120625,1.1290031144121044,1.123358640469986
1161,1.1118520649123436,1.1287609991856127,1.142065126201131
1162,1.0871322394917455,1.1180349447052347,1.1107133178725526
1163,1.1183548598375037,1.1151700262006428,1.1308290431223604
1164,1.2094069693360991,1.1189788790449007,1.135835081978398
1165,1.1164951928117888,1.1222657253530497,1.1344271238540056
1166,1.2522757263418718,1.119180184592147,1.123279412236788
1167,1.102729706935362,1.135210598904946,1.0982418425428269
1168,1.095954076324226,1.1400358831873898,1.1360962445184313
1169,1.1421310787012957,1.1274533391511576,1.1100677404378685
1170,1.0682343793943674,1.107538489016801,1.1055978319633883
1171,1.0352883139274451,1.1194302228335054,1.1468008873843416
1172,1.0867252883672542,1.1270499648064265,1.1476337048696512
1173,1.0979324196937266,1.1245677879441687,1.132499447198689
1174,1.1402644933130435,1.1012491766680874,1.1145643398074063
1175,1.1247064828716091,1.1065861017801895,1.1371026823054358
1176,1.140489982748767,1.119144667745858,1.1168120868125568
1177,1.1691345733282261,1.1200495583437162,1.1398723363263945
1178,1.0531083061819233,1.1260422542125383,1.1400143284769448
1179,1.127900030922218,1.1401828987380478,1.1055904530296845
1180,1.3284667762146558,1.1178760982012712,1.1287187885942394
1181,1.0303769286394162,1.172387584855484,1.1306463388746935
1182,1.1156389658087071,1.1279870960569551,1.0924502934939009
1183,1.1175714962323757,1.1544586527197473,1.1386104127957988
1184,1.0190778858427052,1.1798166566480066,1.1113709125969546
1185,1.0958401130452506,1.103502919531656,1.1424572147266983
1186,1.2166503547664986,1.1277288024180858,1.1185268346666553
1187,1.0532662296962776,1.1924585729002335,1.1138407967925374
1188,1.0984617085310162,1.1115372240796613,1.1040380740429763
1189,1.0910594342882158,1.0990959332874466,1.1393748682374092
1190,1.1351070014693974,1.1204528511493024,1.1284668972532226
1191,1.1480656549451635,1.1232625046733566,1.1641336989827353
1192,1.1225542526559174,1.1223581035129964,1.1143729895141892
1193,1.0712891716794317,1.1293719093257233,1.1533851163487068
1194,1.1018114293372032,1.1295151376952917,1.103623465763392
1195,1.1710446662408658,1.1142743091043428,1.1208963961650726
1196,1.0585637356541364,1.126016619937572,1.149107900613382
1197,1.0455343267678923,1.1148933861280583,1.120269184892358
1198,1.1476406213736985,1.12270875733427,1.1066595677263646
1199,1.1168718336007342,1.133641037653641,1.124550022883956
1200,1.0760040515641336,1.123741882332921,1.1189631156859126
1201,1.143218688198111,1.1183120631889611,1.1196114531368595
1202,1.206435965655074,1.1205871575185433,1.118193728732651
1203,1.0965735132155392,1.1437083083033033,1.1376350223331357
1204,1.0284116410897906,1.1330429038242211,1.1127609402085474
1205,1.1846657000738603,1.1451953745919834,1.12981563624185
1206,1.0747314124581604,1.1322825253230324,1.1273052497891383
1207,1.091505870545181,1.120336304258079,1.1236536076875459
1208,1.0043495584057958,1.1677562695455461,1.1152002919411215
1209,1.0686907529396037,1.1261260584243722,1.124108331088922
1210,1.1539823870701886,1.1066186664584985,1.110499351516666
1211,1.1220351408819702,1.1174116033854302,1.1116536282848082
1212,1.089740308917564,1.123838153130271,1.1273107273756335
1213,1.0764901108695262,1.160897898201965,1.09265123822427
1214,1.15962722949786,1.1132727524237216,1.1171179599361512
1215,1.1240316379733069,1.1365571305455622,1.139435269083841
1216,1.1511988209561665,1.1055410263324879,1.124986927609251
1217,1.0756653756370467,1.1172959798672468,1.1132876619840346
1218,1.0987181869706875,1.1464436737498824,1.1488964330438587
1219,1.1572690977796436,1.152635519637561,1.1329311879283384
1220,1.1065348443175334,1.1321256411232499,1.1003129836793248
1221,1.0712875834356441,1.1405476989731604,1.0983067524120103
1222,1.086310748397931,1.1186948349741328,1.1117963061807299
1223,1.0931233379708976,1.1467397528408518,1.1211786219985598
1224,1.160241025326362,1.1296834508340368,1.116870785424535
1225,1.0890752294844255,1.1380052561729,1.1219050980188874
1226,1.2305540495318827,1.1350367794374057,1.129100737553964
1227,1.1145128395406256,1.105992856039811,1.1300488086825409
1228,1.1608419358793245,1.1204785735921348,1.1053705310543798
1229,1.1792573425242376,1.1129594327215449,1.116702941473058
1230,1.0763646699734146,1.1352255410882488,1.1151713039000941
1231,1.1585003542593866,1.1376375792038937,1.1289313815051119
1232,1.0238279286088912,1.1277977557898127,1.1261480047868928
1233,1.1436493979518705,1.1156480247486675,1.1052221991979767
1234,1.0585636172359727,1.13275010837293,1.1003632166665709
1235,1.1828940595903659,1.1022388334419984,1.1209574733221224
1236,1.0522265753239126,1.1530337393481438,1.13186741413839
1237,1.0847534861377082,1.1274982003962595,1.1096629137653062
1238,1.1314653490381983,1.1338754766937786,1.1286323261256679
1239,1.1046041485897529,1.118355654940263,1.1229173592766053
1240,1.1665942295737433,1.129603889597514,1.1075805445414217
1241,1.1196966931034262,1.1274638320180799,1.1260756187173284
1242,1.0610433381843887,1.1300297124251848,1.130458757677905
1243,1.0985819663044452,1.12177450599006,1.1018549747498378
1244,1.100466257116391,1.120515113231313,1.1180508579236852
1245,1.1133198936553923,1.1140711987812288,1.1097830959801998
1246,1.1217251150707648,1.1285884926958376,1.0993045415132878
1247,1.1299664705599082,1.115543864326316,1.1166555216805762
1248,1.0278710510171778,1.1297825700087871,1.127419714581521
1249,1.1106122379669026,1.1239383240133605,1.1147404288892335
1250,1.119813025041618,1.1231781914552952,1.1398351508104307
1251,1.0821733311560051,1.120628401997058,1.1298596756261101
1252,1.1130203872827338,1.1074431613071563,1.1243625217711235
1253,1.1158943804853356,1.1487967968081063,1.137495716027372
1254,1.0370563888533155,1.1688729834135478,1.126020533931619
1255,1.2617409051475197,1.1163376251983514,1.1208493303400842
1256,1.0345045182630332,1.1097859751132293,1.1348067812313596
1257,1.1714806433660068,1.1029298351560934,1.117136617881192
1258,1.026125397024441,1.1499996361498992,1.1243290011072056
1259,1.0146620754061118,1.1318592854516123,1.1158519742063613
1260,1.1025041223560894,1.1152968286562621,1.1165458506248724
1261,1.0617195804884236,1.1176914661661645,1.1463500880821471
1262,1.1025715524359585,1.1132478856729517,1.107672283893799
1263,1.1693854070399503,1.1346649706452885,1.1191136082436228
1264,1.0925303003319269,1.1467086574429886,1.1194580277281758
1265,1.0336702560312399,1.1375990454468499,1.1129785906833816
1266,1.2072437979964372,1.1164131300883595,1.1422931454618528
1267,1.1121969711002737,1.1103860149761866,1.1264480274488875
1268,1.2925891878225122,1.1234463331776419,1.1048761510608414
1269,1.0156902638315122,1.1227412410737012,1.1056305417076335
1270,1.0807001753184957,1.1595920228139671,1.1371932838028305
1271,1.181339000803361,1.1353532923833403,1.115710847894796
1272,1.083972089508242,1.132607559697492,1.1020116691132293
1273,1.0631237564346052,1.1997343244371552,1.1232165151773525
1274,1.0805732508564003,1.1495200458736572,1.1113681542132616
1275,1.0768196902779192,1.1232534462386397,1.1414153101954259
1276,1.0422950731270753,1.1447758814031157,1.1036517358251934
1277,1.1144165571258478,1.1259546229291744,1.133925857357867
1278,1.085224939039032,1.1132995122251885,1.1041405154298412
1279,1.1422946758704637,1.122875696203395,1.1443871302566757
1280,1.0741731178108456,1.1363042873492606,1.2691186129991192
1281,1.2436281880113615,1.1559514862285036,1.13994549632546
1282,1.0281196051169115,1.1233272615513474,1.1375415268994087
1283,1.1041989637293184,1.1260191596572817,1.1262845770781915
1284,1.0580966388168924,1.1301109201555355,1.132305298878674
1285,1.0431039587790634,1.1010784176772668,1.1137093731881884
1286,1.1515521751857587,1.1322302866495981,1.1130169342694607
1287,1.076619581664619,1.137104221120933,1.1156919184847112
1288,1.1007930218157007,1.1559337313118654,1.1442196894917342
1289,1.0328634807961448,1.1737000207499406,1.1701067777755478
1290,1.1802176472666954,1.1244135854065245,1.1317078317930982
1291,1.0292049784572401,1.1316670078635267,1.142028569001598
1292,1.0943654707470918,1.1153549470290842,1.141226731619219
1293,1.083541948719316,1.1362505768759565,1.135505328333202
1294,1.093086697431866,1.1397619409797235,1.1245858749731743
1295,1.084820152883794,1.1951315903839503,1.13926023614308
1296,1.0995338943655883,1.1287672741050114,1.1244931770456568
1297,1.074143978383277,1.1324961545963768,1.1376343520944179
1298,1.080513187003115,1.1112785112813865,1.101722804696084
1299,1.1935068703028355,1.1276438576534569,1.126683563898027
1300,1.091892627748921,1.114655484760581,1.1285645397105917
1301,1.218400604926987,1.107279955858415,1.126362049188119
1302,1.1508898726130259,1.1421657270234076,1.1095933527762059
1303,1.079873738251801,1.1320027286816257,1.1307211791264802
1304,1.0729863838663973,1.1251592565956556,1.109789331299567
1305,1.3009317198568033,1.1336751818071422,1.1344913165607413
1306,1.1871173949573226,1.1338989158984227,1.1162250112976013
1307,1.117855157321347,1.1233657134840072,1.1337257517609896
1308,1.092464894686079,1.1388251278020802,1.1106995547347325
1309,1.1560104028969056,1.1256462555768436,1.1020289313156753
1310,1.1270935688495647,1.141977604767281,1.111298324505187
1311,1.0608339626430998,1.1271727792204804,1.1379367536102056
1312,1.08813994247253,1.137776381930808,1.1376444300484823
1313,1.2374953295685152,1.1020680490930717,1.1045053340408286
1314,1.0792674280195222,1.1379176739092163,1.1179490158313814
1315,1.1626789542299218,1.132553136610139,1.1184380551702653
1316,1.092367477170885,1.1379980627922457,1.1235931729438284
1317,1.0503070674957697,1.1205579008584323,1.13700955528041
1318,1.0755048107385496,1.1210974369020499,1.116077000377699
1319,1.1371510869814927,1.13391296465038,1.1477294804311269
1320,1.0465100272331487,1.1413275892491574,1.1173823669308574
1321,1.1401516342574092,1.152242918885435,1.119720452083026
1322,1.060025540032282,1.1285305693808698,1.1081919132900275
1323,1.0984940439272137,1.2064450341626503,1.1163073918390538
1324,1.2319564782542105,1.1158939565684283,1.115177261293025
1325,1.0736831086757186,1.1300748694896054,1.1233860229448498
1326,1.0886074878050154,1.1163996033934434,1.115132568391948
1327,1.0366670781985425,1.1297503431502611,1.1021719362565894
1328,1.0797751038899888,1.1188480943054726,1.1229345571577452
1329,1.134546554498709,1.1852987711527232,1.124425772653789
1330,1.0829851573887097,1.1297624484963005,1.1204971746900148
1331,1.0765938177065062,1.1364047904945378,1.108783754385718
1332,1.1231788206169606,1.139912094471007,1.120989876714889
1333,1.1085741468650416,1.0989903358476505,1.1491882270034561
1334,1.121795142153176,1.1073704011822603,1.1179608661100373
1335,1.0947421442283798,1.1253104418820117,1.1587123678319184
1336,1.046592529123657,1.1392189553936118,1.1179783106074417
1337,1.141162160914019,1.1354964558805214,1.1127989530956643
1338,1.1044501934955415,1.1340907383152423,1.1039268684408448
1339,1.3748664789955507,1.146935259879564,1.1948994038524874
1340,1.0352752105250802,1.1243529380998452,1.1025246518301353
1341,1.2179859473741665,1.1107643075041704,1.1272205395933494
1342,1.0730359377247827,1.137499400359933,1.1006321763764062
1343,1.0798242763086048,1.1206499414957491,1.1158651544427913
1344,1.035813320086112,1.1210319561651552,1.1169352250887818
1345,1.0751114274328177,1.1343004646700077,1.1053141275460963
1346,1.1123255444623572,1.1280393924598895,1.125232689894274
1347,1.0630886373445054,1.1285598783892323,1.1082025150584347
1348,1.085814410124976,1.1345569551440726,1.1224961868299073
1349,1.0554237313711783,1.1217277082492658,1.1159873894039674
1350,1.0787260519708333,1.1348405153956242,1.1189610741511167
1351,1.119262330179468,1.1321299182348454,1.1085310718437154
1352,1.1108659382619723,1.1405096417650578,1.1196286943974278
1353,1.1237711463526716,1.1067692408005982,1.1341581320487204
1354,1.0524552160284488,1.1328844560715365,1.128458095944329
1355,1.0217902526899048,1.1424097754503353,1.1332035075389253
1356,1.105152825163151,1.1452612230171868,1.118185757167349
1357,1.0303642494824885,1.1514491236894877,1.1641183206319752
1358,1.0524613896147528,1.1331299306904814,1.1201094082206529
1359,1.1141227666324272,1.1256002389104445,1.1206381991151089
1360,1.080054612663216,1.1133333064934947,1.1191910477142204
1361,1.1423237843360496,1.124581652958189,1.1225645158352675
1362,1.068105267464126,1.1046932315605313,1.114818080242186
1363,1.2749703726587673,1.1335423687755763,1.1213033226606106
1364,1.102731650890768,1.1162012228483662,1.1195099691681563
1365,1.2879991304399725,1.1081170592241323,1.109517914015298
1366,1.1977301574785386,1.1049069524302464,1.1191720635586966
1367,1.1199602292678492,1.1237955083023723,1.1025525666600682
1368,1.1016126712817127,1.1146472008532198,1.0998862653472314
1369,1.1443419526237666,1.1369326028673674,1.116374891762033
1370,1.0765835883174473,1.1126481191105635,1.118527222680112
1371,1.0688601528781743,1.1362615082402494,1.133614619532785
1372,1.4493964260274896,1.1282075133045122,1.1222521922758006
1373,1.0699338922868746,1.1288807515388364,1.1248722262213802
1374,1.0760967570494457,1.1294603943051769,1.1176747848549207
1375,1.075889249197742,1.119244617232387,1.1182364184015663
1376,1.0646007708383023,1.1090394805771535,1.1076768624118578
1377,1.0827542315614607,1.1225022987290203,1.1058813726420857
1378,1.0419080564371586,1.1252620694317215,1.1110589933425419
1379,1.089472410824404,1.1252638027111281,1.1238213438748152
1380,1.080261284779329,1.1053308785716425,1.1031478457472796
1381,1.0719910698102728,1.147667978342094,1.188446646817202
1382,1.4505182556806895,1.1013961066783942,1.105251437764353
1383,1.0883408986080405,1.1292762391047106,1.1263955539074824
1384,1.0802336878952732,1.1366963057621557,1.1046836540499336
1385,1.065724670695145,1.1377180185498725,1.11508081236253
1386,1.0739748003509244,1.1391708710575676,1.1313862397618606
1387,1.0334347537836306,1.1224084166094943,1.1191618306127065
1388,1.1232607910859527,1.143197330568361,1.106209635081147
1389,1.0924497887925835,1.1254279006903258,1.1168736466547102
1390,1.2263638022968715,1.1596278650044383,1.1019001799650276
1391,1.0860739869190483,1.1130214396457951,1.1358840464609807
1392,1.0494214053838657,1.1327543201697583,1.1319521195314428
1393,1.2650395343982137,1.1068787832666802,1.1219821968036816
1394,1.0545100153582625,1.1133369425679478,1.1261043978957908
1395,1.1195340659322883,1.1165119524767295,1.1213971547816775
1396,1.072647895534144,1.1233844422607593,1.142396095441917
1397,1.1259321937221392,1.1272653566033837,1.107961599685012
1398,1.1789825228258328,1.1213039686002764,1.1787855720012528
1399,1.1729004981847786,1.115971146681617,1.1693505140695504
1400,1.0686919907282801,1.1303629531714132,1.1204255257936124
1401,1.0914948681077379,1.1117258029000856,1.117864744395687
1402,1.1153819871945334,1.1423928271852404,1.122240877359944
1403,1.1199160269923762,1.1713278693843263,1.1282567366353473
1404,1.1813953637705135,1.125627244466592,1.1377679218868284
1405,1.062325475336216,1.1077676880293563,1.1246082920434004
1406,1.0793748570904822,1.1261162213206168,1.148977145714454
1407,1.1302258669850274,1.1075374027005995,1.1246635955664526
1408,1.2274028954871818,1.1121877037407284,1.1051493344376198
1409,1.0376917411185234,1.0988657903863208,1.1151728030919095
1410,1.0521277347665532,1.1247502942163565,1.1124944943413895
1411,1.0763786949651235,1.1185306224050655,1.1347246777151585
1412,1.1416583859869538,1.1291101774539267,1.1400032115265961
1413,1.1072226178295017,1.1463705015798527,1.1316396837327485
1414,1.0554923184012255,1.1164304549689184,1.106323748318736
1415,1.0248287205482696,1.1395323678417193,1.1104717962899144
1416,1.0224599491243864,1.1216629593061131,1.1295534115040629
1417,1.066733868451672,1.116298205499104,1.1555414601058556
1418,1.1285105188680884,1.1332346877045976,1.1154264619390097
1419,1.0636856979668778,1.1297553964377678,1.124049701284768
1420,1.086673488843158,1.1530011613356543,1.098481558200179
1421,1.0440898270339047,1.1616768412013012,1.1292481687465512
1422,1.071936480082063,1.1305616812393164,1.116298745651224
1423,1.0926230048890981,1.1553734116350403,1.128375993261579
1424,1.105019043474287,1.1273818644700844,1.127644969807745
1425,1.0805264095543428,1.1299578024125376,1.1180512815110428
1426,1.0064532627837126,1.1042809145418042,1.1026605520191852
1427,1.120630065590867,1.1415202287909343,1.1232328743884663
1428,1.0890059692005398,1.127122835510354,1.1160112834677829
1429,1.1321640874944703,1.1182488548256022,1.1068480395429041
1430,1.1119746714333687,1.1035540731865274,1.1194669543758171
1431,1.1169195683449245,1.1240620718640384,1.1351980012621155
1432,1.1698828867955844,1.1028607814184956,1.1592985043156687
1433,1.1466051724589001,1.13218731901184,1.1323440310556976
1434,1.0788740227433777,1.1406150934613546,1.1110871962179822
1435,1.069597073713233,1.1298110983650098,1.110457278766442
1436,1.0779591195572338,1.124685123280443,1.1224221143487239
1437,1.0496089956357522,1.1284485423293715,1.1018013552253212
1438,1.1891576863138293,1.1528579470284999,1.132773508056075
1439,1.0915746088707174,1.1312620886042837,1.1171499519223027
1440,1.2005323324424548,1.1458796714812869,1.1211098909624122
1441,1.1562904061979224,1.1161768295025993,1.082920108480174
1442,1.1070973592199527,1.108498919175944,1.134222181532585
1443,1.069964609534274,1.1207723252671336,1.1154440281234763
1444,1.1673381023706866,1.111640768532401,1.1341590280881257
1445,1.1314383791400335,1.1284251038593716,1.1054559656118212
1446,1.0791100313856792,1.1247246910468156,1.1289818992486929
1447,1.2374729649383982,1.1381487413002367,1.1087057807275766
1448,1.1893346794811381,1.1219261727548013,1.1251921020129152
1449,1.0985879321937226,1.125386898705516,1.0984870336824761
1450,1.1033980918416217,1.113643000681795,1.1221369348547987
1451,1.3552942658543679,1.102024712136772,1.1051128277540907
1452,1.9502316687855443,1.1122711649834365,1.125030598130639
1453,1.05425990099273,1.1210147031054751,1.0912402376763832
1454,1.0012176462390592,1.1230273800083306,1.1784537427816542
1455,1.0718958228512339,1.1369620013602133,1.1337805878871683
1456,1.1067857104611718,1.0953675013659874,1.1124887356774864
1457,1.1438516533794048,1.1224648502961587,1.1422481111759155
1458,1.2422299266357073,1.1368389429802062,1.1215805242873225
1459,1.4360390797645426,1.114388718506585,1.1178159970802577
1460,1.4773758768505414,1.110623963107172,1.1236907050636562
1461,1.2130820469374346,1.1479125086365267,1.122358893241029
1462,1.0147277162006583,1.1355277610745687,1.1197742520162444
1463,1.131640576990725,1.1385925356660034,1.1341314605530541
1464,1.0698418048053102,1.1043139367323052,1.1628735125657974
1465,1.096769656560822,1.147615045167467,1.1173661650707918
1466,1.0711376158710606,1.1271373557003905,1.1075503130303959
1467,1.122813007986496,1.1238465558044164,1.1129582641786968
1468,1.205972174556822,1.1362842659323342,1.143058392713833
1469,1.0917939075680996,1.1335701723698748,1.1598935587203216
1470,1.118445876621742,1.1311645910012187,1.1254651165767124
1471,1.0028001713340362,1.1259434014446335,1.119537168565673
1472,1.0984247023974956,1.1230141733151615,1.1209038200698596
1473,1.079927942452738,1.1283020572042175,1.1127558994519542
1474,1.1517683158671328,1.132573060281658,1.1181198777151091
1475,1.0646661153335362,1.1209640091627455,1.1346894601090667
1476,1.070106859553252,1.1472102119103822,1.1339863812379
1477,1.0967393690214544,1.1432823651143527,1.0975685386871907
1478,1.0840215585243245,1.0998519145720052,1.1231847336224445
1479,1.0620918623751872,1.1369693245232468,1.1133903297469854
1480,1.141142001558921,1.1283385940485966,1.1123593566515866
1481,1.0493610462570722,1.132996885257399,1.1024142192850361
1482,1.1229753975133545,1.0955701632088302,1.1107890887700442
1483,1.087879712786543,1.1322606139854825,1.1246661347847686
1484,1.1007443433041255,1.124870958266907,1.1006700735379196
1485,1.094350042155041,1.1099565965282197,1.1186474093466365
1486,1.103205370937857,1.1184176252676057,1.147731762936521
1487,1.1555130265256846,1.1051798811502387,1.1076586985037307
1488,1.1111757363940638,1.1256202771805779,1.1337989725683424
1489,1.0460418960573177,1.1365879367872735,1.1223651280912201
1490,1.1620075120477025,1.1047783046488626,1.1106396429952612
1491,1.3063850814610607,1.1454057087966696,1.1337351377174962
1492,1.107454282519004,1.1202709476641877,1.122681657959678
1493,1.0703458895936704,1.1132576268126988,1.1022449482103065
1494,1.174139039244676,1.1360336738904249,1.126106489297623
1495,1.170936800500739,1.1255905589978228,1.1188018841478846
1496,1.0716532374705052,1.1183009138607591,1.1257497267269514
1497,1.0281680568989815,1.1607684674023662,1.123859151988808
1498,1.048207538584304,1.132016359510173,1.1109059191791473
1499,1.1011329783646784,1.119206461243023,1.1289572206208347
1500,1.0662039004204424,1.1325322236430078,1.1163871916543533
1501,1.1658359582823856,1.1181762761248648,1.161663896865183
1502,1.072574730151396,1.1304955987608043,1.1135342626652152
1503,1.0440693606822167,1.124527909804202,1.140267272651638
1504,1.1260744839812646,1.1117198069508516,1.1017991377868173
1505,1.1327616621725711,1.142568595410485,1.1232598757509473
1506,1.1274059436499828,1.1261673402103192,1.1204412317824988
1507,1.032501192323337,1.119224035547681,1.1185537453940126
1508,1.1362648184195194,1.1183610408659783,1.0986868409264159
1509,1.005690254160953,1.1319544869280447,1.1391216085908622
1510,1.063147334849287,1.133871949232659,1.1246280674748452
1511,1.090515297695173,1.1221095653154336,1.1391824917334323
1512,1.0823198626066495,1.1337861717294073,1.1169057129742668
1513,1.1643130680206877,1.1333758416486341,1.0870026482062707
1514,1.0978102327940051,1.1230933953980338,1.1247306684203953
1515,1.0471671118054868,1.1200052519860262,1.1879521632870071
1516,1.0880256645200264,1.1974497256300873,1.1235013631962942
1517,1.0149184707096823,1.1281904694319458,1.1194848383014104
1518,1.1888081465406668,1.1210904575808531,1.1267356017517651
1519,1.1466893626182741,1.1274424972260246,1.1175504915366423
1520,1.060970962134064,1.1577104832358867,1.1396087016993885
1521,1.0831297267074507,1.1363354604738911,1.1063189490060616
1522,1.0823010213515842,1.1331637337818434,1.1155969665294407
1523,1.1577683171431092,1.1343054312407483,1.1321213650552804
1524,1.7224803115302716,1.1341735543265432,1.117264543870967
1525,1.0293004415175653,1.114992234277406,1.1287068140577634
1526,1.1018998329003014,1.130488139750651,1.1034525296838427
1527,1.065575398129902,1.1025388000995733,1.1246383998484966
1528,1.160842610025263,1.1003603701848232,1.1245291766123056
1529,1.1785711768484592,1.1122057693591996,1.1650478787387037
1530,1.1193193565188848,1.1186198335722188,1.1527108304993883
1531,1.106071938803579,1.1209582145170318,1.1073048784218773
1532,1.1134322156150096,1.125025319061336,1.1256295862651156
1533,1.0855921395305481,1.1278160102294463,1.1418398516627197
1534,1.311867188278601,1.1124882296446517,1.1155051891279508
1535,1.0699607632464696,1.124815496022175,1.1020379730333527
1536,1.1453276927872338,1.1294189551254257,1.1105974232716513
1537,1.0466570441023975,1.1196647960054922,1.1732917055657002
1538,1.0405697947715007,1.112590531528063,1.1305445336341662
1539,1.0522921071817035,1.1287729522575531,1.124004191587536
1540,1.016139018139415,1.1022252518845381,1.1338641383793815
1541,1.3335567993541564,1.119076266991915,1.1184970315863416
1542,1.1539792867301983,1.13359910856261,1.1176103181164665
1543,1.0932054153979296,1.1325972576839503,1.1256533090891108
1544,1.0448815208757611,1.1434203505438731,1.15073811303438
1545,1.1362677775911085,1.116933632085939,1.0930087871457375
1546,1.0335102368296685,1.1219532241671804,1.1231350492649763
1547,1.3263413290078365,1.1422623391026803,1.124519553091479
1548,1.0245624706099532,1.1207952833845882,1.1904083887266237
1549,1.064482188673016,1.1392971329038113,1.1710021857759643
1550,1.1526843049641726,1.1358940600061627,1.1257185219438957
1551,1.1123254682855732,1.1170073981665838,1.1194036591902985
1552,1.1508122696276133,1.1452354951815904,1.1197320998581248
1553,1.115347634321305,1.1643362441328289,1.1270791987724695
1554,1.0584765664498401,1.117749915817509,1.1076646801708756
1555,1.072085053607735,1.135921175079199,1.1169363807719528
1556,1.0879877660384483,1.1143016548719362,1.1006051097937406
1557,1.0842420444744538,1.1175233614280728,1.14067394139231
1558,1.0552286472536536,1.1310122193220342,1.1217671804103027
1559,1.0868153350179823,1.139739677085468,1.104531850436198
1560,1.1366978841347712,1.1249531579589174,1.0963736493237444
1561,1.0803766018083782,1.1126273221235055,1.123231991063348
1562,1.051354783915121,1.1014225942033085,1.0968926053222645
1563,1.1275534684090063,1.1395593924797123,1.133137500229648
1564,1.159300775120898,1.1445332717808094,1.1205056477370898
1565,1.1237696802175248,1.1150683426658767,1.1145659552527576
1566,1.0830207350956498,1.138360719242765,1.1308796074196994
1567,1.2170782618037608,1.1297301304057896,1.119222742868921
1568,1.1657475722317905,1.1193144535461312,1.1210886910988707
1569,1.2396931608540658,1.13224030482634,1.1370862786096159
1570,1.1201490880615785,1.1174486466702396,1.1221911019284676
1571,1.1107975162026236,1.104094819352171,1.1097923164399417
1572,1.0930507207764715,1.1336357176951326,1.117109963663116
1573,2.194909400362902,1.117861620776659,1.141692651884293
1574,1.086394458328887,1.1204089680868718,1.1099707713960398
1575,1.1183172407113813,1.1408107743825053,1.0942300298778118
1576,1.1769161720646837,1.158587562268974,1.1158697348610498
1577,1.114307294485943,1.1310830671446954,1.1236246607511615
1578,1.134236315418007,1.1470090048922523,1.1354705940619696
1579,1.0516352959503084,1.1375576746422882,1.1092351773109062
1580,1.1127777378872123,1.1395414246249982,1.1217156484056887
1581,1.1327274453094984,1.1122263118055895,1.113692237161075
1582,1.0773913345178914,1.1654954781663696,1.1296668779989434
1583,1.0071030777365317,1.1298935628720388,1.1054832681040574
1584,1.1636650264604942,1.1212927298209752,1.107104164698449
1585,1.1431535034771216,1.1171053626585827,1.1294963882022098
1586,1.0782512925050185,1.1117679429227731,1.1145921679218456
1587,1.132768079384574,1.1597837626224898,1.1083129197292987
1588,1.101388217295385,1.1195994522824873,1.1189372419379213
1589,1.1413100160488059,1.1183046181415413,1.1145228816813528
1590,1.1146440926421943,1.0979065169853635,1.1256985451930306
1591,1.16793626719118,1.1364713192255125,1.1104077776512118
1592,1.0409854428197902,1.1191022072078165,1.157358113971848
1593,1.147479373212258,1.1236007831550603,1.1333953900896017
1594,1.0991789406679364,1.1172125869167655,1.1352555118660375
1595,1.0964947347547,1.1284292509373988,1.1153172312810866
1596,1.0792635788823581,1.1082503619940745,1.1082218356976998
1597,1.0853623796144496,1.1216516866577717,1.1160678019534103
1598,1.1171173678088648,1.1111337793950522,1.1282489228238413
1599,1.0761756582385822,1.1281749029342378,1.0975926737907222
1600,1.1138329469738342,1.1416871394569295,1.1156130885025195
1601,1.1063182436240853,1.117961075121232,1.1129877782830377
1602,1.0015891183398153,1.103680933596236,1.1205926967703208
1603,1.083300184288116,1.130327770064832,1.115189127507795
1604,1.1101787717471783,1.1458036569503884,1.1062032359621417
1605,1.0928638171715896,1.1115709931081814,1.1124877462035232
1606,1.1339858183598766,1.1277961426683094,1.121889500837447
1607,1.0738098596772385,1.1277523518451262,1.099425078383535
1608,1.134728189942582,1.103428785346274,1.1273183659200146
1609,1.1087649867616016,1.109515216250784,1.108913931436514
1610,1.0507255796180437,1.1191309424331872,1.362275902193792
1611,1.2179404709877222,1.1193301781125862,1.1290650997494724
1612,1.1288966564269585,1.1112295460470707,1.0968067915699296
1613,1.0693898997472937,1.1111259567991087,1.1303843103782054
1614,1.0656136042558728,1.1156779315267848,1.1395447791701838
1615,1.071213323734759,1.1101569445146202,1.1290305999426107
1616,1.0534753323324777,1.134877020373736,1.127053423168657
1617,1.0317861432555098,1.122259421301965,1.1315232078593611
1618,1.1592568250714255,1.1060058479529056,1.1318401560279092
1619,1.0422807007672108,1.1149744210133328,1.1356247530288452
1620,1.27516522149832,1.129196174938927,1.6112202713804926
1621,1.0712576407991692,1.1155053839688855,1.1130819429208865
1622,1.1349436478796522,1.1430295030572664,1.127523276189701
1623,1.1467781792274714,1.1227601813644914,1.1179455353467282
1624,1.09393695606944,1.11290783656466,1.1113504130851102
1625,1.0857500947448082,1.147718182532194,1.1607083491351082
1626,1.1033995952004965,1.1084395513612189,1.1143955422072125
1627,1.0410389390931736,1.1233793367337042,1.111982988260248
1628,1.0885771780452345,1.1092000853146493,1.1374267035747154
1629,1.1198512711948254,1.1251553899520925,1.1273070067920834
1630,1.1716447383849211,1.120654455767205,1.1125557941079431
1631,1.0769238605795437,1.1227580086971076,1.1236918809005452
1632,1.1410829646856746,1.1728878795647228,1.1200503573561356
1633,0.9920440136701536,1.140945684059025,1.1225044955722394
1634,1.1317029701313719,1.1466369141662458,1.1142404311093177
1635,1.1000895920624343,1.1134439889276375,1.1255923813597162
1636,1.0799674632216605,1.1202875751425136,1.1412865900590605
1637,1.1336837370098118,1.1421705477951378,1.1555896338554352
1638,1.0222519733701774,1.1160721086856344,1.1113555774498085
1639,1.1259466070872228,1.114851006664688,1.1217831722524771
1640,1.0874412960968094,1.12867274218897,1.1359914220307392
1641,1.0160430235932785,1.1024151942946219,1.0989517148129748
1642,1.0863187152077958,1.1306759391294225,1.1112809817328588
1643,1.097889249197204,1.1187357072122894,1.1668117706892167
1644,1.0184031955883524,1.1336231355421005,1.1082856363236713
1645,1.2451799081473813,1.1174948743138415,1.1468973051885414
1646,1.058073390086191,1.1415255612958297,1.1154215297534908
1647,1.2495762588916643,1.1201644712964298,1.1174024268102967
1648,1.262377963521878,1.1325315305506416,1.1080519118515382
1649,1.03345720122659,1.132587643026623,1.1165490226315253
1650,1.0237931467853527,1.1123824094274244,1.1434724707517772
1651,1.046237548420468,1.1282719449968712,1.1366613997111112
1652,1.0489720750422742,1.1312438448288344,1.0978186074360674
1653,1.4516846777704717,1.1155592669004746,1.1032850086287724
1654,1.2193444763179158,1.1174476280211738,1.1291434733339694
1655,1.0606220380474596,1.1192748153208163,1.1334420295223107
1656,1.0224249366274745,1.1067192957031098,1.1231789856756362
1657,1.187559505130599,1.135532717998123,1.1111347325113339
1658,1.0752081475168476,1.107856323508432,1.1383152363318012
1659,1.1173687951688374,1.116477593433944,1.1155115361545809
1660,1.2374179494830981,1.1037299351290264,1.1150711647479015
1661,1.077718677755993,1.1238879238933073,1.1052066357096988
1662,1.1221648422108816,1.1224415109921289,1.1379160344288495
1663,1.0765469612417011,1.1068538176132896,1.1321202170632922
1664,1.0797942889071586,1.1274497533992598,1.1321086721405482
1665,1.0712083149998473,1.1179204012187633,1.1231310486197172
1666,1.0844986393498433,1.1264952325590316,1.1116575260893777
1667,1.0688757219130662,1.1072229443143904,1.1222052242712086
1668,1.1888542369010635,1.1113823289447133,1.1088517249107666
1669,1.0558173802940205,1.1261923506411737,1.1323956839071183
1670,1.0714213546309639,1.1190975785412887,1.1087505543788436
1671,1.08193915271246,1.1335109730381618,1.1301846016147037
1672,1.1542640457901683,1.131219200965135,1.1230651962651932
1673,1.1251450096206679,1.1108945478379793,1.123762705061263
1674,1.238594985091451,1.1638673529795092,1.134513179739503
1675,1.0832365466144322,1.1213682066530546,1.111966674139851
1676,1.0304393838180665,1.1153779426165715,1.1291086151429455
1677,1.0994856888388764,1.1387017434036983,1.115685717904451
1678,1.1500719520722282,1.1315201449384604,1.1059348804210727
1679,1.1675136604241207,1.139709439595511,1.1139021780125657
1680,1.1781643525963483,1.1502389243576265,1.1047854224263414
1681,1.1921428525994715,1.1121271054007154,1.1417107741033583
1682,1.153384117935058,1.1324996589821843,1.1088069088536134
1683,1.3319614363423666,1.1251460977387808,1.1155547550427833
1684,1.1220075068385136,1.122598447675393,1.1577766011047546
1685,1.1634061152041855,1.1312591059587291,1.128987169464441
1686,1.0826637042032028,1.1261344397906958,1.108448355493824
1687,1.0550764099346412,1.128883642911312,1.1127004223168853
1688,1.1701125505019188,1.2000042661238246,1.1189834711530258
1689,1.1350627966316105,1.1144344107792512,1.107881128460487
1690,1.1166999252689715,1.1131630880417165,1.1217469920846703
1691,1.0336293014066917,1.1459479058459519,1.119020051768977
1692,1.0606244304960817,1.1738978522569532,1.116309105619838
1693,1.0913497445110405,1.1150815319274543,1.1191143912892187
1694,1.096902462348898,1.1272054398060005,1.1160894916905784
1695,1.0828128479326597,1.1229042457245877,1.1174416486959489
1696,1.056407246096552,1.104814684857755,1.11198666130702
1697,1.0692696358107097,1.130238865931182,1.1223331963950727
1698,1.1340217832253585,1.1358514294336886,1.1238009785409426
1699,1.1009746679487489,1.1156754295392304,1.1519730080384583
1700,1.239857706303291,1.134688919960132,1.1223689189130446
1701,1.0012314791640322,1.1305987153720851,1.1163429749928033
1702,1.0803915264513086,1.1260798552983962,1.1277827140760825
1703,1.0787420259429181,1.108758346156396,1.1052211253562825
1704,1.1425047660973036,1.1225600683294488,1.1093040992857637
1705,1.1270522511620653,1.1415216180616272,1.1000206346411077
1706,1.091843814017482,1.148847277689309,1.1197580106908311
1707,1.0937350042272251,1.1156283326403982,1.0978129438089395
1708,1.100171541244178,1.1676986526103177,1.1154618405686392
1709,1.0476624243322297,1.1431188667587906,1.1018955982443002
1710,1.1442127881315172,1.1278032256996284,1.0944892650390334
1711,1.099245322440887,1.1289272248749405,1.1359525434431286
1712,1.0362285177292807,1.122275376342532,1.1115405126726494
1713,1.2418716338069944,1.1812679849573147,1.1215776878039507
1714,1.123634711081003,1.1181174855229317,1.148955415733038
1715,1.0957231654045887,1.1186252220283512,1.1095038432843547
1716,1.1617212035923532,1.1170321285241174,1.1318848320888033
1717,1.1067976341296784,1.1225208475984505,1.122241935371435
1718,1.2032704075234741,1.1304001797510683,1.1133097521361726
1719,1.2351841978027955,1.1250867093523496,1.1150170712349983
1720,1.04750056911538,1.1151664444635654,1.124998558277408
1721,1.0708584441126687,1.1743478673768155,1.1239553503599595
1722,1.1454983103625438,1.1475146687474767,1.1296498870958003
1723,1.057469155561633,1.1268842887699715,1.1239067653571662
1724,1.0961250000661822,1.106093221857082,1.1196945796644313
1725,1.3851003184585944,1.1362594328550437,1.1319211410392573
1726,1.0776901597314614,1.1538781194589947,1.124633602052082
1727,1.1189503803373597,1.119236455783081,1.1431384186213502
1728,1.2482339165291012,1.125311533950441,1.1189379205294105
1729,1.0440199454527808,1.13527869182609,1.1225576862955926
1730,1.0914552349142226,1.1170051640761518,1.1402949370989621
1731,1.110180628441269,1.1246507563359263,1.1245509267107368
1732,1.2218663889754702,1.1199394375644436,1.1219610314188777
1733,1.07950785296431,1.1164724214574258,1.1241270216139136
1734,1.0695113239944103,1.126316277452938,1.1178148063951439
1735,1.1028511311962683,1.1148415027691476,1.1370679400191581
1736,1.0703053563644436,1.1249751091456974,1.1133066565936467
1737,1.1505566005578214,1.120342241601504,1.0988771213468358
1738,1.108841123780942,1.1246769482650636,1.1208210122420694
1739,1.491709159083135,1.134733379051474,1.1095295927746613
1740,1.0941977971404957,1.10958283824952,1.11240880017532
1741,1.105030035815881,1.1214197718518006,1.1227255120141484
1742,1.1842106697814325,1.1162763098913466,1.1124010714754369
1743,1.0033433929499094,1.113039801753535,1.110259466154305
1744,1.1547125342690507,1.1227936294610554,1.11961162538089
1745,1.0752524890395478,1.1105193274259102,1.1180962422969978
1746,1.123982256883582,1.2825720741096474,1.1224657493105157
1747,1.1560013627319052,1.1023574984340976,1.1115159856379562
1748,1.1174157722348954,1.1128006037776914,1.097731316845078
1749,1.1422035221968168,1.1266268039216836,1.1149407709611812
1750,1.5515292568259194,1.1220504125674973,1.1126347829849912
1751,1.1532300776809066,1.1426349738998427,1.1057093771779558
1752,1.015318965081497,1.0958446746270676,1.1098688869632864
1753,1.0365680055634163,1.099443893782573,1.12570650611043
1754,1.136138355421481,1.119827644173531,1.1740805397791005
1755,1.0853961282770912,1.1136541503327468,1.1256492208638063
1756,1.0264581935223192,1.12464870068948,1.129260828885394
1757,1.104092002118429,1.1218458014758956,1.1370752306750334
1758,1.091676570766962,1.113228311392576,1.1407980454149973
1759,1.115891922092009,1.111632663185683,1.1146766256394847
1760,1.0521571687154545,1.1322195752652362,1.1315697044285289
1761,1.2432184875141856,1.1055888050364906,1.131417450400501
1762,1.1224637418022323,1.1346390453323107,1.1066130817038273
1763,1.0787346728451905,1.1365617506667038,1.124617859557481
1764,1.07398497829164,1.1229759350451913,1.1189647849806466
1765,1.0869654516312324,1.1478640689538167,1.1315209123066556
1766,1.1364713673440567,1.1335811677641643,1.1230470316684262
1767,1.1437862794862428,1.1507111008996316,1.1371225933358209
1768,1.104380743956859,1.1273700468325825,1.1099737890243075
1769,1.096072600203449,1.1235411425583948,1.1268154740066838
1770,1.0102856123349548,1.1374844460800682,1.1202289422283942
1771,1.174886493911128,1.1558846831039382,1.1155036230243747
1772,1.0747343120812758,1.1262823473402126,1.1364415898758404
1773,1.0766788867755448,1.1479734494372977,1.0857576174025207
1774,1.0381047752600616,1.12012277759937,1.1283368089887935
1775,1.1002918566704913,1.180737269117818,1.1250835898891993
1776,1.09004562625273,1.1210253181085006,1.117125234161229
1777,1.1503541506809396,1.1338444169636548,1.1318256105863704
1778,1.1354023457397755,1.1404392436133102,1.1691817479978337
1779,1.2526245906099687,1.1277731718863608,1.1222388182094714
1780,1.0799860403574941,1.1445340104679758,1.116167423269523
1781,1.1411786661020908,1.1468910021935304,1.0887057621458107
1782,1.0295124703441456,1.1300970265593426,1.1396615057676498
1783,1.0584235435779323,1.1307011568417429,1.1287531485454583
1784,1.1030107886027907,1.094560064058158,1.1241507525317072
1785,1.117212390595231,1.1237520683904183,1.101483595896306
1786,1.0856080966785193,1.1173094618176558,1.1172559992847715
1787,1.0829888550998727,1.134527711530198,1.0958345756386696
1788,1.067577213932145,1.1469832331096754,1.1299587439088998
1789,1.0940176231338956,1.1488384517134824,1.1226101828470778
1790,1.196852592993985,1.1237458848724637,1.0944738705329589
1791,1.0642298498672582,1.1387669094836035,1.11186797133738
1792,1.1835668317607067,1.1533941173322118,1.1107671154718302
1793,1.1319840775764192,1.1513599052945014,1.1036985283683969
1794,1.0903076167340162,1.1116267757025682,1.1216017621156915
1795,1.1652515170188487,1.1016132973258563,1.114999774229437
1796,1.3601935907964693,1.1263683140452,1.1239575767901497
1797,1.0139030888525022,1.1180243158066194,1.1580186964855803
1798,1.1386070190619573,1.122742891214736,1.1095735420969826
1799,1.107131638117951,1.131982216224014,1.1309987713690246
1800,1.1082117678702559,1.1381141793795202,1.1109708930094573
1801,1.097141634196537,1.1033746198136387,1.1320492039450696
1802,1.0936102892920843,1.1236891612571778,1.2490370554733854
1803,1.0970499998693257,1.1033425745898418,1.0994680508051677
1804,1.069180467667616,1.1593988340599293,1.121800919911701
1805,1.2699974729437746,1.1238983585537836,1.1412269944029827
1806,1.1222162024072215,1.1095722865725643,1.1247444450442594
1807,1.111720615409603,1.1146390840188647,1.1051752710399243
1808,1.0835985784400541,1.1232489825562928,1.1162570467424713
1809,1.1282584611957664,1.1195125124955687,1.1171272702720572
1810,1.1280249501517028,1.1499965398519285,1.1123719489350161
1811,1.126946721473842,1.1489632139315562,1.1194094255529987
1812,1.0979088517304236,1.1375420163321448,1.0999079441917712
1813,1.2804515047535756,1.0943754735495401,1.0973916718977603
1814,1.046556480460635,1.1324142892756157,1.1491300552411228
1815,1.0501726183799025,1.1176566661462386,1.1263043160687785
1816,1.079249114603205,1.144194949622811,1.1300169079149505
1817,1.0578884070009589,1.1398580381604562,1.1013648808877077
1818,1.1359525503411907,1.1065027779796817,1.1361037193080483
1819,1.0692582026108743,1.1264366326454753,1.1183922904477883
1820,1.1861748534483638,1.1129501898253638,1.1204334353220622
1821,1.1573188532680665,1.1534689724896439,1.1248051999474562
1822,0.986273853955384,1.1129089677337178,1.107954762731555
1823,1.1490054697721641,1.1351998844970568,1.1229737297049531
1824,1.1070920698654387,1.105958516171745,1.1367974221664232
1825,1.1137154144350898,1.1302652933107777,1.1290824539744013
1826,1.1322155779797647,1.1134261633481386,1.09301238785104
1827,1.0808589130807258,1.1053082794362719,1.1362645677119743
1828,1.1527267912744625,1.1089346575855175,1.1375693789845314
1829,1.0526555659364385,1.130404583340818,1.1015556410082916
1830,1.1506124518217324,1.1096479231483556,1.08873982922437
1831,1.1010645051310533,1.1230439133870582,1.1230683258340806
1832,1.1767376641229759,1.0898843496233126,1.1487923881990958
1833,1.0774282774047543,1.137373492945874,1.1211599609186282
1834,1.0658459043564799,1.120315807931986,1.1407570045206927
1835,1.1969671354063582,1.108819270796494,1.10663138997218
1836,1.1391809244212447,1.1163752270552478,1.1276745362648486
1837,1.4612157127264165,1.1264739672230883,1.126783258430883
1838,1.388403915868389,1.1454875024275786,1.1426951848173994
1839,1.1361369087309634,1.1368463059104725,1.1143136839961905
1840,1.1148108885995285,1.109631128085159,1.1191545071433429
1841,1.1674648760974788,1.1215743855789106,1.0997539552537505
1842,1.0867005699257124,1.1258990652069496,1.1073260986396838
1843,1.14552148213768,1.1200704722699744,1.1293212794175207
1844,1.0847102372326463,1.1367177404313922,1.1122164427623151
1845,1.158733404849119,1.1102603980322807,1.133846530018234
1846,1.0640828278965415,1.1511777711815427,1.1033018005380928
1847,1.0127322492122153,1.1067542671390926,1.108006936314432
1848,1.0701348025951032,1.1431349188701232,1.1201662396508407
1849,1.127816860152964,1.1383142647728242,1.1049985622598317
1850,1.0805874003079012,1.1283451118778087,1.1022247505257359
1851,1.0582429345241766,1.1029244244796075,1.1050537153104254
1852,1.0800699188908776,1.1489077208869691,1.1154067771403018
1853,1.240278933983428,1.1368337479904411,1.0962997539856454
1854,1.085259337959929,1.2468894105701283,1.1210344085054744
1855,1.053265083755652,1.1392983616836954,1.0960087408455843
1856,1.0929249694559453,1.1191156701914746,1.1118169421957051
1857,1.071356364628774,1.1040594819315308,1.1132588315867595
1858,1.027835855101121,1.1360856389599936,1.129015190158058
1859,1.0753692975068594,1.138223076667505,1.1237723561849313
1860,1.0464283574239497,1.1611394892667266,1.1281685314799106
1861,1.1394371408341446,1.1356005744912436,1.116510534953968
1862,1.0063937633330704,1.1285041253379704,1.1319118941208215
1863,1.2078126799283035,1.1291905267342992,1.1229078404735502
1864,1.1695819240713061,1.1113005531420055,1.1021710428781732
1865,1.076776412767705,1.1193137973622198,1.1418374639086974
1866,1.055284231657109,1.1512514827219291,1.145045287787646
1867,1.0377105339756256,1.0975302123905613,1.1176558126098612
1868,1.086210660955967,1.1454374128270497,1.1248549749609857
1869,1.1485565858003526,1.1251135663693457,1.124660228325153
1870,1.1233058954371176,1.107999733933756,1.1268668574145206
1871,1.0756857651927079,1.125733277985474,1.1137289326693394
1872,1.1536609573629077,1.1444350313263842,1.125480625708072
1873,1.1576727431281566,1.1203153630131968,1.1374190906750148
1874,1.069811388937007,1.1200706899979802,1.1461737237871918
1875,1.0925443742454448,1.120628037289134,1.125336697937694
1876,1.14040005168114,1.1237082919553234,1.1263496420367933
1877,1.0875877396311437,1.1213094738198268,1.126507112400327
1878,1.076514386594223,1.11268447371442,1.164727517903716
1879,1.1595515617790764,1.1152558225507223,1.1412521407127236
1880,1.0593357236436056,1.207363355820286,1.1271863061369307
1881,1.100512925536332,1.1413654726925282,1.1197289456435975
1882,1.1032443547581872,1.1266872632157883,1.1127452145088126
1883,1.1126413899287266,1.114156133310389,1.1320743880757604
1884,1.0357485911651614,1.1452912310053875,1.1023549023999009
1885,1.076961385650778,1.107179474595089,1.1130875430656433
1886,1.4557221595311445,1.1082939801432952,1.1428342556150042
1887,1.0731766200220334,1.1225655605077436,1.115247301279757
1888,1.151220228506351,1.1293588134516361,1.1201890727522357
1889,1.071875995785171,1.1379585662773242,1.139961680665607
1890,1.0732111905980726,1.1246836781468292,1.1113676738522036
1891,1.1576970070056438,1.1139594112225388,1.1157542700667136
1892,1.4042162632965465,1.1083450760188664,1.1036088331869094
1893,1.0927011929258017,1.1325352912666027,1.1160529918516942
1894,1.1645133873663316,1.1239999699214824,1.1182204368283826
1895,1.4676434069309632,1.124570741397905,1.1370039833721872
1896,1.1552326365847096,1.1531767378481086,1.1237030779081456
1897,1.0667886241767959,1.1127824832385074,1.134060542014893
1898,1.1166260036507063,1.1095154542232548,1.1335906749591529
1899,1.7352751017340107,1.1265494826842506,1.1336818315804473
1900,1.0795501793639417,1.1049375545767248,1.1208890344676223
1901,1.0850699043039425,1.1414524335661946,1.116301369334886
1902,1.1729481598270057,1.1246346318454228,1.110474114371011
1903,1.1210131745154608,1.125473334100493,1.1354251821716626
1904,1.0085781839225136,1.1197685249363682,1.1272532356609224
1905,1.0446843968605755,1.149363422044612,1.1167421536566773
1906,1.060452512418126,1.1214627803627553,1.1070686358391209
1907,1.1113200068078042,1.1487300561076625,1.1078774079285236
1908,1.1440974061107814,1.1412306303010677,1.1183939807165895
1909,1.0421823822028828,1.110845435371421,1.1403257702820722
1910,1.0634591814296024,1.105266426883579,1.1195519977091484
1911,1.0911943558170096,1.1604300817027904,1.1024771511416522
1912,1.083804814777777,1.1288383191605325,1.1072689089750383
1913,1.1077889482002992,1.1103850933425565,1.1064389450867558
1914,1.184660952464029,1.1042456910083693,1.1178248377313746
1915,1.2741835252507987,1.1132453863574951,1.134072818580223
1916,1.1160662612952583,1.1260136139282966,1.1088507483809902
1917,1.127832378914317,1.1192682261462163,1.1723300063991546
1918,1.0447095288078676,1.1537951991254007,1.1331288650668658
1919,1.2476301614217267,1.1144301573445416,1.111566417054723
1920,1.3259332223835112,1.1229692036285674,1.1437804470237585
1921,1.1410107091254496,1.1734754044387008,1.1097441933949588
1922,1.3623162400601254,1.106404930424543,1.1132112782135675
1923,1.0972261891849255,1.1262233715846992,1.129540432767447
1924,1.027856176285905,1.1122837344201257,1.1357641843040427
1925,1.1567329368122654,1.1332192095438567,1.1015824975063317
1926,1.0971520182337828,1.1008576380697062,1.117100799074022
1927,1.1069110931340396,1.115681820803738,1.1263660488914429
1928,1.1153349594134778,1.1267728083417208,1.1303819074538561
1929,1.1305511972018727,1.1429629699353565,1.1216550910640137
1930,1.1405805440590047,1.128625561537608,1.1288549131766346
1931,1.0473262288909073,1.119954724910153,1.1467050414278857
1932,1.119772421147872,1.1214631563366457,1.1183281522275463
1933,1.059055091319274,1.1332629120681341,1.1044292902297863
1934,1.1027748719745964,1.1305182700359386,1.1162265763136803
1935,1.0778333571297898,1.1429713953571472,1.1428330203064625
1936,1.0623470395599799,1.0955460418120757,1.1089241163001307
1937,1.0683532210024667,1.1107149624052293,1.1297687029646317
1938,1.0483490461124112,1.1373857660171662,1.1355353284356933
1939,1.0120063505423562,1.1183569353408889,1.1154649542483421
1940,1.1269880365058513,1.1289199224683768,1.1330860489445007
1941,1.08397815029931,1.1262932322544463,1.1162779946985089
1942,1.0920307806345175,1.131728220225932,1.1524669147577962
1943,1.113961636407577,1.127580175063644,1.1512793494895899
1944,1.1388265957858423,1.1018584573345023,1.1367258287011186
1945,1.1084754433647714,1.1233977883127602,1.1187575054455539
1946,1.008732902493009,1.1114531615213135,1.1176920778424928
1947,1.0314045865116015,1.1018326798264628,1.1136934435811616
1948,1.0624114274088645,1.1268430441593074,1.1158714331228536
1949,1.0686217631115567,1.1221402909302578,1.1138694899195578
1950,1.1168060350665205,1.125716265918265,1.1363159282335396
1951,1.2042800443729975,1.122336405900764,1.1305193746153184
1952,1.1112305426247833,1.1450674562480359,1.113634913116637
1953,1.195400918076988,1.1343812534073525,1.1355448037361253
1954,1.1274384747792003,1.1295123134148277,1.131385835762793
1955,1.0886305664766431,1.1231634904861287,1.1309336740499174
1956,1.1517627283342455,1.1109932618741323,1.1058212130640277
1957,1.0961669838286907,1.1229824693228214,1.123992141955096
1958,1.1149109489085673,1.1266289178970548,1.1619141633801735
1959,1.2012544781885885,1.1099786249044794,1.125710443061042
1960,1.0473091080749932,1.142300697797583,1.103992430314775
1961,1.1329884832983776,1.1224905743601938,1.2303137265274675
1962,1.1117126061960265,1.131300276968151,1.1358767900525133
1963,1.124326133601408,1.1181074412340712,1.134975334353537
1964,1.1061601900156797,1.1378764614322028,1.117108444829678
1965,1.0874194949428588,1.121820281110242,1.1254273639348529
1966,1.0667477395372362,1.1479365057687252,1.1352222534891483
1967,1.0771689115033474,1.1515372012831084,1.10303042670124
1968,1.0641701953337146,1.1296054736079284,1.1404290780195783
1969,1.0517020081794999,1.1304000928744484,1.1178357438933129
1970,1.1970264936999355,1.1192388743999877,1.1155013864600707
1971,1.0313438927976981,1.120578496721454,1.1359315342331135
1972,1.1329592128040429,1.1253734588165534,1.1173835445010274
1973,1.1889995362322776,1.1034254013040559,1.1186200379627054
1974,1.0439645703101423,1.1265831490091776,1.1232675392742804
1975,1.0806269885718465,1.1261648775798248,1.120614860947076
1976,1.1114374461863958,1.1381335885647383,1.1057748956898454
1977,1.111936666362039,1.115790447452756,1.120037513076741
1978,1.1164390229654266,1.0997699354692299,1.111703317163254
1979,1.2588043645170923,1.1150143789515994,1.1024551308895358
1980,1.1184072473498148,1.109476373370742,1.1147220335727033
1981,1.0534838549720358,1.1430296798168054,1.1215292201311167
1982,1.0698531032598766,1.1357974491284324,1.1052089682992405
1983,1.304216623593842,1.1118577512112875,1.1123015244312178
1984,1.222987442061139,1.1232652885449412,1.1429089762371758
1985,1.0627579968806502,1.1337032158188862,1.109965475108195
1986,1.0587191762524266,1.1459047088812022,1.1397226241572485
1987,1.0325463940485782,1.1357330529952676,1.1245262534895342
1988,1.0606212739041694,1.134415326451411,1.1287057282213335
1989,1.0919021507801576,1.14918840783773,1.1340848003931825
1990,1.0205138621907697,1.1081791597405886,1.1235589362511134
1991,1.1072159373023758,1.1243613209821886,1.123697611690247
1992,1.1090363091949862,1.1438914485075635,1.1171531503514371
1993,1.0377283521205338,1.1082783206503708,1.1162303691284314
1994,1.126975952725834,1.129475712061522,1.107033010804106
1995,1.077999857032814,1.1365514063042925,1.1311168462998695
1996,1.0416476714521001,1.1189783288582473,1.1302195228618388
1997,1.108195705506827,1.121399750239475,1.1238749888630832
1998,1.0806930585043228,1.1270768612796764,1.112368398247239
1999,1.0146726207809462,1.1294743792852067,1.1227857390185667
