chain_id,hmc_5,hmc_10,hmc_20,hmc_uniform_9,hmc_uniform_19,hmc_uniform_39,hmc_two_point_9,hmc_two_point_39,nuts
0,0.1659625,0.1488375,0.1438125,0.142325,0.1536125,0.1403875,0.182275,0.1407375,0.1468375
1,0.13745,0.139675,0.1419375,0.1320125,0.170625,0.14475,0.1441,0.1504,0.153
2,0.1434375,0.1537875,0.158475,0.1571375,0.15985,0.1435625,0.1380875,0.145,0.148575
3,0.1378375,0.1400375,0.14145,0.1429125,0.1438875,0.148425,0.1608875,0.15395,0.1484875
4,0.1471,0.1498875,0.13875,0.14245,0.1403375,0.142825,0.1443,0.1483125,0.15085
5,0.1494,0.1362875,0.1431625,0.1593625,0.1402125,0.141575,0.153425,0.1493625,0.14548750000000002
6,0.1458875,0.145825,0.1611375,0.116,0.14075,0.14075,0.141425,0.1583375,0.1526375
7,0.141025,0.14185,0.14255,0.131575,0.1369375,0.1494125,0.1452125,0.1442125,0.14673750000000002
8,0.1421,0.1434625,0.1433875,0.1387,0.1526875,0.161775,0.142125,0.1458875,0.1451125
9,0.1395875,0.1408375,0.1462125,0.13475,0.1496625,0.1450375,0.1443375,0.1456625,0.1464375
10,0.1517875,0.1401625,0.14515,0.15565,0.1430625,0.1505125,0.1537375,0.156925,0.1389125
11,0.1476,0.14415,0.142875,0.1488875,0.1485625,0.1441125,0.132875,0.1472,0.14195000000000002
12,0.1582125,0.138725,0.1538,0.1471,0.15045,0.145375,0.1444375,0.149175,0.14415
13,0.1390375,0.1572,0.1426875,0.13845,0.1457875,0.1426875,0.17445,0.150175,0.14705000000000001
14,0.134625,0.153725,0.1654625,0.1590125,0.1455875,0.1425875,0.1331375,0.1425125,0.1479
15,0.1361625,0.144475,0.151325,0.1276125,0.1481125,0.1480125,0.1559125,0.13735,0.147125
16,0.137925,0.138575,0.1415875,0.1373,0.1486,0.1433875,0.1319625,0.1464875,0.1433625
17,0.1292375,0.141575,0.1442875,0.1443,0.1428625,0.1447,0.13815,0.140425,0.1478125
18,0.133275,0.1417375,0.1465125,0.1417875,0.1514,0.1528,0.1466375,0.146475,0.1534375
19,0.1328,0.1333125,0.1455,0.1508,0.141875,0.143875,0.13595,0.144225,0.1442125
20,0.1500375,0.1448375,0.1456625,0.15175,0.165675,0.149225,0.138975,0.1446875,0.14626250000000002
21,0.1273625,0.1533875,0.1432125,0.1335625,0.1388,0.1434375,0.1316125,0.144275,0.1435375
22,0.1469375,0.144775,0.1469375,0.14165,0.143225,0.13965,0.1360625,0.145725,0.15015
23,0.13795,0.1445125,0.139475,0.1349,0.1404625,0.149,0.14065,0.1476625,0.1497
24,0.155725,0.177175,0.140425,0.142125,0.1384875,0.1423125,0.14805,0.14235,0.14678750000000002
25,0.1272625,0.1433125,0.1481625,0.146625,0.1404375,0.1515375,0.1429125,0.1475875,0.1539125
26,0.14275,0.1529,0.1439125,0.1450125,0.144625,0.13925,0.1554125,0.1494625,0.1494
27,0.140075,0.1503125,0.1459375,0.13825,0.1564,0.146425,0.1410375,0.1608625,0.14447500000000002
28,0.15205,0.1439125,0.14305,0.140575,0.1497875,0.1430375,0.1331875,0.1454,0.14285
29,0.1397875,0.1610375,0.147775,0.1541625,0.1495625,0.1430375,0.158025,0.145375,0.1473125
30,0.1319125,0.145825,0.1509625,0.1383375,0.1474625,0.140275,0.1412375,0.1420875,0.1458625
31,0.1476625,0.1435,0.0390625,0.1339125,0.1419375,0.1442125,0.1555,0.1503875,0.1460875
32,0.2106,0.149075,0.14955,0.1366625,0.155775,0.1407,0.142925,0.1432625,0.1534125
33,0.1649875,0.148625,0.1496875,0.15805,0.143425,0.1422,0.1455625,0.134825,0.143875
34,0.1382,0.1606,0.14795,0.1622625,0.1424375,0.1518875,0.1444,0.1418125,0.14585
35,0.1466375,0.1613,0.1445,0.146125,0.1538625,0.142875,0.13205,0.150925,0.1473125
36,0.143275,0.1589875,0.147675,0.18055,0.1455125,0.13995,0.1536125,0.1547875,0.15711250000000002
37,0.1438125,0.14495,0.1489375,0.1344875,0.1363375,0.14535,0.15005,0.1444625,0.150125
38,0.1355875,0.1398375,0.1421,0.145125,0.1415875,0.140175,0.1409875,0.14315,0.14875
39,0.14485,0.135925,0.149375,0.15125,0.1479125,0.147925,0.1534,0.1450625,0.153725
40,0.1508,0.155,0.139175,0.15665,0.1486875,0.144425,0.145475,0.153175,0.14745
41,0.1508875,0.1487,0.1444,0.146475,0.1464375,0.1512375,0.149875,0.1516125,0.14602500000000002
42,0.1645875,0.1511625,0.142475,0.1413875,0.1459,0.1422375,0.1640375,0.1451125,0.1482
43,0.1464875,0.1545875,0.1386875,0.147275,0.1450375,0.14025,0.1436875,0.145975,0.144425
44,0.1482375,0.1402125,0.143825,0.1478625,0.14465,0.1444125,0.153075,0.1459125,0.150625
45,0.1354125,0.1628875,0.1532625,0.1491875,0.14605,0.14415,0.1431125,0.1437625,0.1429375
46,0.1492,0.14665,0.1537,0.1517625,0.1448,0.1525375,0.1468625,0.145325,0.1468125
47,0.1403625,0.1531625,0.1573625,0.1346,0.1512,0.1547625,0.141475,0.1563125,0.151975
48,0.137575,0.218875,0.1457125,0.2391625,0.17895,0.1461125,0.1458375,0.160325,0.1468
49,0.158775,0.141625,0.1412,0.1477875,0.1720375,0.1519625,0.1601375,0.1378375,0.1470875
50,0.1466,0.14255,0.1496875,0.144925,0.1460875,0.1426375,0.144825,0.1419,0.14673750000000002
51,0.1390875,0.1459375,0.1522125,0.16555,0.141625,0.1435625,0.1423125,0.1385875,0.1512375
52,0.1549,0.136925,0.148125,0.1353375,0.1409625,0.1471375,0.1481375,0.1508875,0.15065
53,0.1447625,0.1451375,0.1489375,0.150625,0.1515625,0.145775,0.1802125,0.145725,0.141375
54,0.16245,0.1503,0.14095,0.129975,0.1406,0.157325,0.1498625,0.1440625,0.1487375
55,0.136375,0.1477125,0.1288125,0.1332625,0.15025,0.145725,0.132125,0.141675,0.1431375
56,0.152325,0.161125,0.1545875,0.15625,0.142725,0.145875,0.150975,0.1545,0.1502
57,0.145175,0.14145,0.149775,0.14485,0.1430375,0.1411125,0.14895,0.1456125,0.1449625
58,0.13765,0.1429375,0.150325,0.14175,0.1555875,0.1458625,0.151875,0.1455125,0.14498750000000002
59,0.1617375,0.1458625,0.1584125,0.150275,0.146225,0.1506125,0.1498,0.1382875,0.1508625
60,0.14285,0.15205,0.1459625,0.146725,0.15805,0.14545,0.211225,0.143725,0.1483625
61,0.1210375,0.1437875,0.14485,0.1301875,0.1393125,0.140975,0.13165,0.15535,0.14375000000000002
62,0.1461625,0.138525,0.1511125,0.1447,0.1378875,0.15045,0.1747875,0.15465,0.1502375
63,0.134675,0.1437375,0.148725,0.1486625,0.14445,0.1457,0.1455375,0.15425,0.14827500000000002
64,0.1445625,0.152175,0.14095,0.1352875,0.1436875,0.1432875,0.134725,0.154425,0.14726250000000002
65,0.1354125,0.142525,0.1425375,0.1507125,0.1544,0.1461875,0.1401,0.14055,0.15
66,0.1485125,0.1507875,0.1545625,0.1427875,0.139325,0.1498125,0.1444125,0.1523875,0.1527375
67,0.1392125,0.152825,0.1623625,0.132725,0.1418625,0.14905,0.1465625,0.1421375,0.15105000000000002
68,0.1387875,0.140525,0.146725,0.1629875,0.1624125,0.1463,0.14115,0.1489,0.1477125
69,0.1385625,0.1459,0.1419375,0.1493875,0.147575,0.150375,0.1370625,0.154075,0.1415125
70,0.164775,0.1518875,0.1466125,0.1349875,0.14515,0.143775,0.14795,0.1437875,0.15181250000000002
71,0.1380875,0.1556625,0.1514125,0.1326,0.14855,0.140775,0.1462625,0.1491,0.14855000000000002
72,0.147625,0.1494625,0.1519125,0.1601125,0.13955,0.15685,0.1190125,0.1552125,0.15027500000000002
73,0.1499625,0.1577375,0.1493875,0.1376125,0.1374625,0.1447625,0.1284625,0.1442375,0.1466625
74,0.133025,0.1375125,0.1445,0.1341375,0.1423375,0.14355,0.1532,0.1527,0.1484375
75,0.1379375,0.142225,0.143575,0.1574,0.1413125,0.1439,0.1473875,0.1403625,0.15077500000000002
76,0.1303375,0.1508,0.1419625,0.14135,0.1408375,0.1407625,0.1800125,0.14575,0.1470625
77,0.1360875,0.1456,0.147275,0.153675,0.15215,0.1463125,0.1503875,0.153225,0.15106250000000002
78,0.13625,0.149475,0.1436625,0.133125,0.1415875,0.1459625,0.1461125,0.14925,0.1474
79,0.1461875,0.163025,0.1474875,0.13985,0.139425,0.1439625,0.149725,0.1466125,0.151175
80,0.14395,0.14165,0.1494625,0.1463,0.1434125,0.1452125,0.133375,0.165025,0.149075
81,0.1430875,0.1342375,0.15,0.1343875,0.1533,0.152575,0.1410375,0.146975,0.147325
82,0.125375,0.1496875,0.1433875,0.1446875,0.1414,0.1448,0.1559375,0.1447,0.1484875
83,0.277775,0.1427875,0.1582375,0.1358625,0.1433375,0.1443,0.1364625,0.141275,0.14321250000000002
84,0.1629125,0.1687125,0.1354125,0.136925,0.13895,0.149375,0.1559875,0.146825,0.14930000000000002
85,0.163075,0.1446625,0.16175,0.1562625,0.1485375,0.14205,0.1497,0.1532,0.14598750000000002
86,0.1477125,0.1420125,0.14505,0.1383875,0.135025,0.14155,0.1475625,0.1449125,0.1460625
87,0.1482875,0.1434,0.1383875,0.138075,0.1480125,0.1423625,0.1299625,0.1494,0.1450875
88,0.12695,0.1440875,0.1429125,0.1409125,0.1444375,0.1468875,0.14745,0.1444875,0.14348750000000002
89,0.1443625,0.1675125,0.178075,0.139875,0.152875,0.1483375,0.142375,0.159125,0.146175
90,0.1368,0.1456875,0.1523375,0.1399,0.1447625,0.145175,0.1429,0.14855,0.1474625
91,0.1682125,0.1462,0.14685,0.1360875,0.14315,0.1603,0.1343875,0.1406375,0.1435375
92,0.1333875,0.1451875,0.1413125,0.136425,0.14555,0.1496375,0.14215,0.14765,0.14215
93,0.1491375,0.161825,0.1465,0.1409,0.145925,0.1455625,0.13885,0.1568125,0.1504625
94,0.1592375,0.1423125,0.143975,0.143425,0.1427375,0.1513,0.143875,0.14905,0.14385
95,0.1406375,0.1449875,0.1449625,0.1437125,0.1483125,0.1501125,0.1414875,0.143675,0.15383750000000002
96,0.1469,0.1441875,0.1509625,0.137775,0.1421875,0.1501125,0.1348875,0.1444375,0.144625
97,0.1345375,0.147525,0.1451875,0.153725,0.1610125,0.156275,0.140075,0.1420875,0.14271250000000002
98,0.1309,0.14525,0.14665,0.1412625,0.15445,0.1408,0.1502625,0.1489125,0.1504875
99,0.1292,0.1503,0.1444125,0.1530875,0.1398625,0.1419125,0.1443125,0.1422125,0.1487
100,0.135075,0.1422125,0.1557125,0.1356125,0.148075,0.1543625,0.1483,0.1487875,0.1473125
101,0.1329375,0.144775,0.1496875,0.1476875,0.1424375,0.1494375,0.1507625,0.1468125,0.145125
102,0.1405,0.135375,0.146075,0.137675,0.1396625,0.14835,0.1304875,0.1442875,0.1424
103,0.1405875,0.145275,0.14675,0.143175,0.1505625,0.1481,0.138275,0.1439125,0.1506
104,0.1468125,0.1644,0.146625,0.143,0.14125,0.148,0.1367875,0.1424625,0.14931250000000001
105,0.1384875,0.1461375,0.1424875,0.1618875,0.144675,0.152325,0.1392125,0.1427125,0.14702500000000002
106,0.1592125,0.1438125,0.149225,0.153825,0.1371375,0.1529,0.1525125,0.148825,0.1507
107,0.1419375,0.149,0.1447,0.139875,0.1457125,0.14615,0.14235,0.1738875,0.1472
108,0.159125,0.1548375,0.1491125,0.1347625,0.142525,0.143425,0.158375,0.147025,0.1474625
109,0.15855,0.1474375,0.1428375,0.159725,0.1505125,0.1524125,0.12855,0.1457125,0.15306250000000002
110,0.143125,0.142275,0.1505875,0.130775,0.1399125,0.1468375,0.1378375,0.142675,0.155375
111,0.1603,0.1434875,0.1504375,0.148125,0.1458125,0.15085,0.1505875,0.148825,0.15065
112,0.149725,0.1416125,0.1464625,0.1375875,0.14315,0.1501625,0.1504,0.14425,0.148475
113,0.142975,0.1435625,0.146525,0.13745,0.1570375,0.1393,0.1712375,0.139775,0.1452
114,0.1376,0.1416375,0.14605,0.154675,0.1492875,0.1379625,0.134975,0.1528875,0.1487
115,0.1382125,0.148425,0.1510875,0.1378125,0.150525,0.151575,0.1516875,0.139325,0.14785
116,0.1401,0.1458125,0.1436375,0.138825,0.150225,0.1474,0.1305125,0.1461625,0.152375
117,0.1870625,0.1442125,0.145875,0.1334375,0.1451375,0.14575,0.1410375,0.1542125,0.1486625
118,0.14515,0.1402625,0.1475375,0.147325,0.139125,0.1609375,0.1443125,0.1459,0.1468625
119,0.1421625,0.1441875,0.1379875,0.137825,0.141775,0.1459,0.1397,0.1452875,0.1444625
120,0.1452,0.1674125,0.1451,0.15025,0.1421875,0.14655,0.165825,0.148575,0.142275
121,0.125075,0.159075,0.1523625,0.1404625,0.151175,0.14245,0.169575,0.159275,0.1466625
122,0.134225,0.177275,0.1599,0.1479375,0.138475,0.1474625,0.1730875,0.145725,0.1441875
123,0.159475,0.145725,0.146025,0.1509,0.139075,0.14475,0.1390375,0.1604125,0.1503875
124,0.131475,0.1466125,0.1468,0.1465125,0.14515,0.1428125,0.1492125,0.1468375,0.1555375
125,0.1380875,0.145,0.1453375,0.1447625,0.1441375,0.14585,0.1276,0.1496625,0.1435875
126,0.1373375,0.1509125,0.1462,0.1472625,0.1562125,0.1451,0.162925,0.1433625,0.14665
127,0.1453875,0.167625,0.14555,0.1410625,0.1442625,0.139925,0.1554125,0.1494375,0.15157500000000002
128,0.16445,0.1511125,0.142825,0.1446125,0.1459125,0.1454875,0.1448625,0.1504,0.15175
129,0.1452875,0.142475,0.1416375,0.156025,0.145175,0.142375,0.13315,0.145975,0.1473875
130,0.1636625,0.1521125,0.14075,0.1511375,0.14645,0.1431125,0.1358,0.146425,0.14673750000000002
131,0.1417375,0.1463875,0.138975,0.1334375,0.1458375,0.145025,0.148225,0.137025,0.14905000000000002
132,0.13995,0.1366,0.15095,0.1376375,0.142275,0.144025,0.1498,0.146175,0.1507125
133,0.15405,0.1378625,0.141225,0.1513,0.204875,0.1452625,0.130375,0.1445,0.146125
134,0.1436125,0.1435125,0.1468375,0.1427375,0.1444875,0.1500125,0.133675,0.167375,0.1499875
135,0.130025,0.13425,0.152725,0.1185625,0.143825,0.1453375,0.1403125,0.1509125,0.1425375
136,0.152675,0.15825,0.1467375,0.156025,0.149075,0.148875,0.141625,0.1408625,0.1466875
137,0.1700875,0.1458375,0.14665,0.1425625,0.1357,0.1413875,0.1500625,0.1421,0.14223750000000002
138,0.1338625,0.148825,0.1512875,0.1396875,0.149675,0.1406,0.1513375,0.1383875,0.1460875
139,0.16345,0.140925,0.156275,0.1386125,0.1520875,0.1450125,0.1423375,0.1485,0.14351250000000002
140,0.1503625,0.143275,0.1486875,0.1328625,0.143275,0.1462375,0.132,0.1468875,0.14295
141,0.1569375,0.1438,0.146025,0.15245,0.141575,0.142725,0.1612375,0.1488125,0.1511625
142,0.146375,0.1433625,0.148375,0.1339125,0.133875,0.14325,0.1417375,0.1417875,0.1524625
143,0.145175,0.143925,0.1421125,0.135975,0.236875,0.154125,0.142875,0.1474625,0.14527500000000002
144,0.13035,0.1423375,0.141625,0.1425625,0.1428375,0.1414125,0.1372,0.1521875,0.1429
145,0.140925,0.140925,0.1483625,0.151175,0.158975,0.1419125,0.1287375,0.1364625,0.1463875
146,0.139,0.1411875,0.1529,0.138625,0.143225,0.1430625,0.1535875,0.15005,0.1504375
147,0.1398,0.1502875,0.144,0.143625,0.1475875,0.1492375,0.14145,0.155625,0.1472
148,0.150725,0.141075,0.1506375,0.1393625,0.1494375,0.1451875,0.1400125,0.147975,0.1491875
149,0.14385,0.1629,0.151575,0.151175,0.146,0.1455875,0.139275,0.1418125,0.146125
150,0.1373875,0.149925,0.1530375,0.145525,0.1426375,0.14705,0.2097375,0.1478875,0.15026250000000002
151,0.1394,0.154775,0.1383625,0.148175,0.1458125,0.1413,0.1366625,0.143525,0.1494875
152,0.0772,0.1436375,0.1386625,0.1335625,0.150775,0.1416125,0.1364375,0.138825,0.1418375
153,0.131275,0.142725,0.1553875,0.1472125,0.1475125,0.146975,0.137075,0.150775,0.1441125
154,0.1639,0.1434625,0.144425,0.1492375,0.1358875,0.1443625,0.1474625,0.1518625,0.1463125
155,0.1479625,0.142575,0.14645,0.1572125,0.139125,0.147425,0.144425,0.1430625,0.1487
156,0.1326875,0.134425,0.1438,0.141725,0.1536625,0.1499,0.1364875,0.1503375,0.1511875
157,0.1503375,0.1577,0.146825,0.1562875,0.1428,0.1418625,0.1504375,0.14915,0.145125
158,0.1459875,0.148875,0.139625,0.1633875,0.1557375,0.1482125,0.1376875,0.15045,0.14626250000000002
159,0.1482625,0.190975,0.149175,0.16305,0.14265,0.1437125,0.1483375,0.138625,0.14735
160,0.1240125,0.13535,0.146625,0.1452875,0.140075,0.143825,0.135275,0.1406125,0.1538875
161,0.1490875,0.140575,0.1438125,0.13435,0.1406625,0.1405625,0.1428375,0.1551875,0.15028750000000002
162,0.145275,0.1589,0.155875,0.140975,0.1381125,0.1498,0.1663125,0.150725,0.1503875
163,0.1434,0.145725,0.1425375,0.1346625,0.1433,0.1470375,0.1574375,0.1540125,0.14701250000000002
164,0.137225,0.133025,0.1626625,0.1212875,0.146525,0.1385,0.15475,0.1505125,0.1443875
165,0.1403625,0.1627625,0.1446875,0.13615,0.1401,0.1725,0.1345875,0.144275,0.1461375
166,0.145825,0.152675,0.142525,0.1498875,0.1525375,0.1616375,0.131825,0.144275,0.15065
167,0.143075,0.1446625,0.155225,0.1500875,0.149775,0.14715,0.140875,0.1495875,0.1435875
168,0.155775,0.1440375,0.1456875,0.1396875,0.143225,0.15505,0.1376125,0.151075,0.1455625
169,0.1572375,0.136975,0.1453125,0.1580375,0.1647625,0.143425,0.1380625,0.145775,0.1417625
170,0.2039875,0.1454875,0.1449125,0.1299125,0.16335,0.1502375,0.1469,0.1434875,0.14651250000000002
171,0.14245,0.149725,0.14325,0.1498875,0.1522625,0.140725,0.1457875,0.1402625,0.1454375
172,0.1295625,0.1408875,0.1412625,0.1317875,0.15145,0.1362,0.1458875,0.1423,0.1469375
173,0.13295,0.1469375,0.1388,0.1371875,0.1391875,0.1484,0.14915,0.1488125,0.14865
174,0.1704375,0.1495375,0.1400875,0.16395,0.1445125,0.1480875,0.141375,0.1452375,0.14578750000000001
175,0.160125,0.1402125,0.136625,0.1423375,0.1457125,0.147475,0.14675,0.147025,0.153475
176,0.16245,0.1357625,0.145125,0.1451875,0.1446125,0.1447,0.1323125,0.14425,0.1497125
177,0.1385375,0.164675,0.14765,0.1349875,0.1586,0.1451875,0.1514875,0.14375,0.1476625
178,0.14565,0.1383125,0.150875,0.131825,0.1389125,0.1429375,0.17465,0.1399,0.150875
179,0.1387125,0.149775,0.1459375,0.1626875,0.1535375,0.1386625,0.1968875,0.1452625,0.143825
180,0.1512875,0.1365625,0.1410625,0.1460625,0.137775,0.1470125,0.1481125,0.142425,0.1450625
181,0.1503375,0.1509875,0.1413125,0.1442125,0.1449375,0.1431,0.1428375,0.145875,0.14335
182,0.1435375,0.1401625,0.147525,0.13635,0.143625,0.148325,0.1589,0.1441375,0.14703750000000002
183,0.1546375,0.1414,0.139725,0.1512375,0.1473625,0.1493,0.1597625,0.1432125,0.1431875
184,0.16365,0.145475,0.1431,0.136425,0.1421,0.14805,0.1356625,0.1480875,0.14473750000000002
185,0.136475,0.143425,0.1473375,0.150625,0.1440625,0.145625,0.1361375,0.1643125,0.15026250000000002
186,0.17495,0.15655,0.153175,0.1734875,0.1508,0.144,0.1465125,0.1466875,0.14753750000000002
187,0.138425,0.15355,0.1483875,0.1408,0.1427,0.1455,0.1427625,0.1501375,0.1459125
188,0.1584125,0.1588125,0.1488375,0.1368875,0.1534625,0.143775,0.1594125,0.145675,0.14835
189,0.1472,0.165875,0.138825,0.1423125,0.1558875,0.1532875,0.1581,0.140225,0.14850000000000002
190,0.1589625,0.1421375,0.1469375,0.1413375,0.1483,0.1455375,0.140275,0.1414125,0.15057500000000001
191,0.16755,0.148825,0.1563125,0.13025,0.15865,0.1482875,0.135625,0.1408375,0.14121250000000002
192,0.1428375,0.1458375,0.1455875,0.134875,0.1390625,0.1503,0.1634875,0.1475125,0.1466375
193,0.14165,0.1421875,0.142625,0.145775,0.1620875,0.1434375,0.1477625,0.156525,0.14853750000000002
194,0.14725,0.132575,0.151925,0.1935625,0.1534,0.1633125,0.1443875,0.146625,0.1512
195,0.1372125,0.1290375,0.1422875,0.1391875,0.1344625,0.160875,0.1528625,0.1413125,0.150225
196,0.1445625,0.1347625,0.146275,0.1467875,0.166375,0.14375,0.1473875,0.1464125,0.14980000000000002
197,0.1532625,0.139075,0.1508625,0.1423,0.1428875,0.1367875,0.1515375,0.1409375,0.1414125
198,0.138175,0.1550625,0.1437125,0.1438375,0.1393125,0.146525,0.1579,0.14685,0.1472125
199,0.1345375,0.1382625,0.14095,0.1427375,0.1494,0.1428625,0.1465125,0.1482625,0.14355
200,0.1501,0.1448375,0.1492875,0.13175,0.13765,0.149375,0.1441,0.1474625,0.15178750000000002
201,0.1368,0.1406625,0.1450625,0.1437125,0.1413625,0.1511,0.1612,0.1407,0.1426875
202,0.124275,0.16405,0.1426875,0.1511875,0.165075,0.155875,0.1386625,0.1477875,0.14930000000000002
203,0.1401125,0.1460875,0.1416125,0.1407,0.1495,0.140775,0.142075,0.155725,0.14853750000000002
204,0.149,0.1348125,0.1498875,0.1510375,0.1622875,0.15015,0.1452,0.1551375,0.14265
205,0.1365625,0.138575,0.1397625,0.1459375,0.14875,0.1472125,0.1454625,0.14755,0.14677500000000002
206,0.12645,0.1560875,0.143425,0.15885,0.1405875,0.15115,0.15325,0.1510875,0.15085
207,0.1398625,0.1587375,0.144375,0.13155,0.14915,0.1476625,0.1614375,0.152925,0.148675
208,0.1345125,0.1398,0.1409625,0.15995,0.139525,0.1458625,0.1507,0.149125,0.1469
209,0.1237,0.13835,0.1429375,0.1344,0.1627875,0.151725,0.145575,0.1482125,0.152275
210,0.146375,0.15,0.1512625,0.1447,0.1491125,0.1414375,0.16295,0.1527,0.142125
211,0.15775,0.1583875,0.14045,0.128625,0.14455,0.1527125,0.1616125,0.148125,0.1501875
212,0.166825,0.1420375,0.1420625,0.130625,0.1391375,0.144025,0.1437625,0.1488125,0.1481125
213,0.141,0.143275,0.1418375,0.1885625,0.14885,0.1427125,0.1406625,0.1505375,0.14623750000000002
214,0.135075,0.14915,0.1394875,0.1402375,0.15165,0.145625,0.142675,0.150175,0.15381250000000002
215,0.13035,0.1411125,0.141575,0.1365375,0.14445,0.1443375,0.1461875,0.14265,0.14627500000000002
216,0.1331875,0.1466375,0.15115,0.1361125,0.1440625,0.1466625,0.1307375,0.1424,0.14401250000000002
217,0.143775,0.14375,0.1490625,0.152675,0.1448125,0.144175,0.1419125,0.1695625,0.14445
218,0.1597875,0.163675,0.1536875,0.144475,0.1392,0.144825,0.1407875,0.1421375,0.1525125
219,0.1489,0.1462125,0.1442625,0.14415,0.1434875,0.1490125,0.136525,0.1396375,0.1524875
220,0.1491875,0.1337625,0.1470375,0.14335,0.142325,0.1467375,0.1430375,0.150275,0.1464125
221,0.145375,0.1495,0.1478625,0.1321,0.1441375,0.1455625,0.1491625,0.1435375,0.152475
222,0.1658,0.14865,0.1520125,0.1319,0.140025,0.14325,0.1588375,0.1458,0.1442875
223,0.1465,0.151425,0.1488625,0.149975,0.1450875,0.1408,0.1414375,0.1483625,0.1466875
224,0.135825,0.15355,0.1433625,0.163875,0.15475,0.1844875,0.14615,0.1440375,0.14401250000000002
225,0.1325625,0.169425,0.1604125,0.146975,0.1464625,0.14225,0.13645,0.1449125,0.14452500000000001
226,0.164925,0.1528375,0.1483125,0.1441,0.1570375,0.154,0.14315,0.1494625,0.1503375
227,0.1483875,0.1503125,0.1455625,0.1453625,0.1448875,0.1558,0.1284375,0.15195,0.1473125
228,0.15985,0.1405875,0.1485375,0.1359125,0.1417875,0.1471,0.1658625,0.1536,0.145575
229,0.4978625,0.138425,0.1506875,0.1323125,0.140025,0.144775,0.1376,0.1482625,0.145875
230,0.15965,0.15195,0.1430375,0.1374,0.1422625,0.1463875,0.1529375,0.1538875,0.15231250000000002
231,0.1622625,0.1426125,0.15275,0.1475625,0.1626375,0.1475625,0.1352375,0.1515375,0.146575
232,0.1400875,0.131925,0.1477875,0.175425,0.235825,0.1456875,0.1983625,0.14975,0.140925
233,0.1435875,0.1439125,0.149375,0.1625,0.14705,0.1538,0.1487125,0.1516375,0.15145
234,0.1361,0.1403625,0.1559875,0.14615,0.1326375,0.14515,0.150275,0.1482625,0.149
235,0.136575,0.1412625,0.1488,0.1433125,0.1407125,0.141075,0.14295,0.1489625,0.152175
236,0.160375,0.1456125,0.1498,0.1504125,0.1556375,0.14345,0.1539125,0.142475,0.14398750000000002
237,0.1607125,0.1573,0.15185,0.1548125,0.149975,0.140525,0.1403625,0.145725,0.15031250000000002
238,0.12955,0.1442375,0.1453375,0.1507,0.1439625,0.1527375,0.1474125,0.1531375,0.149325
239,0.1408375,0.1400375,0.148175,0.1412,0.1596875,0.1393,0.14615,0.1467625,0.14965
240,0.15155,0.15795,0.1436875,0.1402125,0.1451125,0.1427875,0.1413,0.143,0.1433125
241,0.13455,0.145225,0.1424375,0.202175,0.149825,0.1542875,0.1493375,0.138375,0.15006250000000002
242,0.1414625,0.143975,0.1505625,0.1495625,0.142525,0.1476875,0.1316,0.1440375,0.1468
243,0.1413625,0.149125,0.148925,0.1457375,0.31755,0.152975,0.160525,0.1495375,0.1475875
244,0.1383,0.1483125,0.141475,0.1506375,0.1450625,0.1551625,0.1344,0.147375,0.1475625
245,0.1447875,0.1488375,0.1491875,0.176275,0.14425,0.146875,0.1611,0.177975,0.14985
246,0.1362625,0.1467,0.1447375,0.1489875,0.1370125,0.14275,0.1426875,0.164075,0.146375
247,0.1487375,0.1459,0.1394875,0.142375,0.161975,0.15265,0.135225,0.14965,0.1431375
248,0.1407625,0.1390375,0.1478625,0.13655,0.1425125,0.142175,0.1482625,0.1407125,0.1532
249,0.1283,0.1405,0.1583125,0.1347125,0.166225,0.139975,0.1562625,0.1452375,0.1457
250,0.1389125,0.1554875,0.1483125,0.1501,0.13855,0.21185,0.14915,0.1471625,0.150425
251,0.16815,0.1405125,0.1446375,0.142425,0.1397875,0.142675,0.1433125,0.1481625,0.1424125
252,0.1529625,0.1543125,0.14535,0.139125,0.146275,0.1488625,0.161625,0.155175,0.1457125
253,0.132875,0.1433125,0.1498625,0.149375,0.142875,0.1423,0.135225,0.1451125,0.14423750000000002
254,0.16305,0.1461,0.1516625,0.1401125,0.143475,0.143375,0.1328875,0.1461125,0.1448125
255,0.1644875,0.1642375,0.1538875,0.1631875,0.1435125,0.14515,0.1383125,0.1466,0.15245
256,0.1650375,0.1524625,0.14585,0.1501875,0.1361625,0.151825,0.138125,0.1431,0.1477375
257,0.156675,0.1507875,0.145925,0.14555,0.148725,0.1486,0.1449,0.1558,0.1465625
258,0.157,0.1553625,0.141825,0.144475,0.1479,0.144075,0.14295,0.14685,0.1529875
259,0.140425,0.1417625,0.1443875,0.1386,0.144225,0.1425125,0.13705,0.1460375,0.1446625
260,0.1388125,0.14255,0.14475,0.153375,0.1466875,0.1449875,0.15705,0.1539875,0.1456625
261,0.1461125,0.1486625,0.1482,0.1601375,0.1500875,0.1438375,0.1634875,0.1397,0.20878750000000001
262,0.130075,0.142225,0.1419,0.1419625,0.136975,0.1523375,0.127575,0.147325,0.149825
263,0.151125,0.144525,0.148125,0.1298125,0.1451125,0.1430125,0.1385875,0.148525,0.14876250000000002
264,0.1381875,0.14985,0.1423125,0.1339375,0.1442375,0.1530375,0.13725,0.1414625,0.148225
265,0.145775,0.1430375,0.1033875,0.137825,0.156125,0.1412,0.1427625,0.1526625,0.147125
266,0.1505125,0.14045,0.1387875,0.1500625,0.1694,0.141025,0.1409375,0.1439125,0.15458750000000002
267,0.1448125,0.1386,0.1449125,0.141025,0.150825,0.1544125,0.151625,0.1499125,0.14695
268,0.152875,0.1358375,0.143725,0.1525875,0.1536,0.144275,0.1498375,0.150075,0.1460625
269,0.13565,0.1392,0.1518625,0.1558,0.140275,0.1436625,0.1546625,0.14195,0.1487375
270,0.1494875,0.1406375,0.14695,0.1352625,0.17545,0.145,0.1373875,0.146475,0.1459625
271,0.1599,0.138075,0.1385875,0.1554875,0.1435125,0.1449125,0.1446375,0.1424875,0.171625
272,0.128875,0.1604625,0.146925,0.1617,0.147125,0.24645,0.1470875,0.142925,0.14931250000000001
273,0.132925,0.142825,0.1414625,0.1349375,0.138425,0.1374125,0.1510375,0.1499625,0.14753750000000002
274,0.14375,0.1432,0.1527625,0.1563125,0.137275,0.1439375,0.13975,0.15035,0.14975
275,0.1591625,0.1475125,0.160275,0.1551625,0.136525,0.1376625,0.1544,0.1442875,0.14927500000000002
276,0.1312375,0.136675,0.142625,0.124525,0.1574125,0.148675,0.1574375,0.1489,0.1469375
277,0.1547375,0.1555,0.1568125,0.1341875,0.150675,0.148925,0.1397,0.1527,0.14485
278,0.145575,0.154,0.1450875,0.1419,0.14205,0.14105,0.1455125,0.1393625,0.147425
279,0.1461125,0.14305,0.140475,0.139425,0.1569625,0.1387875,0.1420875,0.1469375,0.149
280,0.1391,0.14605,0.1436,0.137,0.1444125,0.141775,0.2299875,0.1406375,0.1458375
281,0.1464125,0.1522375,0.149625,0.145375,0.1400875,0.1477125,0.1368375,0.146875,0.14505
282,0.151775,0.1455,0.1448875,0.1430375,0.14805,0.1509125,0.1632625,0.1383875,0.1484375
283,0.1382125,0.1576875,0.1461375,0.1470125,0.1392125,0.142675,0.136825,0.157575,0.143425
284,0.1421,0.133625,0.145775,0.126375,0.1447,0.142625,0.1658875,0.14055,0.149125
285,0.146125,0.159675,0.1559625,0.1443125,0.1391375,0.1437875,0.132675,0.148425,0.14678750000000002
286,0.14575,0.14995,0.1455375,0.1330375,0.1466375,0.1457375,0.145675,0.1523625,0.1424375
287,0.15185,0.1582875,0.1471,0.143175,0.1424375,0.15405,0.1359,0.1389375,0.1478375
288,0.146225,0.1421,0.1464,0.1541125,0.14325,0.160425,0.1412375,0.1518625,0.15505000000000002
289,0.14425,0.1428875,0.1506,0.1325125,0.15375,0.1502125,0.158825,0.1480125,0.14221250000000002
290,0.136725,0.154775,0.163225,0.1555125,0.159625,0.1494375,0.176275,0.145825,0.1451875
291,0.1605125,0.151075,0.1465,0.1443125,0.14055,0.145875,0.1365,0.1432625,0.14627500000000002
292,0.140125,0.1737125,0.141775,0.1427625,0.1439125,0.14445,0.1455625,0.14235,0.1534375
293,0.1452,0.14105,0.1561375,0.1353,0.14445,0.146275,0.1395625,0.159825,0.14726250000000002
294,0.1347875,0.1424,0.147125,0.138125,0.1411125,0.1503125,0.135975,0.147825,0.149675
295,0.14585,0.152675,0.1458625,0.159175,0.139075,0.144775,0.153275,0.1467375,0.14625000000000002
296,0.134025,0.141575,0.15115,0.135625,0.1435375,0.1460875,0.120425,0.136775,0.14752500000000002
297,0.135225,0.149975,0.1479625,0.1524625,0.1427,0.15315,0.1506375,0.147025,0.14700000000000002
298,0.1388,0.1465375,0.14105,0.145275,0.157,0.153925,0.1503875,0.1438125,0.16205
299,0.143,0.150075,0.148425,0.14,0.1434625,0.15125,0.139225,0.1498,0.1464
300,0.1442875,0.1401,0.149675,0.138,0.1499,0.146725,0.132325,0.1459125,0.15082500000000001
301,0.1526625,0.1449375,0.14765,0.141975,0.1452875,0.147825,0.1559,0.1423,0.1544625
302,0.1566625,0.1443625,0.1514375,0.1500375,0.1446625,0.1400125,0.1366625,0.148925,0.14247500000000002
303,0.167725,0.1464,0.1436,0.1431875,0.14285,0.1485375,0.1403125,0.1442625,0.15145
304,0.130925,0.16655,0.1383375,0.165275,0.1381875,0.1480625,0.1639625,0.1510875,0.1482375
305,0.188175,0.1397,0.1429875,0.1465375,0.142,0.14745,0.1517,0.1411125,0.1431375
306,0.14245,0.137625,0.14725,0.1398625,0.145,0.143625,0.141725,0.1551375,0.1461375
307,0.1447875,0.14275,0.1432375,0.14725,0.142475,0.1457125,0.1458,0.142875,0.1471625
308,0.1311,0.1573875,0.14185,0.124025,0.142225,0.165525,0.14165,0.1432125,0.15178750000000002
309,0.1491125,0.1379625,0.154125,0.1466,0.141725,0.13945,0.1523875,0.14505,0.14955000000000002
310,0.2223,0.1660625,0.1461375,0.1455125,0.1511875,0.143275,0.1718,0.1486375,0.1509875
311,0.1498125,0.1435375,0.1438875,0.14835,0.146375,0.1531875,0.154575,0.1476,0.1416875
312,0.1475375,0.14405,0.1410875,0.1378,0.1448,0.1478,0.17115,0.1523625,0.1412625
313,0.129725,0.1692125,0.1459,0.14695,0.1457875,0.140525,0.1414625,0.1408625,0.15065
314,0.175125,0.1390375,0.141025,0.143175,0.1433875,0.1486625,0.1585375,0.153075,0.145575
315,0.1386,0.1504625,0.1422,0.14815,0.1449,0.14095,0.1521375,0.14605,0.15027500000000002
316,0.13955,0.14865,0.1436,0.1382875,0.1373125,0.148225,0.144575,0.1543,0.1524625
317,0.1390625,0.1685625,0.1448125,0.1410125,0.1445125,0.15635,0.1492,0.143925,0.14978750000000002
318,0.13985,0.1393125,0.14095,0.1518125,0.148075,0.1454125,0.1644625,0.1397125,0.14885
319,0.1521,0.1415375,0.1540375,0.1417625,0.1462125,0.1522875,0.1427875,0.1424875,0.1433625
320,0.1309875,0.15225,0.14475,0.1368875,0.1441625,0.143225,0.1347,0.143475,0.1458125
321,0.1635625,0.1527,0.14215,0.1359875,0.1443875,0.1405875,0.1333125,0.1456,0.14652500000000002
322,0.1352,0.1390375,0.139725,0.1392125,0.14735,0.1461125,0.1507,0.142625,0.1433375
323,0.1688,0.1486375,0.1407625,0.14865,0.1402625,0.1456375,0.145125,0.1482,0.15128750000000002
324,0.1368,0.1431125,0.1479125,0.1562125,0.145675,0.1428125,0.143925,0.1471625,0.1458
325,0.138925,0.145175,0.1476125,0.170825,0.13415,0.1450625,0.132225,0.14535,0.14915
326,0.1389,0.1411625,0.1473625,0.1569,0.145125,0.148975,0.1472125,0.1400125,0.1486625
327,0.19085,0.1469375,0.1513375,0.138375,0.16195,0.1440125,0.1354625,0.1361625,0.153125
328,0.184175,0.1493125,0.1413375,0.154825,0.1467625,0.145675,0.1415875,0.1426125,0.15015
329,0.1626,0.1434,0.1513875,0.1494625,0.1512,0.1547375,0.1422125,0.151075,0.14477500000000001
330,0.144175,0.1311125,0.1389125,0.132125,0.147025,0.15565,0.1404875,0.1512375,0.14195000000000002
331,0.1455625,0.136625,0.1454625,0.1501625,0.1461125,0.1446625,0.147275,0.142975,0.1521625
332,0.1417125,0.140125,0.16395,0.1421125,0.152575,0.1512625,0.131875,0.1566375,0.1494
333,0.1604875,0.1511625,0.14885,0.1481125,0.1419625,0.1417,0.16325,0.1487125,0.1465875
334,0.1279375,0.15085,0.1430375,0.1508625,0.152475,0.1495875,0.1402875,0.153,0.1479125
335,0.1395625,0.1462125,0.1554375,0.1425375,0.141575,0.1481125,0.160375,0.14805,0.1456625
336,0.1346625,0.1479625,0.141125,0.159475,0.1495625,0.1426375,0.1376,0.1530625,0.14901250000000002
337,0.130975,0.137725,0.1441,0.1423625,0.1415,0.143825,0.141475,0.1444875,0.14645
338,0.14595,0.13425,0.1455875,0.1503375,0.1479,0.1486375,0.1257625,0.149875,0.1424
339,0.1296875,0.1435375,0.1432375,0.1482,0.1484125,0.14835,0.153125,0.1507625,0.1479125
340,0.1599875,0.1658125,0.1447375,0.1413375,0.138475,0.1499,0.145025,0.1434875,0.15031250000000002
341,0.2445125,0.1417,0.1427125,0.1510375,0.146025,0.1414,0.1425125,0.1400875,0.15282500000000002
342,0.166025,0.149125,0.1476625,0.1413375,0.1496625,0.1416625,0.135725,0.1372,0.149925
343,0.157175,0.1573,0.144125,0.142825,0.1434875,0.1528,0.1858375,0.1537125,0.1494375
344,0.1432875,0.143525,0.144925,0.1396125,0.1407375,0.14295,0.141025,0.1424125,0.146875
345,0.131775,0.1345875,0.1463,0.1547625,0.1483125,0.1484875,0.145925,0.138775,0.147675
346,0.1379625,0.1461625,0.1440875,0.1419875,0.144325,0.1476375,0.16625,0.1448875,0.14903750000000002
347,0.1532375,0.1544,0.144025,0.1440625,0.1463125,0.1492625,0.1416125,0.1413,0.149675
348,0.1447375,0.13435,0.1555625,0.1234875,0.1415375,0.1412125,0.14045,0.13655,0.14473750000000002
349,0.1319,0.1344625,0.1487,0.135175,0.14385,0.1454125,0.13465,0.145025,0.1445375
350,0.1445,0.1435625,0.14325,0.1729875,0.16245,0.1479625,0.1388625,0.1536125,0.1496375
351,0.145725,0.146575,0.1467875,0.1420625,0.1336,0.1420375,0.2087375,0.1431625,0.14321250000000002
352,0.15785,0.1377625,0.1466,0.15605,0.134975,0.1433875,0.2095125,0.153225,0.141775
353,0.152775,0.144975,0.1459875,0.14835,0.1449,0.1406375,0.1507625,0.14675,0.1411875
354,0.1487625,0.136775,0.1460125,0.1388375,0.1436375,0.1479,0.137475,0.1483,0.15
355,0.14375,0.1429875,0.1415375,0.15355,0.1676375,0.148625,0.154625,0.146775,0.1374
356,0.1358375,0.170875,0.1394375,0.1669,0.1396125,0.1475,0.14525,0.1454375,0.146925
357,0.1374625,0.1488,0.1399375,0.15515,0.150025,0.1475625,0.145225,0.1443875,0.14170000000000002
358,0.1839875,0.1427375,0.1479375,0.1411625,0.147525,0.147225,0.142425,0.1600875,0.1476375
359,0.14065,0.143475,0.1526875,0.1376875,0.1618,0.1395375,0.2251,0.163175,0.147325
360,0.1388125,0.143825,0.1459625,0.1408625,0.159375,0.14215,0.139675,0.1399875,0.14523750000000002
361,0.1502125,0.146175,0.14535,0.1482375,0.1445,0.1476875,0.1422875,0.1392375,0.1442
362,0.1485,0.1588375,0.1485,0.14305,0.1487,0.144075,0.13935,0.1526875,0.14265
363,0.1392,0.1464625,0.14695,0.138375,0.142075,0.14465,0.1425,0.14005,0.144625
364,0.147625,0.1399625,0.145875,0.1413,0.1563125,0.1411,0.1518,0.14265,0.14577500000000002
365,0.142975,0.15145,0.14055,0.134525,0.138825,0.1430375,0.1432125,0.148475,0.1494625
366,0.1718,0.148975,0.1494,0.14805,0.14725,0.1487,0.141725,0.140925,0.1456
367,0.1437875,0.144575,0.1470875,0.1562,0.1558,0.1473625,0.14705,0.149025,0.1515
368,0.1529375,0.1470625,0.1433125,0.142225,0.14785,0.151275,0.143725,0.14245,0.143525
369,0.155275,0.13595,0.1397125,0.1442625,0.1480375,0.1484625,0.1375875,0.146575,0.1504625
370,0.155,0.145475,0.1469875,0.1654,0.1393375,0.152925,0.13695,0.1407,0.14730000000000001
371,0.1421625,0.15685,0.142825,0.1497875,0.143525,0.1428625,0.1460625,0.15625,0.14522500000000002
372,0.1652125,0.149675,0.1821375,0.146375,0.13875,0.1534375,0.14975,0.137225,0.14625000000000002
373,0.186375,0.1393875,0.1445375,0.141675,0.14105,0.1431875,0.1406875,0.1457125,0.14527500000000002
374,0.140975,0.1442875,0.148025,0.1392125,0.1448,0.1498375,0.1467125,0.1507125,0.145175
375,0.1584,0.1432875,0.1510875,0.141175,0.143525,0.143875,0.1376875,0.15425,0.15381250000000002
376,0.1402625,0.1756875,0.1441375,0.162025,0.1514125,0.1461875,0.1616375,0.1514125,0.1506875
377,0.140125,0.1518,0.141575,0.1526625,0.1494875,0.1459625,0.1623625,0.1478625,0.15053750000000002
378,0.142625,0.14135,0.1459375,0.1486625,0.1416625,0.1427,0.1487875,0.145275,0.1424
379,0.1339625,0.1545,0.14375,0.1335625,0.1463125,0.1413,0.1526,0.1501,0.1463875
380,0.137725,0.14965,0.1448875,0.144225,0.140325,0.1531375,0.14395,0.158125,0.151475
381,0.147325,0.15365,0.1523625,0.14795,0.150375,0.1447125,0.14915,0.143825,0.151175
382,0.130275,0.14955,0.147325,0.1329375,0.1425125,0.1456125,0.1553125,0.1455125,0.1529625
383,0.1375375,0.1395375,0.142725,0.152925,0.14405,0.1460625,0.139925,0.139,0.1500875
384,0.137125,0.1454625,0.1475,0.1425875,0.142775,0.142825,0.153725,0.15615,0.14777500000000002
385,0.1591625,0.14515,0.148,0.164375,0.1423375,0.1526875,0.152025,0.1466,0.145675
386,0.144375,0.14415,0.1464875,0.140475,0.151575,0.1527875,0.1324625,0.1524625,0.1496375
387,0.1728125,0.1347125,0.1387,0.1382875,0.1534125,0.1447125,0.1677,0.1444,0.1439
388,0.15045,0.1399875,0.1553125,0.148875,0.1445,0.143475,0.150925,0.1416125,0.1531125
389,0.1617125,0.1407375,0.145175,0.13525,0.155875,0.15105,0.1369125,0.1458375,0.14651250000000002
390,0.1504,0.16795,0.1438875,0.1364375,0.1445125,0.1464125,0.1444625,0.1428375,0.14701250000000002
391,0.151925,0.152925,0.15835,0.136325,0.144625,0.144325,0.1574625,0.159325,0.148075
392,0.1348875,0.1449375,0.1542,0.152225,0.1395875,0.1443625,0.1330125,0.148775,0.148875
393,0.1347125,0.1412,0.15445,0.1376125,0.1442875,0.1493375,0.1634,0.144875,0.14602500000000002
394,0.131575,0.1520625,0.140775,0.143025,0.14255,0.135625,0.1289875,0.1664875,0.14551250000000002
395,0.1510125,0.150375,0.1440375,0.1725625,0.1418625,0.14545,0.127175,0.14665,0.14878750000000002
396,0.128175,0.1359,0.1486125,0.16405,0.1483125,0.1457375,0.143275,0.15245,0.14945
397,0.1341625,0.145,0.143,0.1430625,0.1477625,0.14855,0.156275,0.1486875,0.1453375
398,0.1416625,0.145875,0.1449625,0.1469625,0.1420875,0.1459,0.1304375,0.1464875,0.1476875
399,0.1367625,0.1384625,0.148,0.1591375,0.153475,0.14525,0.1502375,0.1464875,0.144825
400,0.142125,0.1409875,0.1465875,0.144375,0.1372625,0.1473125,0.1914,0.155425,0.1464
401,0.1464,0.15075,0.1496625,0.1450375,0.15055,0.141075,0.1923375,0.14495,0.1444125
402,0.1397125,0.13925,0.144275,0.1418,0.1486875,0.1490125,0.1523375,0.1440625,0.143625
403,0.1330875,0.13855,0.1422875,0.1250375,0.1489875,0.14425,0.1335625,0.151175,0.147325
404,0.14095,0.170425,0.1407625,0.156,0.1551,0.1551375,0.137925,0.1486,0.1492375
405,0.14745,0.14845,0.152725,0.1448375,0.140975,0.1465375,0.1412875,0.1479625,0.1484625
406,0.1716125,0.1454625,0.1811625,0.1475125,0.1322625,0.14,0.164075,0.1456375,0.1438625
407,0.19155,0.2586625,0.1416625,0.1488125,0.1693875,0.1395875,0.1412,0.1515,0.149725
408,0.135,0.145775,0.151325,0.138175,0.14435,0.1420125,0.1400875,0.1432375,0.14603750000000001
409,0.1615125,0.160075,0.14655,0.1539375,0.1440125,0.1379375,0.1334,0.1495625,0.1457125
410,0.139675,0.1427,0.1421625,0.149075,0.1463625,0.1422625,0.142025,0.1469375,0.147125
411,0.136775,0.1418125,0.1463875,0.1388875,0.148575,0.1710375,0.1505375,0.1475125,0.14985
412,0.145375,0.137975,0.14285,0.1372625,0.1431125,0.148275,0.130875,0.147375,0.15057500000000001
413,0.147675,0.1458,0.1523875,0.1486375,0.2107875,0.1461625,0.1529,0.1464875,0.150625
414,0.1577,0.1458125,0.148725,0.129175,0.1479625,0.1502625,0.1695875,0.1550125,0.15003750000000002
415,0.1344,0.1416125,0.150075,0.144925,0.1425125,0.1545125,0.1365625,0.15125,0.14451250000000002
416,0.18155,0.1399125,0.1513875,0.1657625,0.154425,0.15125,0.1447625,0.1407375,0.1493375
417,0.13995,0.1385625,0.142925,0.1451,0.144525,0.1478625,0.1435,0.1642625,0.14830000000000002
418,0.14545,0.145225,0.1508125,0.139875,0.1400125,0.1471375,0.138975,0.1497,0.148075
419,0.1299125,0.1433,0.1489625,0.1414625,0.1433,0.1471625,0.139175,0.1350625,0.1478375
420,0.14895,0.1357625,0.146225,0.1496875,0.1404375,0.1427875,0.14455,0.1464,0.1466875
421,0.16395,0.1402125,0.1444,0.14715,0.1429625,0.151525,0.13065,0.141875,0.14555
422,0.1396,0.1576125,0.149525,0.153125,0.1430875,0.148825,0.1432125,0.15825,0.150725
423,0.2156625,0.13725,0.1413375,0.145525,0.148075,0.1406,0.1458625,0.15985,0.15057500000000001
424,0.1551125,0.1425375,0.139625,0.1427375,0.1387,0.154675,0.136525,0.14785,0.14602500000000002
425,0.322775,0.135375,0.1528125,0.1417,0.1499125,0.142,0.1440375,0.13705,0.1476625
426,0.1449875,0.1522375,0.149175,0.1426,0.1431875,0.1521625,0.1368,0.1452875,0.14975
427,0.1449375,0.1483125,0.1632625,0.1495625,0.3321,0.14705,0.1449375,0.150575,0.1514625
428,0.134625,0.1397,0.1452125,0.1658,0.1461875,0.160175,0.1462875,0.1379375,0.144375
429,0.1319375,0.1482875,0.1452375,0.1520625,0.1438625,0.1491375,0.1487125,0.145675,0.1434375
430,0.14635,0.1530625,0.14155,0.1343125,0.1476125,0.147,0.1399625,0.146225,0.14703750000000002
431,0.136875,0.1498625,0.142275,0.14275,0.1426,0.143975,0.1703,0.1471875,0.14695
432,0.1332375,0.14375,0.17705,0.142075,0.1527375,0.1496375,0.13995,0.150575,0.1471875
433,0.1279625,0.158025,0.1421125,0.1503125,0.16495,0.1450875,0.147,0.1467375,0.1451875
434,0.1485125,0.14255,0.1532875,0.1596375,0.1455,0.1446875,0.1591875,0.1397625,0.14895
435,0.1420375,0.14005,0.15885,0.1577375,0.15585,0.147475,0.13485,0.1403625,0.14928750000000002
436,0.1381375,0.150925,0.1403625,0.1386125,0.1495375,0.14525,0.1421375,0.14825,0.1448875
437,0.1397625,0.1433,0.1415625,0.1630125,0.1417375,0.1556,0.1465875,0.144775,0.1484625
438,0.1403625,0.14015,0.14705,0.148275,0.15215,0.1477125,0.1543625,0.1468375,0.14655
439,0.1379625,0.1418375,0.144675,0.133425,0.141675,0.14555,0.138725,0.1558125,0.147375
440,0.1558375,0.1447,0.145125,0.140725,0.155775,0.153175,0.168975,0.1501625,0.146175
441,0.136775,0.143025,0.158125,0.1431125,0.1427875,0.1491875,0.1488625,0.1678125,0.1458375
442,0.1441375,0.1449875,0.1480625,0.14775,0.1511625,0.1462,0.136,0.145675,0.15055000000000002
443,0.17455,0.1364375,0.142525,0.1436625,0.1368,0.1519,0.1279875,0.1457625,0.14727500000000002
444,0.155975,0.1475875,0.1389125,0.132775,0.1552875,0.1396875,0.1506,0.152275,0.1500875
445,0.1442,0.1533875,0.137375,0.1374375,0.158075,0.1414875,0.144425,0.142575,0.14775000000000002
446,0.1559,0.1390375,0.14425,0.148425,0.147675,0.145175,0.1543,0.152325,0.1438375
447,0.1455125,0.1307375,0.1431,0.1537125,0.1507625,0.1416875,0.1328,0.1469375,0.1512625
448,0.1400375,0.1405625,0.1446,0.1346125,0.1404875,0.1480375,0.141475,0.148125,0.1445625
449,0.1422125,0.1573125,0.1487,0.1285375,0.1400875,0.1457875,0.1440625,0.1487125,0.145625
450,0.1371125,0.169525,0.1507,0.1565,0.14225,0.1443,0.142875,0.1562375,0.148575
451,0.1368625,0.1473625,0.150675,0.1379875,0.1443875,0.146,0.1408625,0.1530625,0.1496875
452,0.1471125,0.145125,0.1463125,0.145825,0.13685,0.14595,0.1459375,0.1432,0.1453125
453,0.1481,0.1489625,0.1484875,0.165975,0.1428875,0.153175,0.134225,0.1352625,0.140875
454,0.2489875,0.15585,0.1456375,0.143475,0.14905,0.1459125,0.1451375,0.146675,0.14978750000000002
455,0.156725,0.1642125,0.145925,0.158175,0.1730125,0.1403625,0.1453125,0.1442375,0.1486375
456,0.152425,0.1479625,0.1465375,0.1438,0.1444125,0.1455375,0.1446,0.15615,0.14955000000000002
457,0.1349125,0.1410125,0.141575,0.1458,0.1434,0.1463,0.1347,0.157575,0.1495875
458,0.1405375,0.1504,0.1468375,0.1498875,0.1328,0.1491875,0.1346125,0.142725,0.14835
459,0.1430375,0.14435,0.1454125,0.1461,0.144475,0.15115,0.1391875,0.1406125,0.148575
460,0.1361625,0.141075,0.1456875,0.123925,0.148025,0.14505,0.141675,0.1411875,0.15155000000000002
461,0.14025,0.137075,0.138775,0.1354,0.13915,0.1463,0.1507,0.1473625,0.1470875
462,0.1487625,0.1587125,0.1491125,0.1825625,0.160325,0.155375,0.1572,0.1448625,0.144375
463,0.1564125,0.14455,0.1518,0.14865,0.1452875,0.133325,0.1558,0.1415375,0.1487125
464,0.1330375,0.14975,0.1427,0.192525,0.145775,0.1429625,0.1434375,0.14075,0.14515
465,0.1690625,0.131925,0.1502,0.1417875,0.145525,0.14565,0.141975,0.1500875,0.1485875
466,0.2304375,0.1559375,0.1469875,0.1405,0.153625,0.1544625,0.1541875,0.141875,0.146825
467,0.131625,0.1495875,0.1445625,0.1438125,0.150375,0.1457875,0.14505,0.1531875,0.15353750000000002
468,0.1372625,0.147525,0.13895,0.131375,0.1469375,0.1442875,0.1408375,0.1476625,0.1449
469,0.17315,0.1443875,0.1476,0.1641625,0.1443875,0.1442875,0.1496875,0.1417125,0.14702500000000002
470,0.21075,0.1474875,0.1428375,0.1450875,0.1382,0.1531625,0.137475,0.1502875,0.1522625
471,0.1391375,0.1431625,0.1441625,0.1588875,0.1580625,0.1424,0.13565,0.1406125,0.145175
472,0.1514,0.1445375,0.1450375,0.136875,0.1479375,0.14185,0.12775,0.153225,0.15330000000000002
473,0.1728875,0.1383625,0.169975,0.1460625,0.1535,0.145425,0.14025,0.1403625,0.14726250000000002
474,0.153875,0.1482625,0.1422875,0.130925,0.1413875,0.1491875,0.139525,0.1514125,0.154975
475,0.1349125,0.152925,0.1457875,0.16605,0.13735,0.1508375,0.139725,0.1450375,0.1406875
476,0.158525,0.143475,0.1441875,0.1392375,0.1497875,0.145125,0.1517,0.142625,0.1445625
477,0.148225,0.1481125,0.1380875,0.1567125,0.1493625,0.1427125,0.16055,0.150775,0.15127500000000002
478,0.158125,0.1457375,0.1466,0.153575,0.1467375,0.14335,0.13245,0.1539,0.14402500000000001
479,0.1499375,0.24875,0.160375,0.1476875,0.15045,0.161425,0.1301875,0.146825,0.1468375
480,0.1597875,0.1725,0.1507875,0.139875,0.1560375,0.143475,0.142975,0.145625,0.1433875
481,0.14175,0.1467125,0.140975,0.1435875,0.1469875,0.1453875,0.138925,0.1612625,0.1539375
482,0.137575,0.148375,0.148225,0.1575375,0.14275,0.149225,0.1415625,0.1585375,0.1493625
483,0.141775,0.1446625,0.1407375,0.157875,0.1455875,0.1560875,0.162275,0.1432,0.15257500000000002
484,0.1385375,0.1463125,0.1643875,0.1394125,0.141025,0.1473,0.146425,0.1485625,0.1482125
485,0.1488,0.1368,0.1574875,0.157375,0.1458,0.1476375,0.1449,0.152075,0.14895
486,0.295475,0.1490875,0.1410875,0.1466625,0.1526375,0.1446,0.1414875,0.1598375,0.1439
487,0.1909125,0.1484625,0.147725,0.1361875,0.1581875,0.1574625,0.150475,0.1439,0.1443125
488,0.1654625,0.146425,0.1385,0.1361375,0.143425,0.1529,0.1643125,0.14275,0.15357500000000002
489,0.143925,0.153675,0.1586875,0.147975,0.1408,0.1443,0.14435,0.1441,0.14447500000000002
490,0.1302625,0.151925,0.1412125,0.1475375,0.14845,0.1476875,0.155425,0.1456,0.14526250000000002
491,0.1413625,0.1420125,0.151225,0.1453375,0.1439125,0.150125,0.1480875,0.1458625,0.1438
492,0.150525,0.139525,0.1398625,0.17225,0.1537625,0.147425,0.143225,0.2316,0.1491125
493,0.138875,0.1547125,0.152425,0.13965,0.1564875,0.152375,0.1420375,0.1533125,0.14265
494,0.1452125,0.13935,0.1465875,0.155175,0.1406125,0.1490875,0.1439625,0.1600625,0.1451125
495,0.1696875,0.1462125,0.14805,0.145125,0.1466375,0.1502125,0.149975,0.1514625,0.145575
496,0.151975,0.1486,0.1430125,0.1411,0.14755,0.137625,0.13955,0.15285,0.144925
497,0.15345,0.144275,0.1541625,0.1516625,0.1520375,0.148175,0.1370625,0.1426375,0.1499
498,0.164525,0.1342375,0.15535,0.147,0.14385,0.142975,0.14305,0.1445375,0.148575
499,0.1442375,0.1467,0.1388875,0.132825,0.149525,0.1453625,0.1307625,0.168825,0.1463875
500,0.141125,0.147275,0.1478625,0.1462875,0.1384,0.141,0.1484,0.1388125,0.1505125
501,0.1379375,0.135675,0.1483125,0.16755,0.1461125,0.1477,0.139125,0.1462125,0.14665
502,0.1393125,0.139525,0.141175,0.1589,0.1515875,0.1566375,0.1309625,0.152225,0.147075
503,0.1427875,0.1468125,0.1423875,0.1424375,0.144775,0.146,0.15525,0.14135,0.14903750000000002
504,0.1551875,0.149725,0.145525,0.1367875,0.146225,0.1478625,0.13645,0.14295,0.14845
505,0.147225,0.1433875,0.1496625,0.158975,0.1480375,0.161475,0.14155,0.1441125,0.15130000000000002
506,0.1409125,0.1450375,0.141225,0.12595,0.1495375,0.149275,0.1511875,0.144475,0.150675
507,0.137175,0.148025,0.147225,0.140675,0.1494,0.1495625,0.144925,0.1446375,0.1468375
508,0.1661375,0.1379,0.1385625,0.14085,0.1365,0.1528875,0.140825,0.1526625,0.1496125
509,0.1393125,0.141725,0.1508625,0.1526125,0.13885,0.14445,0.141975,0.145325,0.1432875
510,0.1306625,0.1459875,0.1545375,0.1497875,0.1388125,0.1431625,0.140525,0.15095,0.1363875
511,0.1557,0.15995,0.1479,0.142225,0.1455125,0.14325,0.1804375,0.148975,0.14535
512,0.1519375,0.161525,0.14735,0.1329875,0.15535,0.1502625,0.1406,0.143125,0.1447125
513,0.13615,0.1464625,0.16035,0.144275,0.1510375,0.1460125,0.1539875,0.138875,0.1567
514,0.131925,0.1509625,0.2399125,0.141025,0.1473375,0.1508,0.145325,0.1515875,0.1471125
515,0.1363,0.142425,0.147525,0.1329375,0.156925,0.1488625,0.136375,0.149025,0.1424125
516,0.1359875,0.14255,0.1451875,0.137025,0.1440375,0.147,0.1421,0.1550125,0.1471125
517,0.14035,0.146,0.147725,0.1391625,0.155875,0.1456125,0.1396375,0.149275,0.14853750000000002
518,0.160925,0.1400625,0.156025,0.148075,0.14615,0.1488125,0.152375,0.1487625,0.14346250000000002
519,0.1389375,0.1591875,0.141625,0.1427875,0.149725,0.1489875,0.1433375,0.14475,0.14878750000000002
520,0.1521,0.146725,0.1423125,0.167625,0.18215,0.1462125,0.1623875,0.14985,0.15208750000000001
521,0.134975,0.14485,0.1497125,0.130625,0.14145,0.1509125,0.1492375,0.1586125,0.148075
522,0.1351125,0.136925,0.149575,0.1308875,0.1397625,0.146875,0.147875,0.147775,0.1474
523,0.1784875,0.1460375,0.1436375,0.1362625,0.1406875,0.140775,0.134675,0.1502,0.1481625
524,0.1275125,0.1449125,0.1424,0.151125,0.1412875,0.1411875,0.157625,0.1538375,0.14615
525,0.14855,0.1445125,0.146125,0.1410875,0.145125,0.150425,0.14515,0.142225,0.1463
526,0.1396125,0.1410625,0.14535,0.136525,0.142225,0.1502375,0.1430375,0.1546375,0.1418375
527,0.1397375,0.13225,0.1401375,0.1435375,0.144425,0.1521125,0.2014125,0.1539125,0.14635
528,0.138975,0.1465375,0.1464625,0.1463,0.1440625,0.143275,0.139525,0.1440625,0.1466875
529,0.1368625,0.15345,0.14965,0.1327625,0.1441125,0.1505125,0.14015,0.14495,0.151375
530,0.1659875,0.137125,0.149125,0.13745,0.1426125,0.142325,0.141,0.140475,0.1454625
531,0.109725,0.1412,0.14955,0.1448625,0.1651,0.14315,0.1356375,0.1412625,0.1440375
532,0.1364625,0.1442375,0.1544,0.1374,0.138125,0.1455,0.1576125,0.1424625,0.1437125
533,0.1424875,0.1471,0.151175,0.1436125,0.138625,0.14745,0.1376375,0.151575,0.14498750000000002
534,0.1376375,0.146575,0.1476375,0.13435,0.15185,0.1502375,0.1517875,0.1491375,0.1429125
535,0.1417875,0.1380375,0.1467,0.1286125,0.13915,0.147725,0.1441375,0.15305,0.1571375
536,0.136375,0.1465125,0.1514375,0.1734875,0.1559,0.1418625,0.1505125,0.1553375,0.1538625
537,0.12385,0.13265,0.142525,0.1446375,0.1417125,0.144575,0.140775,0.14845,0.1458375
538,0.15225,0.1391,0.14465,0.131025,0.14905,0.1467625,0.1510375,0.144975,0.15335000000000001
539,0.14565,0.1545125,0.1470125,0.1414625,0.142975,0.14495,0.2243375,0.1423125,0.1465625
540,0.1396,0.1486125,0.14775,0.145225,0.1500125,0.1479375,0.147975,0.14915,0.1452125
541,0.1685375,0.146825,0.13775,0.144775,0.1410375,0.157575,0.1432125,0.1561375,0.1446625
542,0.1581625,0.1399375,0.1507875,0.14925,0.1597625,0.150875,0.1354625,0.143325,0.1471625
543,0.1402,0.1432875,0.1429625,0.3033875,0.1456,0.147,0.1492625,0.14445,0.14676250000000002
544,0.1426625,0.137075,0.144075,0.135575,0.137375,0.1438125,0.2920875,0.1410375,0.1504125
545,0.1344,0.168825,0.1475875,0.145775,0.141075,0.1490375,0.1281125,0.1410375,0.14351250000000002
546,0.1514875,0.133925,0.15725,0.140575,0.1396625,0.1453375,0.1653375,0.1389875,0.146125
547,0.133975,0.139725,0.1428,0.12375,0.142975,0.15105,0.1382625,0.1387125,0.148725
548,0.146975,0.1568625,0.140075,0.1367,0.1393,0.1499875,0.145775,0.1421125,0.1441375
549,0.1430125,0.1556375,0.1459125,0.1371375,0.174325,0.1416875,0.1445875,0.1500875,0.14927500000000002
550,0.1377625,0.3175625,0.145875,0.142575,0.1403875,0.1474,0.1332125,0.15065,0.14598750000000002
551,0.1388875,0.1443375,0.1499625,0.153375,0.1465125,0.1472875,0.131725,0.146775,0.1411625
552,0.140425,0.1620875,0.1459875,0.131225,0.1471375,0.144525,0.1368125,0.1551125,0.1484875
553,0.1387125,0.1510125,0.145825,0.157425,0.1502625,0.1487,0.1525375,0.1558875,0.149925
554,0.1321375,0.1474375,0.14625,0.156175,0.1541,0.1466375,0.1290125,0.1545125,0.1448375
555,0.1634625,0.1463,0.142625,0.1325625,0.1444375,0.142,0.134975,0.143575,0.14952500000000002
556,0.136125,0.142575,0.1489,0.128025,0.14325,0.1455125,0.141375,0.149175,0.142875
557,0.1594375,0.1351375,0.15005,0.142525,0.14005,0.1470125,0.16,0.1451125,0.1477
558,0.1512375,0.138,0.1450375,0.1251,0.14645,0.1487,0.157575,0.143175,0.15508750000000002
559,0.1474625,0.1320375,0.14325,0.1368875,0.1418125,0.148425,0.1525875,0.136075,0.1481125
560,0.132475,0.1422,0.1491625,0.149975,0.14565,0.14615,0.1673,0.13725,0.14675000000000002
561,0.1388625,0.1488625,0.157225,0.152125,0.148475,0.1455625,0.139375,0.1372625,0.15125
562,0.1312,0.1516125,0.1421375,0.1388375,0.1519,0.150375,0.14485,0.155225,0.14915
563,0.1612625,0.1405875,0.1509875,0.1366375,0.1482625,0.1447125,0.141875,0.13955,0.14601250000000002
564,0.14665,0.143975,0.143275,0.1409125,0.1377375,0.1470625,0.138075,0.145675,0.148325
565,0.1412875,0.1497,0.1448125,0.135925,0.1429875,0.1448875,0.1560375,0.1428,0.149975
566,0.1486375,0.1545375,0.148675,0.1343875,0.146675,0.143675,0.14965,0.1470375,0.154175
567,0.1365875,0.142275,0.1409625,0.1355875,0.1448625,0.145125,0.148675,0.147125,0.147675
568,0.1279125,0.146925,0.14485,0.15275,0.1389,0.1398125,0.134525,0.14865,0.14653750000000001
569,0.142725,0.1340125,0.13775,0.1325,0.1432125,0.1439875,0.1424875,0.132875,0.1521
570,0.1351,0.144125,0.1429,0.143975,0.1618,0.1515125,0.13915,0.1456625,0.1474875
571,0.1432375,0.1457375,0.1432125,0.1317625,0.1398125,0.1409375,0.1498875,0.155025,0.146325
572,0.1519,0.154475,0.144825,0.14395,0.1511,0.1419375,0.1317375,0.1459875,0.1421625
573,0.155,0.15325,0.144325,0.14505,0.1501125,0.143125,0.1498,0.144425,0.1509625
574,0.1388125,0.1453125,0.1476375,0.1409875,0.1504875,0.1422625,0.1279125,0.1453,0.1410125
575,0.155275,0.1403,0.146375,0.144,0.1427125,0.1602,0.151725,0.148925,0.1443125
576,0.134125,0.1411125,0.1455,0.13415,0.1400875,0.1416625,0.159775,0.14425,0.1494
577,0.1538375,0.1348125,0.1476625,0.142975,0.1456,0.153425,0.149825,0.1428,0.1499
578,0.1768,0.14315,0.144525,0.1435625,0.1501625,0.14805,0.1453875,0.1412125,0.1474
579,0.1614125,0.1848625,0.1455875,0.1407,0.1429,0.1399375,0.1315875,0.142475,0.147425
580,0.1319125,0.150025,0.1443,0.13795,0.1403375,0.1389625,0.1469125,0.14815,0.148325
581,0.13455,0.1459625,0.1491375,0.203075,0.167675,0.1437375,0.136725,0.1529,0.1534
582,0.1831125,0.1550375,0.1434875,0.14375,0.13225,0.146675,0.1390875,0.1435125,0.1489625
583,0.1436625,0.1625125,0.1414625,0.128425,0.1394,0.153525,0.1409125,0.179575,0.14776250000000002
584,0.1546625,0.1354,0.15985,0.1530375,0.1589875,0.143325,0.1547375,0.1464375,0.1493875
585,0.1644,0.13495,0.1358875,0.14095,0.146325,0.151525,0.14625,0.150025,0.14795
586,0.1493875,0.1438125,0.1419125,0.1589125,0.157625,0.1464125,0.1517125,0.14735,0.149125
587,0.1411625,0.1495125,0.1414,0.1324,0.3530875,0.1556125,0.1559625,0.154075,0.1486125
588,0.1582875,0.145375,0.149175,0.1582625,0.1509625,0.142825,0.16255,0.1435625,0.1536125
589,0.16465,0.1461375,0.14615,0.1473125,0.1507625,0.145325,0.1502,0.146925,0.1476625
590,0.13675,0.1373875,0.1471,0.1392625,0.144175,0.1511875,0.1327875,0.1496,0.14677500000000002
591,0.1880625,0.150075,0.144125,0.1489375,0.1441375,0.142275,0.1499625,0.1516375,0.1464625
592,0.1640375,0.1420375,0.1399875,0.144375,0.1455375,0.1465375,0.1558,0.1600625,0.1528625
593,0.1360875,0.1434375,0.144625,0.1432375,0.156875,0.1582875,0.15185,0.1559125,0.14645
594,0.141225,0.13495,0.138975,0.13275,0.1459125,0.1478375,0.144525,0.1474125,0.15055000000000002
595,0.15795,0.1576875,0.1412,0.1507125,0.1408,0.1442,0.1453375,0.1508375,0.15003750000000002
596,0.137675,0.1564125,0.1406125,0.1422375,0.1550875,0.147125,0.140025,0.142025,0.14550000000000002
597,0.1353625,0.1427125,0.14735,0.1485625,0.1452625,0.14195,0.1456125,0.1396625,0.1484875
598,0.1417375,0.1680875,0.1490125,0.1435625,0.1403375,0.1483875,0.1635875,0.149325,0.1499375
599,0.14585,0.1437375,0.1388625,0.1834875,0.1502,0.153875,0.1531625,0.14755,0.1420125
600,0.139325,0.1532125,0.1482,0.1293,0.1478125,0.1446375,0.14865,0.14365,0.1479
601,0.1372125,0.14825,0.1562375,0.1396,0.1837,0.1411,0.146025,0.1512,0.1522375
602,0.1436,0.1554625,0.1390625,0.1472375,0.153725,0.147075,0.1393,0.1566625,0.1489375
603,0.270025,0.1470625,0.1455,0.1506125,0.160825,0.152825,0.142675,0.1450125,0.1477375
604,0.187425,0.1282,0.1501625,0.1471875,0.1520125,0.1469625,0.147375,0.140425,0.1484875
605,0.1346875,0.1402375,0.146975,0.1438375,0.1416875,0.1418375,0.1388625,0.1431625,0.1464
606,0.1328375,0.1406125,0.1485125,0.1555875,0.1393125,0.1451375,0.15325,0.1487,0.1446125
607,0.1492125,0.140575,0.148625,0.142275,0.1402375,0.145475,0.1346375,0.1445,0.14425000000000002
608,0.1399875,0.1489625,0.1409125,0.138375,0.169475,0.1449875,0.144625,0.1457375,0.14785
609,0.1410875,0.1587625,0.1460875,0.14185,0.1570125,0.1432375,0.1453625,0.150625,0.152375
610,0.1510375,0.142425,0.1527125,0.148425,0.1338625,0.150025,0.1372375,0.1461375,0.1488875
611,0.1502375,0.1412,0.1468375,0.139,0.1457125,0.1450625,0.1418875,0.1414875,0.147075
612,0.1380125,0.163875,0.14175,0.144875,0.148325,0.141975,0.14125,0.1420375,0.150425
613,0.139425,0.145975,0.139,0.1446125,0.1496,0.15145,0.1372,0.142875,0.146675
614,0.1369125,0.143175,0.148275,0.1308,0.1504,0.14655,0.1479625,0.1451125,0.1474625
615,0.1567625,0.164525,0.1613,0.1391125,0.1530375,0.1400375,0.134575,0.153525,0.1527625
616,0.1427125,0.13275,0.1469625,0.1436125,0.147525,0.1601875,0.14265,0.1553125,0.1471625
617,0.1354375,0.1505625,0.142525,0.141275,0.1432,0.1439,0.13195,0.1486875,0.15280000000000002
618,0.13815,0.144,0.161175,0.1542125,0.1471,0.1467875,0.1370875,0.1431625,0.144425
619,0.1302,0.1402,0.140225,0.15945,0.1445875,0.1470375,0.156025,0.1524625,0.149625
620,0.1528625,0.1418125,0.14295,0.1325125,0.1392,0.1533875,0.1400125,0.1426125,0.1466875
621,0.1344125,0.1506375,0.149525,0.1361125,0.1442625,0.1719,0.13685,0.13885,0.1450875
622,0.14295,0.153825,0.14165,0.1475625,0.1412875,0.1472125,0.132475,0.1552125,0.146225
623,0.1425125,0.1473625,0.142975,0.1301625,0.145825,0.150525,0.30715,0.1546125,0.14445
624,0.1379,0.1476375,0.1447625,0.138625,0.1490125,0.1487625,0.15195,0.1419,0.14785
625,0.112625,0.1468,0.1458375,0.2084875,0.142025,0.1476125,0.1363,0.14055,0.1449375
626,0.1526125,0.15735,0.151175,0.1468375,0.1314875,0.14395,0.1470625,0.1543375,0.14602500000000002
627,0.128925,0.1472625,0.1469625,0.2431375,0.1501625,0.1601625,0.15275,0.1468875,0.1453
628,0.1333375,0.1508875,0.147475,0.2420125,0.15345,0.1434125,0.1470375,0.1499625,0.143275
629,0.133775,0.1449875,0.1488625,0.1445875,0.1459,0.148775,0.1395125,0.1397875,0.14577500000000002
630,0.1609875,0.14345,0.1386875,0.137325,0.134225,0.149425,0.1316625,0.1502375,0.1495
631,0.15695,0.14705,0.1396125,0.1423625,0.1403375,0.1404,0.145525,0.1426375,0.14685
632,0.1479625,0.149375,0.1584625,0.131825,0.139625,0.1506875,0.1285125,0.150325,0.1529125
633,0.1129125,0.1480875,0.1363875,0.1474,0.1578,0.1401375,0.1516625,0.140675,0.14978750000000002
634,0.1906375,0.1406,0.1439625,0.1515875,0.14015,0.1468,0.1438875,0.143475,0.14851250000000002
635,0.1397625,0.1366375,0.1486375,0.1481375,0.1404125,0.146725,0.1342625,0.1533375,0.14751250000000002
636,0.13755,0.1436625,0.1452625,0.147825,0.1446125,0.1441375,0.13885,0.1406875,0.15001250000000002
637,0.1289375,0.1997375,0.149725,0.1560125,0.131975,0.171275,0.1436,0.1464,0.1507375
638,0.1396625,0.1472,0.13955,0.1335875,0.1414625,0.1430125,0.1368625,0.1485875,0.1561875
639,0.1365,0.1447125,0.1531125,0.153025,0.1438125,0.1455125,0.1388125,0.143475,0.1507
640,0.1384875,0.141,0.1492,0.1526125,0.1414375,0.14445,0.1423375,0.142275,0.151125
641,0.14005,0.132925,0.1452125,0.13675,0.1385,0.1405125,0.1509,0.1618,0.148925
642,0.1610625,0.1383875,0.140625,0.140975,0.15075,0.1440375,0.137825,0.1576125,0.1473375
643,0.1688125,0.144625,0.149525,0.131525,0.1449625,0.145325,0.178425,0.14755,0.1474
644,0.14655,0.1358875,0.1442875,0.13415,0.1451,0.15105,0.144225,0.1405125,0.14952500000000002
645,0.14265,0.1436,0.1539125,0.1588875,0.1479375,0.1498375,0.152025,0.148075,0.14600000000000002
646,0.1366125,0.1542375,0.1551125,0.14995,0.1545375,0.1409375,0.1659875,0.146925,0.14776250000000002
647,0.1834625,0.1691125,0.1493625,0.141025,0.1445625,0.1482375,0.15985,0.1469375,0.15031250000000002
648,0.1630125,0.153,0.1551,0.1528375,0.154025,0.143725,0.1429875,0.1453875,0.14753750000000002
649,0.1438375,0.1412875,0.1395125,0.1477125,0.15025,0.1565,0.149025,0.1397875,0.1479375
650,0.1364625,0.135975,0.1419875,0.1480125,0.1437375,0.154125,0.145425,0.1466625,0.1436875
651,0.1506875,0.149825,0.1443875,0.1401375,0.1288625,0.143225,0.1518125,0.1464875,0.144925
652,0.131375,0.1365875,0.148775,0.1331875,0.14325,0.1408625,0.1564875,0.1501125,0.141825
653,0.15935,0.15655,0.1400375,0.146675,0.1480125,0.1468625,0.14565,0.159075,0.1431125
654,0.1303125,0.145325,0.1494125,0.1324875,0.14425,0.1487125,0.13935,0.1539625,0.14726250000000002
655,0.1595625,0.1537375,0.14505,0.1516625,0.142475,0.1490625,0.1404875,0.1440125,0.144125
656,0.1441625,0.1467875,0.14885,0.147575,0.2313375,0.1423875,0.1631625,0.1371875,0.14645
657,0.139175,0.146825,0.152425,0.1552,0.1425375,0.14875,0.1461,0.146125,0.1494375
658,0.1385625,0.1431,0.1430875,0.148975,0.1389125,0.1480125,0.1473375,0.13965,0.1461375
659,0.1333125,0.1428125,0.1338375,0.142025,0.1476375,0.1504125,0.15545,0.1467875,0.1476625
660,0.125125,0.1416375,0.1483625,0.1296125,0.1415375,0.1475625,0.1385125,0.141625,0.143525
661,0.1393125,0.1929375,0.13655,0.1464875,0.1499875,0.14205,0.1367875,0.1426625,0.1482
662,0.16405,0.14145,0.1426625,0.1406625,0.1378,0.1448375,0.15005,0.1359375,0.1492
663,0.1425625,0.1512625,0.1446,0.1384375,0.1384625,0.1472125,0.1441625,0.13945,0.14170000000000002
664,0.2128,0.140725,0.1508875,0.1589625,0.14165,0.144875,0.13125,0.181825,0.15095
665,0.135725,0.15,0.1473375,0.1331125,0.1448375,0.15235,0.1319375,0.1452625,0.1449625
666,0.2952625,0.1422,0.145975,0.1604125,0.150325,0.1524125,0.155875,0.141725,0.1532375
667,0.1425875,0.1547375,0.1415375,0.1348625,0.1422875,0.1497625,0.152875,0.1581,0.1468625
668,0.14575,0.1484875,0.1422375,0.1511,0.1459,0.1471,0.137175,0.1647875,0.146375
669,0.13615,0.136725,0.1406125,0.1685375,0.1473375,0.146775,0.1732,0.139725,0.145575
670,0.1493625,0.1421625,0.212325,0.1434,0.1432,0.1536,0.1568875,0.144125,0.1448625
671,0.133075,0.141775,0.146275,0.169475,0.142025,0.1495375,0.1374125,0.1481,0.15228750000000002
672,0.1476,0.152375,0.142925,0.132875,0.137075,0.1483625,0.13975,0.1446625,0.14373750000000002
673,0.20385,0.135325,0.1429875,0.1622875,0.1474875,0.1437625,0.133325,0.1442375,0.1496375
674,0.15855,0.1382875,0.1473375,0.14025,0.138325,0.1464875,0.161875,0.1394,0.1487375
675,0.135325,0.1432,0.1498125,0.1377625,0.154375,0.143525,0.13995,0.154725,0.1500875
676,0.1438125,0.1439625,0.15065,0.1335625,0.1359625,0.155425,0.1379875,0.1475,0.14801250000000002
677,0.1436,0.1396,0.1643875,0.15075,0.145225,0.1467375,0.1341125,0.149475,0.14395
678,0.1321875,0.1492125,0.1436625,0.1372,0.15155,0.1524875,0.1515875,0.1401125,0.17451250000000001
679,0.128825,0.1414625,0.139225,0.146925,0.1587,0.1479375,0.1427,0.154025,0.154175
680,0.1502625,0.16405,0.1478375,0.1519,0.1384375,0.1393375,0.1473875,0.139325,0.1416125
681,0.1472,0.13315,0.1474125,0.1456875,0.1352,0.1434375,0.1390375,0.1430125,0.1486125
682,0.1507625,0.1556,0.1479,0.138375,0.1467125,0.146375,0.156775,0.1506,0.14677500000000002
683,0.1450875,0.138525,0.148825,0.136375,0.14495,0.1519625,0.14425,0.1481375,0.1458625
684,0.178775,0.141625,0.151925,0.1369625,0.1397375,0.1382625,0.1483,0.1541875,0.14248750000000002
685,0.128725,0.1448,0.1507625,0.1383,0.14565,0.1486,0.135575,0.1389125,0.14745
686,0.1410375,0.1402375,0.1444125,0.1441375,0.140625,0.1520875,0.134175,0.14705,0.1509375
687,0.138775,0.148625,0.1426875,0.1350875,0.144825,0.1148,0.1346125,0.14505,0.151225
688,0.1360125,0.1458375,0.1412375,0.1402625,0.1378125,0.144475,0.1580625,0.1534,0.1448125
689,0.1579375,0.1376,0.1451375,0.142175,0.1407125,0.1438,0.1349625,0.1513875,0.14753750000000002
690,0.201875,0.140725,0.1467625,0.144675,0.1455625,0.143525,0.1483,0.1419625,0.1459625
691,0.1318125,0.153675,0.1417625,0.1625625,0.1732125,0.144325,0.1699875,0.1597125,0.14880000000000002
692,0.138425,0.14945,0.1442875,0.151175,0.11475,0.1451,0.128675,0.14625,0.147075
693,0.15065,0.150575,0.1488875,0.1824125,0.1371125,0.1496875,0.1398375,0.1518,0.14880000000000002
694,0.1400625,0.14825,0.1501125,0.1543375,0.1403875,0.148775,0.1437375,0.14945,0.1434
695,0.1456125,0.1545625,0.1396875,0.148875,0.1562375,0.1468,0.15355,0.1496,0.1448625
696,0.153825,0.157225,0.1416375,0.139825,0.141125,0.1407375,0.1383375,0.146625,0.1449625
697,0.1254875,0.1510125,0.1454375,0.1617125,0.1544,0.149225,0.1456125,0.1516625,0.1462
698,0.1481625,0.1453375,0.144075,0.1610625,0.147575,0.15,0.1383625,0.1445,0.14975
699,0.14025,0.14455,0.1411875,0.1430125,0.1425,0.1462,0.1479125,0.140225,0.1464375
700,0.1448625,0.1398875,0.1579375,0.1398125,0.1420625,0.1499125,0.128825,0.1466,0.14197500000000002
701,0.142975,0.1468625,0.148125,0.1585875,0.1636375,0.1409,0.1346875,0.1507,0.1429375
702,0.1387,0.15345,0.1412375,0.1390125,0.13975,0.1629875,0.1413125,0.1491,0.14952500000000002
703,0.1554875,0.1458,0.14195,0.151625,0.140725,0.141575,0.1484625,0.14835,0.1488875
704,0.1396,0.1360875,0.1462125,0.1577,0.1389125,0.1489125,0.1955625,0.146475,0.15053750000000002
705,0.1644375,0.1431,0.1489125,0.1427,0.141125,0.1536,0.1434875,0.1407,0.1537125
706,0.133025,0.13385,0.154075,0.1375875,0.1564875,0.144,0.1338625,0.143525,0.14645
707,0.1384875,0.14385,0.146825,0.1510625,0.1438875,0.1428375,0.132225,0.1495125,0.14455
708,0.2018875,0.144625,0.14365,0.159275,0.24295,0.1425375,0.15375,0.14975,0.14795
709,0.1535,0.149425,0.143375,0.1391,0.146175,0.1446,0.152225,0.1400875,0.1471875
710,0.1559,0.205825,0.14885,0.1748,0.1744625,0.144425,0.1276375,0.1428,0.148625
711,0.1371875,0.134775,0.146525,0.1502375,0.147875,0.1482625,0.12445,0.1479875,0.148675
712,0.17125,0.1665125,0.147175,0.1330875,0.14295,0.14945,0.125925,0.1522375,0.143125
713,0.145225,0.1475625,0.14285,0.147625,0.149075,0.1553375,0.1416625,0.1514625,0.146475
714,0.1449625,0.1496125,0.1489875,0.1426,0.1349625,0.1529,0.1448375,0.1460375,0.153875
715,0.1507625,0.1608875,0.1475625,0.14895,0.14565,0.144875,0.132225,0.144375,0.1468625
716,0.1333375,0.1485,0.1417875,0.14695,0.14135,0.1466625,0.1700875,0.1492875,0.1481625
717,0.1329625,0.1426625,0.1443375,0.1431375,0.1492875,0.1468125,0.1368125,0.1430625,0.14835
718,0.148875,0.132575,0.1391375,0.139625,0.1556125,0.1420875,0.1519,0.1444875,0.1505
719,0.1728,0.14845,0.163475,0.1445625,0.14235,0.150725,0.17675,0.1412375,0.148625
720,0.137225,0.144,0.1471125,0.1468875,0.14495,0.1459625,0.139725,0.1430875,0.149075
721,0.1336875,0.1502125,0.1444625,0.1518375,0.143325,0.1477875,0.14895,0.143675,0.14373750000000002
722,0.1396375,0.1395375,0.1465125,0.1824125,0.15645,0.148475,0.1569125,0.14835,0.1457125
723,0.1705875,0.1406625,0.1402875,0.1401,0.1401125,0.1469,0.154325,0.1458,0.1471875
724,0.1419375,0.1395875,0.14555,0.154525,0.143925,0.1616375,0.131725,0.1394875,0.14652500000000002
725,0.156475,0.1418125,0.15035,0.1423375,0.1425375,0.1424,0.13765,0.1494375,0.156975
726,0.1572875,0.1517125,0.1397625,0.147625,0.1438,0.143825,0.128775,0.1472625,0.1484125
727,0.1479125,0.159025,0.1427125,0.1403375,0.141125,0.1564875,0.1306,0.141075,0.1455625
728,0.1415125,0.1505125,0.14255,0.171025,0.1448375,0.1444375,0.1628,0.144875,0.1529625
729,0.138475,0.1333875,0.1432625,0.135375,0.1552125,0.1392875,0.144325,0.1508375,0.1493875
730,0.1381125,0.14605,0.16825,0.163625,0.136875,0.14895,0.1331875,0.145475,0.1442875
731,0.19195,0.14285,0.149025,0.1570875,0.1449375,0.1423,0.148925,0.1466,0.149
732,0.151925,0.1433,0.1458125,0.14945,0.1569625,0.1573625,0.1465625,0.145575,0.1433
733,0.161925,0.141,0.1517875,0.1617375,0.1581875,0.13745,0.1655375,0.1492625,0.15001250000000002
734,0.1282375,0.138625,0.142975,0.144025,0.153075,0.1414625,0.1464625,0.149075,0.149325
735,0.1532625,0.13555,0.1435875,0.13735,0.1468875,0.14565,0.1484625,0.148175,0.150425
736,0.1447375,0.137025,0.1401125,0.13415,0.138975,0.1439875,0.1346875,0.144325,0.1489
737,0.149,0.144175,0.14765,0.136225,0.1539875,0.1479375,0.1495625,0.157275,0.1441375
738,0.14025,0.1466,0.1438625,0.1419875,0.147625,0.14495,0.1469875,0.155475,0.1507375
739,0.1293,0.1383625,0.138475,0.1467375,0.1374625,0.1474875,0.1402625,0.145225,0.1478375
740,0.16375,0.14205,0.145375,0.157325,0.142075,0.1440375,0.137925,0.145825,0.14645
741,0.14065,0.1480125,0.1631375,0.1304,0.1433125,0.1431625,0.145625,0.14595,0.140675
742,0.14715,0.1456,0.1472875,0.136825,0.13865,0.154325,0.1312125,0.1479125,0.1458375
743,0.12965,0.1537875,0.1478375,0.1303125,0.1469625,0.1480375,0.1422125,0.1381,0.15475
744,0.1394625,0.141425,0.139275,0.1414125,0.1385875,0.1527375,0.1398,0.1424,0.1449375
745,0.1444875,0.135475,0.1465,0.1429,0.1482125,0.150225,0.1388375,0.144025,0.1464
746,0.1399875,0.149775,0.1414,0.1433,0.1474625,0.15155,0.14955,0.1454625,0.1499
747,0.1415875,0.146875,0.1444,0.1429375,0.1417125,0.1424375,0.1437875,0.1551375,0.14927500000000002
748,0.1308375,0.1419,0.146525,0.1356125,0.151,0.1441375,0.1416625,0.1573375,0.1461
749,0.1419375,0.14365,0.147375,0.1244625,0.1513125,0.1416375,0.1375125,0.1623,0.151475
750,0.1338625,0.1514,0.1564125,0.1322,0.1399,0.15535,0.2712375,0.14665,0.1540375
751,0.138175,0.15685,0.1476,0.154975,0.1423125,0.1438375,0.14565,0.153975,0.1474875
752,0.14285,0.14575,0.1474625,0.2263125,0.1493125,0.1441,0.176925,0.1510625,0.14602500000000002
753,0.1339125,0.1443625,0.15075,0.1388625,0.1547,0.1429875,0.138475,0.1488,0.14802500000000002
754,0.1386,0.1468625,0.1454,0.1353125,0.141875,0.1461375,0.14825,0.146875,0.1509125
755,0.1374,0.14735,0.14675,0.1359,0.152575,0.1454125,0.1473375,0.1474375,0.1511375
756,0.14295,0.1462875,0.1508375,0.18345,0.1385875,0.1478125,0.151425,0.153725,0.1503875
757,0.1513125,0.14225,0.152425,0.14085,0.1417375,0.141025,0.1655875,0.1485625,0.1537375
758,0.14955,0.135625,0.1462375,0.1433375,0.1602875,0.15105,0.1405375,0.1480375,0.1483625
759,0.1491625,0.1441875,0.149275,0.1466375,0.139925,0.14735,0.1591875,0.1499,0.1476
760,0.1364875,0.1414875,0.1436125,0.148125,0.212025,0.14225,0.1411375,0.1434,0.1451875
761,0.1394125,0.1436625,0.15035,0.1344625,0.15155,0.1428375,0.161525,0.1484875,0.1440875
762,0.1293875,0.139275,0.1386125,0.1295375,0.1309875,0.1491,0.138475,0.1485625,0.14702500000000002
763,0.1285375,0.1472,0.1449875,0.1495125,0.1545875,0.1479125,0.145825,0.226,0.15081250000000002
764,0.12945,0.152175,0.145575,0.1455,0.1423,0.1452875,0.147575,0.152525,0.15025
765,0.139125,0.151475,0.1490125,0.1481375,0.157875,0.141825,0.1297875,0.152575,0.1489625
766,0.1542,0.1471375,0.143525,0.1663,0.1592375,0.14165,0.14165,0.147025,0.1478625
767,0.198925,0.139575,0.1390375,0.143525,0.1446875,0.147925,0.1494375,0.155675,0.1491625
768,0.139275,0.1419375,0.1540375,0.1402,0.1352125,0.1502875,0.1462875,0.1595125,0.15157500000000002
769,0.1636625,0.1443,0.1417375,0.1325625,0.1425875,0.1521125,0.1286625,0.145225,0.1448125
770,0.1614875,0.1420375,0.1512625,0.138575,0.1433,0.1424375,0.148975,0.1470125,0.154275
771,0.1376,0.1354625,0.1450375,0.1525875,0.152525,0.154375,0.142175,0.153525,0.147875
772,0.1646,0.1489375,0.1407875,0.13105,0.1437,0.1456125,0.1473,0.141225,0.14300000000000002
773,0.1355625,0.1343375,0.1469125,0.1329125,0.1629625,0.1499875,0.1531625,0.149075,0.1505125
774,0.1374375,0.1397,0.146325,0.2690125,0.15335,0.1460125,0.1421,0.14705,0.1437
775,0.16125,0.152825,0.151625,0.1493375,0.1560625,0.149275,0.1418625,0.144975,0.15165
776,0.1418375,0.1775375,0.1434125,0.1332,0.141925,0.1512,0.14755,0.14595,0.15057500000000001
777,0.144575,0.152525,0.1435375,0.142975,0.15,0.1482375,0.1876875,0.1486625,0.142075
778,0.1363875,0.154975,0.1711375,0.138075,0.1331375,0.1443875,0.202025,0.1647,0.1443375
779,0.1363875,0.148875,0.14655,0.1388625,0.1380875,0.1495,0.1401125,0.1481,0.146225
780,0.143375,0.1486125,0.144725,0.1442375,0.14065,0.14685,0.1355375,0.14745,0.1469625
781,0.1425125,0.149125,0.1454625,0.1488375,0.1477,0.1517875,0.1428625,0.1444875,0.1454375
782,0.1308875,0.1482,0.1439625,0.1489875,0.145875,0.141525,0.1479375,0.1477375,0.1523625
783,0.1418125,0.1409625,0.149875,0.1445875,0.1430625,0.1437875,0.1428625,0.159775,0.147825
784,0.136225,0.1474625,0.147025,0.1528125,0.14015,0.1494625,0.13765,0.15355,0.1426625
785,0.152425,0.1429125,0.1388875,0.1482125,0.1599875,0.1442125,0.1663125,0.137225,0.1462
786,0.1396125,0.1484375,0.1389375,0.1431375,0.168125,0.1504125,0.149725,0.1452375,0.1484125
787,0.1473,0.157575,0.1489875,0.14475,0.15225,0.150075,0.1492,0.1441625,0.14726250000000002
788,0.1820875,0.14255,0.2140375,0.151375,0.149825,0.1680375,0.136025,0.1457625,0.14326250000000001
789,0.159025,0.13745,0.154175,0.1428,0.15575,0.1394125,0.136,0.1478125,0.15028750000000002
790,0.12955,0.1498,0.15175,0.1361,0.144425,0.145075,0.13895,0.1454625,0.1463875
791,0.1357875,0.1442125,0.1514875,0.144175,0.146975,0.1473375,0.1424625,0.1457375,0.15533750000000002
792,0.13585,0.1463,0.1459625,0.146875,0.146325,0.1426875,0.1405,0.1458375,0.15053750000000002
793,0.13205,0.137525,0.143675,0.1421125,0.154875,0.1453625,0.1471,0.1418375,0.1505875
794,0.1669625,0.145025,0.1415375,0.1298625,0.1511,0.145825,0.1400625,0.1493875,0.146825
795,0.1415125,0.1392625,0.1486125,0.1495625,0.144525,0.1471375,0.1559625,0.1414,0.1430625
796,0.14125,0.1364875,0.14785,0.1347125,0.143425,0.14685,0.144025,0.154675,0.1458125
797,0.1313875,0.1412375,0.1509625,0.142425,0.139925,0.146425,0.1463,0.1460625,0.14865
798,0.14545,0.1446875,0.1437375,0.140625,0.143,0.148325,0.1424375,0.1481875,0.1521625
799,0.1444,0.1446125,0.1451625,0.1455375,0.118275,0.1457125,0.141375,0.1525625,0.1474375
800,0.138075,0.13205,0.1430875,0.16715,0.14825,0.14585,0.14055,0.1487875,0.14653750000000001
801,0.1413125,0.1430625,0.14475,0.1832125,0.1482875,0.1537625,0.1395125,0.1435875,0.1486375
802,0.1521125,0.1387,0.14645,0.1445125,0.140325,0.1475,0.144525,0.14395,0.14525000000000002
803,0.1531875,0.1428875,0.150825,0.1340875,0.138575,0.1447375,0.1423625,0.14155,0.146975
804,0.14485,0.1458625,0.1420375,0.15055,0.1462,0.14295,0.1382875,0.143275,0.1495875
805,0.15415,0.1481,0.1473375,0.1392375,0.143875,0.1454125,0.1559625,0.14385,0.14650000000000002
806,0.127575,0.1437625,0.13975,0.191,0.1510875,0.146675,0.1586375,0.144025,0.1495875
807,0.14065,0.1450875,0.1390125,0.1337125,0.14195,0.1695625,0.138075,0.14635,0.1481875
808,0.193525,0.1404125,0.143975,0.157375,0.146625,0.1529875,0.14355,0.14775,0.15082500000000001
809,0.14545,0.1430125,0.1391125,0.172975,0.1642125,0.1409625,0.1464,0.1441375,0.145675
810,0.1593125,0.1414,0.1487375,0.1356625,0.1971625,0.277975,0.1350875,0.147325,0.149825
811,0.1254875,0.141575,0.1482375,0.1371375,0.14155,0.1465875,0.157875,0.14715,0.1441125
812,0.1429125,0.1457,0.14405,0.1380375,0.150325,0.1435375,0.146175,0.1495375,0.144125
813,0.1384625,0.1500375,0.1463125,0.1873625,0.1503625,0.1441625,0.144625,0.14695,0.147475
814,0.17845,0.141875,0.1394375,0.1438625,0.1580125,0.19365,0.140525,0.1498,0.1446
815,0.14425,0.1485875,0.1527625,0.146125,0.143425,0.1525375,0.1482125,0.145575,0.1568
816,0.1391125,0.1489125,0.15005,0.13855,0.1479125,0.138175,0.1484375,0.1407125,0.14906250000000001
817,0.1580375,0.1501875,0.15525,0.137425,0.152175,0.1465875,0.1405625,0.1507875,0.143325
818,0.1312,0.15335,0.1591125,0.1350375,0.1453875,0.144725,0.1412125,0.157525,0.1472
819,0.1442625,0.1545875,0.14325,0.1327125,0.150975,0.1553125,0.13945,0.1428625,0.14735
820,0.1551875,0.1413125,0.1537875,0.157225,0.1480375,0.144275,0.1552375,0.1477,0.14247500000000002
821,0.1620625,0.1561,0.1526,0.1426875,0.143125,0.146375,0.2035,0.157025,0.1411
822,0.1538,0.151575,0.1522,0.158175,0.124675,0.1475125,0.140225,0.1474625,0.1478625
823,0.1429,0.1661625,0.1445875,0.1451375,0.1497375,0.136875,0.0898,0.138825,0.145075
824,0.154075,0.152325,0.140225,0.1898125,0.142425,0.1487875,0.1507,0.1466,0.1450375
825,0.1498125,0.145275,0.1409375,0.1432875,0.14875,0.1420125,0.14235,0.1456,0.14477500000000001
826,0.1619,0.1426,0.1726875,0.1342875,0.1395,0.1407,0.1493125,0.145525,0.145825
827,0.1512,0.1585125,0.1512,0.14025,0.1379125,0.14455,0.1415625,0.1399625,0.1482
828,0.14035,0.1444,0.13935,0.142025,0.1421375,0.152,0.1403625,0.13625,0.142825
829,0.1371125,0.138875,0.1425625,0.1532375,0.1447875,0.1482625,0.1504875,0.145625,0.1508625
830,0.142875,0.141125,0.158625,0.1547875,0.138225,0.14805,0.153575,0.1523625,0.148325
831,0.1367625,0.1535625,0.143675,0.13585,0.1453625,0.145625,0.153025,0.1407625,0.14085
832,0.1539,0.1429875,0.14635,0.1371,0.1513625,0.142675,0.1434875,0.1430875,0.1444625
833,0.1560875,0.146625,0.1391125,0.1314375,0.153525,0.1507,0.1428,0.1438,0.1408375
834,0.13825,0.138325,0.15515,0.1341625,0.1453625,0.1463875,0.146125,0.1530125,0.1478125
835,0.135125,0.142925,0.1912375,0.15125,0.1506,0.144225,0.1442875,0.1509125,0.1476875
836,0.143875,0.1445625,0.1468125,0.139375,0.1415375,0.14195,0.13365,0.170025,0.148725
837,0.1534375,0.1471125,0.1456875,0.14375,0.1475125,0.1413,0.16295,0.144175,0.1489
838,0.1433125,0.148625,0.1473875,0.141525,0.1419125,0.1363625,0.1318875,0.15125,0.1440875
839,0.12735,0.1429375,0.140175,0.124075,0.139675,0.138875,0.135175,0.1446,0.1477
840,0.1386625,0.1454,0.1457125,0.1438625,0.1615625,0.1283875,0.13145,0.1553375,0.1469
841,0.1507625,0.1378625,0.1488625,0.1597,0.1454,0.1449875,0.153375,0.1500625,0.150375
842,0.151225,0.173275,0.145025,0.1369375,0.1505625,0.1455625,0.138025,0.14335,0.15027500000000002
843,0.1558625,0.1530375,0.150575,0.1535875,0.146775,0.144425,0.14725,0.14665,0.1466625
844,0.147225,0.1467,0.1479625,0.139525,0.1476875,0.1523875,0.1439875,0.1441125,0.15077500000000002
845,0.1356875,0.155225,0.1393875,0.13565,0.1426375,0.15025,0.1441125,0.170225,0.14785
846,0.1623375,0.165825,0.1475875,0.1499125,0.1407375,0.1464625,0.154725,0.14445,0.1456625
847,0.1426625,0.1467125,0.142975,0.1381875,0.1454,0.145125,0.1470625,0.1473125,0.1476625
848,0.111775,0.1471125,0.1517375,0.1438625,0.14695,0.1464375,0.1427875,0.1452,0.1508875
849,0.1448875,0.140425,0.1434,0.140175,0.1457875,0.1465375,0.1384,0.1511875,0.1508875
850,0.1650375,0.1560375,0.142375,0.1536875,0.1453625,0.1429,0.1572625,0.140075,0.147225
851,0.1366125,0.14875,0.1439,0.1424875,0.1427,0.146875,0.1514125,0.14345,0.1511125
852,0.1479125,0.13615,0.1500625,0.1356875,0.1382125,0.1482125,0.1662375,0.1394,0.14273750000000002
853,0.1357125,0.1369375,0.1514625,0.1524875,0.1384625,0.1488875,0.13885,0.1518375,0.1463625
854,0.1476875,0.1452625,0.1522875,0.145325,0.1416125,0.148875,0.1436125,0.1455,0.1439625
855,0.151225,0.14585,0.1456625,0.1605625,0.1489,0.1513125,0.143075,0.1560875,0.1447
856,0.1438,0.1416875,0.1439125,0.1476125,0.1440625,0.14885,0.1474,0.1441125,0.1521125
857,0.152375,0.153075,0.145775,0.1399125,0.1490875,0.1407625,0.1520625,0.151375,0.14502500000000002
858,0.141775,0.1425875,0.147675,0.1446,0.1420125,0.1465625,0.151,0.1403125,0.152775
859,0.1391375,0.17405,0.1461375,0.1465875,0.1468375,0.1405625,0.1781,0.14765,0.14802500000000002
860,0.1534875,0.1416125,0.141225,0.1450375,0.1475125,0.1508,0.150375,0.147375,0.1489875
861,0.1566875,0.145375,0.148775,0.3341875,0.161225,0.1421125,0.1572375,0.1530125,0.1399125
862,0.138625,0.1367375,0.152875,0.1430125,0.145425,0.1509625,0.1362125,0.1459,0.147825
863,0.154875,0.1520625,0.1475125,0.1498125,0.1402125,0.1585125,0.1670875,0.16005,0.150125
864,0.1460625,0.14235,0.1499875,0.141375,0.1328625,0.1524375,0.1440875,0.14235,0.14727500000000002
865,0.1346125,0.147225,0.1406625,0.1376125,0.1709375,0.1830125,0.13975,0.14835,0.145825
866,0.1315125,0.1395875,0.14655,0.1370875,0.1480125,0.126325,0.1438375,0.1509125,0.1448375
867,0.1527125,0.140725,0.145875,0.1340875,0.1726875,0.1465375,0.1434125,0.144525,0.14247500000000002
868,0.1392625,0.137925,0.142875,0.136275,0.1473,0.1487875,0.1521875,0.14375,0.1441625
869,0.1280875,0.1455875,0.1462125,0.1493625,0.1507,0.144125,0.1401125,0.152875,0.14800000000000002
870,0.1576875,0.1439625,0.1219375,0.14345,0.14045,0.1427375,0.142225,0.146175,0.14255
871,0.151175,0.1464875,0.14065,0.13255,0.1519375,0.148825,0.1472,0.14255,0.14881250000000001
872,0.151925,0.144925,0.1424375,0.144425,0.143725,0.14615,0.1489625,0.1462625,0.148875
873,0.1463625,0.1340875,0.1570875,0.1498,0.14665,0.14725,0.1418375,0.1449875,0.14825000000000002
874,0.1653375,0.1380625,0.139425,0.1671,0.1482375,0.147325,0.140825,0.1438875,0.1488375
875,0.1406375,0.1376625,0.16395,0.147425,0.1475375,0.14625,0.1348625,0.1586625,0.145475
876,0.1609875,0.1413125,0.1488,0.151575,0.1529125,0.15175,0.1505625,0.1498875,0.14726250000000002
877,0.135325,0.1431625,0.1352,0.1560375,0.142825,0.147375,0.1567,0.1518,0.150725
878,0.1305125,0.1540875,0.154325,0.142,0.1391,0.145225,0.1257625,0.1517125,0.1524875
879,0.156125,0.1558,0.1447875,0.156925,0.1443875,0.146225,0.1426,0.1386125,0.1406875
880,0.131125,0.15045,0.142475,0.1552375,0.148975,0.1491625,0.1438125,0.1463125,0.14501250000000002
881,0.153425,0.14935,0.1442125,0.1363,0.1401875,0.147075,0.1493875,0.1456875,0.1461375
882,0.17185,0.1359625,0.1482,0.137275,0.142725,0.1379625,0.165925,0.1482625,0.1505875
883,0.1432375,0.1414875,0.13885,0.148775,0.14335,0.1447875,0.1444875,0.1539125,0.14648750000000002
884,0.1407,0.135525,0.1496875,0.144925,0.14465,0.1483875,0.1334875,0.1437875,0.14755000000000001
885,0.1322375,0.1476875,0.148225,0.139825,0.13745,0.1507375,0.138475,0.1397875,0.14750000000000002
886,0.158725,0.1442125,0.1454125,0.14215,0.1502375,0.1442375,0.1478125,0.1418125,0.15081250000000002
887,0.1446,0.1396125,0.155275,0.14175,0.1593125,0.145075,0.1334875,0.14575,0.14952500000000002
888,0.13525,0.13885,0.14635,0.1430375,0.14625,0.151475,0.138325,0.1434375,0.1506
889,0.13835,0.1393125,0.1401,0.144425,0.1379375,0.1499625,0.1396125,0.150475,0.1464625
890,0.153575,0.1443875,0.14625,0.136825,0.1425,0.1430875,0.1397375,0.1469875,0.14577500000000002
891,0.2141875,0.139775,0.155275,0.1287375,0.1503875,0.1487,0.1550375,0.1521875,0.1499
892,0.14165,0.1501375,0.14515,0.1330875,0.1489,0.1412625,0.1385375,0.144,0.146475
893,0.1426125,0.13395,0.15555,0.1484875,0.1437875,0.140575,0.171625,0.1483875,0.14625000000000002
894,0.190325,0.148975,0.1437,0.1580125,0.1440625,0.147225,0.1403875,0.15015,0.14628750000000001
895,0.1322,0.1524125,0.1414,0.1442875,0.13765,0.14545,0.1400625,0.1483625,0.1537
896,0.161625,0.141725,0.1409125,0.133975,0.1466375,0.1417125,0.147125,0.150425,0.14835
897,0.137225,0.1543375,0.14285,0.1427625,0.1503875,0.1475625,0.147275,0.149325,0.1507625
898,0.1591,0.1326,0.14615,0.15715,0.1340375,0.1509625,0.134325,0.146275,0.14726250000000002
899,0.1596,0.14165,0.139775,0.5447625,0.147525,0.1542125,0.153825,0.1469,0.151175
900,0.1531625,0.1385,0.148425,0.153225,0.1494875,0.14445,0.1394625,0.1452875,0.14565
901,0.136725,0.14035,0.144925,0.143175,0.144525,0.153475,0.136075,0.1470375,0.1461
902,0.15395,0.1381375,0.1436875,0.14435,0.1395875,0.141525,0.1399125,0.14055,0.14548750000000002
903,0.134375,0.1471875,0.156575,0.1605625,0.1438125,0.14215,0.1418375,0.1493875,0.1480875
904,0.148725,0.147925,0.13845,0.1495,0.154775,0.1563,0.148175,0.1426875,0.14830000000000002
905,0.18315,0.1527875,0.1419375,0.1419625,0.13975,0.14925,0.1321,0.151825,0.14005
906,0.1370875,0.13755,0.14865,0.1435,0.142675,0.1469125,0.1386375,0.1482,0.14627500000000002
907,0.2340875,0.148825,0.1424125,0.1399375,0.1462375,0.1442875,0.1377625,0.1413625,0.145925
908,0.1415375,0.15345,0.14195,0.140725,0.143775,0.15085,0.1296625,0.147875,0.15445
909,0.1513375,0.142375,0.145675,0.1429625,0.1458,0.1489375,0.1440625,0.1546875,0.161175
910,0.12465,0.1758375,0.1566,0.1254375,0.1386375,0.1507375,0.133,0.145175,0.1468625
911,0.133675,0.139875,0.1533,0.1435,0.1416,0.1467875,0.1521,0.1434125,0.144825
912,0.12705,0.14705,0.1411125,0.1682,0.132075,0.148275,0.141675,0.1467875,0.1452125
913,0.1406875,0.138075,0.1482125,0.1477375,0.1569625,0.1435375,0.1547125,0.142375,0.1460875
914,0.14855,0.1473125,0.1416,0.2012375,0.152375,0.3125625,0.1319625,0.1487,0.1501125
915,0.1381875,0.1497,0.1473875,0.1407875,0.1398875,0.1444125,0.1804625,0.143175,0.14555
916,0.1396875,0.1343625,0.1501125,0.137,0.1524625,0.1560625,0.1519,0.14635,0.14673750000000002
917,0.1384625,0.142475,0.147275,0.141,0.1581875,0.148625,0.1484,0.1487625,0.1495875
918,0.1351,0.1434875,0.1456,0.1494875,0.1470125,0.1439875,0.15265,0.147025,0.1460625
919,0.1475,0.165625,0.14925,0.14415,0.14275,0.1527,0.268575,0.2048625,0.1542
920,0.1580375,0.1560375,0.1402125,0.133625,0.1435625,0.1423375,0.4007375,0.1488625,0.14335
921,0.158525,0.144975,0.14725,0.141975,0.150025,0.143475,0.1383,0.141225,0.1512125
922,0.128325,0.1382125,0.150125,0.1397625,0.15395,0.143975,0.138125,0.1553625,0.15
923,0.1438875,0.145625,0.14255,0.1483,0.140675,0.1442,0.1393,0.14325,0.14755000000000001
924,0.1641125,0.1537375,0.1509625,0.1404875,0.1355125,0.146025,0.1487875,0.1466125,0.1430375
925,0.154825,0.167375,0.1422125,0.15835,0.1573875,0.1434375,0.1318375,0.1525625,0.1474125
926,0.1549375,0.1418875,0.1442625,0.1627625,0.154425,0.1459875,0.141125,0.1548125,0.145125
927,0.1444125,0.143325,0.1486125,0.1344875,0.1426625,0.142975,0.1571625,0.1461125,0.1472
928,0.15495,0.1404875,0.1449,0.1340625,0.1474,0.1475125,0.1404625,0.1539875,0.1518625
929,0.140775,0.143625,0.1497125,0.13945,0.1443125,0.143775,0.1406625,0.145475,0.151375
930,0.1341375,0.1506375,0.146,0.141325,0.1487375,0.1432625,0.1400375,0.144175,0.14835
931,0.1731,0.1375625,0.1441125,0.1372,0.154125,0.146325,0.1488375,0.139975,0.1425875
932,0.14315,0.142625,0.1550875,0.136475,0.1523875,0.1602375,0.150825,0.144025,0.1478625
933,0.1551,0.1394625,0.14875,0.2180375,0.14035,0.1448625,0.161975,0.1422375,0.14415
934,0.1405125,0.143,0.143175,0.14975,0.148575,0.15775,0.1296,0.1457625,0.15045
935,0.18345,0.156225,0.1520125,0.1329375,0.1449,0.145,0.1648625,0.1461375,0.148925
936,0.1307875,0.1577625,0.1491,0.139575,0.141275,0.147375,0.133475,0.1478875,0.1498375
937,0.1375,0.159725,0.152275,0.153275,0.1341125,0.142825,0.1518125,0.14975,0.1475875
938,0.139825,0.1400375,0.151975,0.1492125,0.14865,0.144075,0.1500875,0.14925,0.140925
939,0.141275,0.1537,0.1612125,0.1340625,0.14765,0.14435,0.1326875,0.15405,0.15228750000000002
940,0.1464875,0.142525,0.146,0.136325,0.138975,0.1407125,0.1468125,0.14475,0.14475000000000002
941,0.1334625,0.136075,0.143125,0.1548375,0.148225,0.139025,0.1434625,0.145275,0.1461625
942,0.1301125,0.1427,0.148975,0.1369625,0.1488375,0.14795,0.1541375,0.143275,0.142175
943,0.15045,0.146325,0.1425625,0.135375,0.1422375,0.145775,0.313275,0.1441125,0.14878750000000002
944,0.161075,0.1381125,0.1450375,0.1476,0.1436875,0.1447375,0.1480625,0.1491625,0.1510125
945,0.15455,0.15915,0.1417125,0.1547,0.1517375,0.1444375,0.146925,0.1487375,0.14476250000000002
946,0.13055,0.1418375,0.1515,0.1394,0.1484,0.147875,0.151625,0.1394125,0.14601250000000002
947,0.1377125,0.1429,0.1419875,0.140725,0.1430625,0.149825,0.149775,0.150175,0.147925
948,0.140375,0.137,0.143375,0.1347,0.14055,0.14665,0.1399125,0.1477625,0.1495
949,0.1417125,0.1484625,0.1410875,0.155725,0.1352125,0.16175,0.1402625,0.1534,0.144325
950,0.14445,0.1454625,0.162,0.160675,0.1483,0.1460875,0.2107,0.1483,0.1458625
951,0.1519,0.133575,0.1421875,0.147575,0.1401125,0.14755,0.14995,0.144675,0.14447500000000002
952,0.134,0.13955,0.14485,0.1324875,0.1546,0.1439,0.1415875,0.15125,0.1447125
953,0.1335,0.1429,0.152275,0.1410125,0.1515125,0.150975,0.1534,0.14935,0.1557375
954,0.14415,0.1438,0.1378875,0.1578125,0.143725,0.14585,0.1514625,0.1419375,0.141325
955,0.1439,0.1422125,0.2828125,0.1392375,0.1458125,0.145175,0.14385,0.1522375,0.14526250000000002
956,0.14455,0.1419375,0.14665,0.1727375,0.1397,0.14845,0.1381,0.1517625,0.14878750000000002
957,0.146825,0.1509375,0.1437125,0.1420375,0.1397875,0.1464875,0.2162375,0.1482625,0.1506875
958,0.136975,0.1426375,0.14055,0.1659125,0.15365,0.1491875,0.137025,0.145325,0.1421375
959,0.1313125,0.1426375,0.1474125,0.144425,0.1488625,0.1469125,0.1377375,0.153925,0.1507625
960,0.146075,0.148475,0.142225,0.1393375,0.1505625,0.1481125,0.141075,0.1584125,0.151475
961,0.14375,0.14355,0.1579375,0.1536,0.14505,0.14795,0.155625,0.1506,0.1494625
962,0.16675,0.1578625,0.152825,0.149675,0.137475,0.1579875,0.1488125,0.14635,0.1462
963,0.14325,0.1460125,0.1420875,0.13135,0.137225,0.1452125,0.1456,0.14555,0.1473875
964,0.157525,0.144225,0.1642,0.1433625,0.1423375,0.1442625,0.1453625,0.1502,0.14777500000000002
965,0.1295375,0.143325,0.1478125,0.1506125,0.1455875,0.1463875,0.1348375,0.1509625,0.14901250000000002
966,0.1427875,0.1527375,0.1406625,0.1395625,0.1453875,0.1492,0.144325,0.1567375,0.1464375
967,0.14165,0.1389,0.1478625,0.147575,0.15615,0.1425875,0.1459625,0.1389,0.1499625
968,0.145575,0.1554375,0.1454625,0.1364625,0.1469,0.146,0.1385375,0.147525,0.15135
969,0.154875,0.139575,0.143525,0.156875,0.1292375,0.208875,0.1433,0.1538,0.1435375
970,0.142725,0.15095,0.1495875,0.132625,0.14205,0.1450125,0.1457875,0.1383875,0.14422500000000002
971,0.14355,0.1522875,0.1423125,0.139625,0.14915,0.1691,0.1374375,0.151775,0.14448750000000002
972,0.1361625,0.140125,0.146675,0.1586375,0.1513875,0.147,0.1678125,0.146175,0.1505125
973,0.13325,0.1450375,0.1446,0.1703,0.137325,0.145,0.1549,0.152025,0.14627500000000002
974,0.134525,0.1477,0.1495875,0.285525,0.1256375,0.1448875,0.133775,0.1523125,0.1466
975,0.1402375,0.16315,0.154525,0.1467,0.143625,0.15035,0.139575,0.1574625,0.1504
976,0.1398,0.1440875,0.144625,0.14205,0.1448125,0.13995,0.1378125,0.1583125,0.1452125
977,0.1356375,0.144025,0.14425,0.12635,0.132075,0.1573125,0.1574,0.1424625,0.1465875
978,0.1469375,0.1593375,0.140125,0.155125,0.1404375,0.1434,0.179275,0.1521,0.1456375
979,0.1326625,0.142725,0.1384375,0.1483,0.1424875,0.1483375,0.1436625,0.1490625,0.1474625
980,0.1362625,0.1363,0.141575,0.14425,0.1432375,0.1441,0.1365875,0.1427125,0.14625000000000002
981,0.132725,0.1406875,0.148025,0.15075,0.1523,0.153525,0.1342375,0.1508625,0.15015
982,0.14915,0.1485875,0.1441125,0.15375,0.143625,0.148725,0.1526125,0.1462,0.1436125
983,0.130625,0.14915,0.1439125,0.1465375,0.1455875,0.145175,0.152825,0.1477,0.147825
984,0.1459125,0.1341125,0.1370875,0.1426,0.1427,0.1444625,0.1597625,0.1442,0.1489
985,0.138925,0.1447875,0.145925,0.1426125,0.1362125,0.148075,0.1665625,0.1442375,0.14351250000000002
986,0.130575,0.1459875,0.1467875,0.141675,0.1545125,0.1448875,0.13195,0.147375,0.1465875
987,0.1409875,0.1537,0.1476875,0.1903375,0.1416,0.1493375,0.146025,0.1487125,0.1512625
988,0.141525,0.1465875,0.15565,0.1468,0.15165,0.1423,0.14575,0.151575,0.1477
989,0.141775,0.1423375,0.1765375,0.1432125,0.1402,0.1447375,0.14055,0.1488875,0.1471625
990,0.1320375,0.14875,0.13965,0.13605,0.1509375,0.144525,0.1460375,0.144975,0.14673750000000002
991,0.1482125,0.143775,0.14555,0.1429875,0.139925,0.142825,0.156575,0.1518125,0.150975
992,0.1582375,0.140925,0.141825,0.168375,0.155325,0.1471125,0.15485,0.15205,0.1445375
993,0.182125,0.1499,0.141525,0.1364,0.142875,0.1392375,0.1422875,0.141075,0.147375
994,0.141325,0.1451125,0.1431875,0.139525,0.141625,0.1495375,0.15555,0.1489625,0.149
995,0.146625,0.1407375,0.156175,0.1413625,0.1590375,0.1424375,0.1484,0.1538125,0.14785
996,0.1440375,0.145575,0.14575,0.1349125,0.1423625,0.1458375,0.1417375,0.1433375,0.1458625
997,0.1444125,0.1446375,0.1418875,0.1644625,0.14285,0.1502875,0.140725,0.1509125,0.1477
998,0.152375,0.14005,0.147775,0.1500625,0.152,0.1439375,0.1452875,0.1526,0.1474
999,0.13935,0.1300625,0.146025,0.1385375,0.142275,0.1618625,0.13765,0.1498,0.148725
1000,0.1448,0.1574625,0.14355,0.1366375,0.1431375,0.1474375,0.1441125,0.14525,0.1502375
1001,0.1335625,0.1475,0.1423875,0.1431,0.1418,0.1538,0.1542,0.1418375,0.14415
1002,0.141025,0.1443,0.1496375,0.146225,0.141875,0.1390375,0.14155,0.1420125,0.155
1003,0.128825,0.1549375,0.1497375,0.14115,0.146875,0.1539875,0.1539375,0.144925,0.1497125
1004,0.1719625,0.14365,0.142325,0.1353125,0.1491,0.14105,0.1443125,0.15015,0.14805000000000001
1005,0.1466,0.1443,0.1362,0.15555,0.1514125,0.1516875,0.13615,0.157225,0.15215
1006,0.140725,0.1414125,0.146975,0.16355,0.1447375,0.1509875,0.1381,0.1377,0.1444125
1007,0.1434125,0.1463125,0.1410375,0.136625,0.1475625,0.1541375,0.1463625,0.14485,0.1440375
1008,0.1505625,0.1477625,0.1422,0.1603125,0.14855,0.1353375,0.1552875,0.14355,0.1496875
1009,0.153925,0.1410625,0.1467,0.148025,0.1541625,0.1439125,0.1337375,0.1514625,0.153925
1010,0.1264875,0.1469875,0.1547875,0.1573,0.1412125,0.1494875,0.146025,0.1446875,0.142925
1011,0.150475,0.1419875,0.145475,0.1468375,0.146325,0.14535,0.1460125,0.1395625,0.14945
1012,0.1526875,0.1368875,0.141275,0.6696125,0.1364125,0.1394875,0.1403875,0.142575,0.1502
1013,0.1488625,0.135075,0.1441375,0.14815,0.1445125,0.1575,0.1386875,0.1479125,0.145075
1014,0.1525875,0.217225,0.1500375,0.141625,0.14865,0.148175,0.1581125,0.1483125,0.14725000000000002
1015,0.2630375,0.1465625,0.1439625,0.146575,0.1435,0.147275,0.3110625,0.15105,0.14401250000000002
1016,0.1386375,0.15875,0.1487375,0.1543,0.150175,0.142925,0.1437,0.1356625,0.147175
1017,0.141475,0.1464,0.134425,0.150875,0.1501625,0.1430125,0.1368625,0.1483375,0.1519625
1018,0.1450375,0.151075,0.144575,0.126275,0.150725,0.1417125,0.1350375,0.1413625,0.1468125
1019,0.1720625,0.1514375,0.1558375,0.1384625,0.14415,0.1519875,0.14495,0.1403625,0.1507375
1020,0.13205,0.1384875,0.1468625,0.152375,0.1410625,0.142475,0.1451875,0.1387875,0.1465625
1021,0.158525,0.1395,0.150825,0.13375,0.144475,0.15055,0.1675875,0.1389375,0.1488625
1022,0.1461,0.141475,0.1401625,0.1367625,0.1365875,0.1427625,0.1326875,0.1544,0.1473125
1023,0.1317125,0.1535,0.1453875,0.158625,0.226275,0.14305,0.1426,0.1479125,0.14727500000000002
1024,0.1679625,0.1433,0.1471,0.1475,0.1451875,0.148925,0.1491375,0.16295,0.153725
1025,0.1452375,0.147675,0.1462875,0.1558375,0.1468625,0.14475,0.1333875,0.1441375,0.1547375
1026,0.150375,0.1433125,0.139975,0.150025,0.1494625,0.1432125,0.1543125,0.1419625,0.14635
1027,0.1387625,0.1455375,0.1489875,0.1528,0.1401375,0.142725,0.148175,0.1442,0.151725
1028,0.132275,0.13905,0.1452625,0.152275,0.1302875,0.1420625,0.1318625,0.14445,0.1531375
1029,0.1346125,0.151325,0.1414625,0.1731125,0.145525,0.1498125,0.1418625,0.16525,0.14956250000000001
1030,0.1757875,0.1487375,0.146775,0.1457125,0.151725,0.153625,0.1388,0.1514625,0.1466
1031,0.144425,0.14295,0.1528,0.1274,0.14965,0.1480625,0.1322875,0.1369625,0.14700000000000002
1032,0.1474125,0.139925,0.1465875,0.1409375,0.14185,0.140775,0.1511875,0.147725,0.151375
1033,0.1433875,0.143075,0.1537,0.139475,0.1417125,0.150975,0.150775,0.145525,0.1482
1034,0.1361375,0.16575,0.14305,0.1357875,0.1562,0.142175,0.1407,0.1416875,0.1456375
1035,0.1446625,0.142475,0.1471875,0.1571,0.1531125,0.1420875,0.1464625,0.1502125,0.14500000000000002
1036,0.1461,0.145375,0.1417125,0.147375,0.1719,0.1533,0.15295,0.140525,0.1529125
1037,0.1404875,0.1442125,0.146325,0.13105,0.1493875,0.146725,0.1398875,0.1542875,0.15006250000000002
1038,0.1369125,0.1468,0.2022375,0.14255,0.1408125,0.1435875,0.141325,0.1696,0.14728750000000002
1039,0.181825,0.1499,0.146825,0.1613625,0.1525625,0.1430125,0.1495375,0.1415125,0.1511875
1040,0.1257125,0.145375,0.141825,0.1528625,0.1483,0.1501375,0.15205,0.14585,0.143125
1041,0.1360625,0.1506,0.1463375,0.1326875,0.1467875,0.1454125,0.1392,0.1465625,0.1454375
1042,0.1405625,0.1403125,0.143,0.1594875,0.1421875,0.14425,0.153125,0.1444875,0.1501375
1043,0.1419625,0.1507375,0.1491375,0.1389875,0.1365,0.157,0.1443625,0.143575,0.148875
1044,0.1444375,0.136475,0.1405625,0.155725,0.1421,0.1480375,0.1437875,0.1402625,0.14795
1045,0.141525,0.173175,0.14995,0.1343,0.1469625,0.1466875,0.1482125,0.1497375,0.15208750000000001
1046,0.45955,0.1556875,0.1426875,0.1702875,0.15245,0.1411875,0.1450125,0.145075,0.149975
1047,0.153425,0.146175,0.14245,0.1516375,0.1601875,0.14035,0.1413625,0.1577875,0.15486250000000001
1048,0.1550625,0.14715,0.1260625,0.159225,0.140575,0.1430875,0.1574375,0.1431375,0.1539
1049,0.1519625,0.1414625,0.1415625,0.140675,0.1397125,0.1443125,0.1388625,0.1409875,0.151375
1050,0.130225,0.1417625,0.1538375,0.134675,0.14895,0.1424,0.1479625,0.1484875,0.146225
1051,0.15335,0.135325,0.1433125,0.13875,0.1526375,0.1457375,0.1416625,0.1551375,0.1495
1052,0.1338625,0.1354625,0.1452875,0.1696625,0.1296875,0.147575,0.1329625,0.1485,0.14472500000000002
1053,0.1389,0.1465375,0.1389875,0.1397375,0.1530375,0.1459125,0.1589625,0.138625,0.1442875
1054,0.143075,0.1437875,0.14315,0.14285,0.1612125,0.142625,0.145625,0.142325,0.14627500000000002
1055,0.1285875,0.14565,0.1369625,0.141025,0.141375,0.148225,0.1451875,0.1367625,0.14297500000000002
1056,0.147475,0.1405125,0.1371375,0.1435125,0.14205,0.1568625,0.1476125,0.1403375,0.15295
1057,0.141325,0.145425,0.15,0.1469875,0.1433125,0.1504125,0.135525,0.14785,0.15203750000000002
1058,0.145825,0.137425,0.1405125,0.1494625,0.1598375,0.1480875,0.1492125,0.146225,0.146975
1059,0.142075,0.1760375,0.1524125,0.1275125,0.1563625,0.1491375,0.1512625,0.1475125,0.1461125
1060,0.143,0.141625,0.1453625,0.1558375,0.1565375,0.1431625,0.1441,0.145025,0.1461875
1061,0.1366,0.1558875,0.1425375,0.142325,0.145825,0.1490125,0.152075,0.151525,0.14750000000000002
1062,0.165675,0.1439875,0.15145,0.1400125,0.154525,0.14705,0.1421,0.151575,0.1452875
1063,0.160475,0.1458875,0.14715,0.1673,0.1424,0.14285,0.14245,0.1505625,0.1540375
1064,0.1589625,0.1461625,0.144,0.150575,0.14925,0.23735,0.1380375,0.1399875,0.14915
1065,0.1380125,0.1421375,0.1432625,0.1545875,0.1415375,0.1459,0.1500375,0.145525,0.1495875
1066,0.1813875,0.1451375,0.14255,0.1663125,0.1433125,0.1468125,0.1822625,0.15435,0.14715
1067,0.1542,0.149025,0.13935,0.1464875,0.1476125,0.1406125,0.1567625,0.1415,0.1474
1068,0.1300375,0.142075,0.14365,0.141775,0.14315,0.149275,0.1554125,0.144275,0.14903750000000002
1069,0.15145,0.1408625,0.1543,0.1267,0.140425,0.142525,0.1433375,0.1514375,0.1504
1070,0.160175,0.146975,0.15305,0.1463,0.139375,0.1438625,0.1472375,0.139175,0.14802500000000002
1071,0.1303125,0.142575,0.145975,0.14825,0.1399,0.148325,0.1417875,0.1472,0.14725000000000002
1072,0.152025,0.1769625,0.142275,0.1415875,0.1386125,0.1458125,0.166725,0.15515,0.141625
1073,0.1421875,0.1431875,0.1437625,0.128325,0.1419625,0.1401375,0.1802375,0.1447625,0.14865
1074,0.13585,0.1408125,0.1440125,0.142125,0.142425,0.142275,0.1407875,0.1438125,0.14573750000000002
1075,0.1412625,0.1186875,0.141725,0.144625,0.1542,0.1435375,0.147575,0.1458625,0.147925
1076,0.1370125,0.1466,0.1462625,0.1636375,0.14935,0.13685,0.149675,0.1440125,0.14795
1077,0.1466125,0.147575,0.154425,0.1336625,0.1488625,0.14065,0.1408,0.1518625,0.14485
1078,0.1389375,0.1395,0.1455125,0.1384,0.147875,0.144175,0.1368625,0.1529,0.1548875
1079,0.1393625,0.1420375,0.1477625,0.1347875,0.166825,0.1441125,0.1347875,0.1517125,0.145075
1080,0.157775,0.1479875,0.1434,0.1713375,0.1561125,0.1440375,0.1853,0.1410125,0.14928750000000002
1081,0.1392625,0.14705,0.141675,0.1398875,0.1428125,0.151175,0.1393625,0.1588125,0.1457125
1082,0.135825,0.14635,0.140975,0.1427625,0.1460375,0.1479,0.1349375,0.1383625,0.1495875
1083,0.150625,0.1553375,0.1413,0.1247875,0.14585,0.1476625,0.13535,0.14865,0.1406375
1084,0.14815,0.14085,0.1500125,0.1438625,0.1379125,0.1575625,0.2082875,0.1449,0.15132500000000002
1085,0.144025,0.14075,0.15845,0.136425,0.135475,0.16365,0.1379875,0.1466875,0.149425
1086,0.167975,0.140725,0.1454125,0.133675,0.1491875,0.1442875,0.1495875,0.1426375,0.14071250000000002
1087,0.223875,0.1430125,0.1443,0.1441375,0.138,0.1473125,0.1485625,0.147,0.1446
1088,0.1373,0.14685,0.15675,0.1331,0.14815,0.14995,0.1459625,0.1463125,0.1458875
1089,0.153025,0.1531625,0.14275,0.149875,0.1355875,0.137475,0.15075,0.140175,0.1494
1090,0.1509,0.1483875,0.1457,0.15005,0.140625,0.149975,0.1490375,0.1411,0.1458125
1091,0.14345,0.140825,0.147525,0.1473,0.139375,0.1494875,0.1377625,0.14635,0.1497375
1092,0.133875,0.1396625,0.1469125,0.1307,0.1457875,0.146725,0.1423375,0.142725,0.14677500000000002
1093,0.14475,0.1448625,0.1425125,0.141425,0.1413125,0.1491625,0.152675,0.145325,0.1426625
1094,0.14835,0.1414125,0.1437875,0.14305,0.1536875,0.1531625,0.148975,0.1359625,0.1461625
1095,0.15395,0.1435375,0.151525,0.1491125,0.156825,0.148175,0.1432,0.1457625,0.14577500000000002
1096,0.131875,0.1390375,0.143225,0.1447875,0.1451125,0.1456625,0.1490375,0.14355,0.150225
1097,0.118125,0.136775,0.1414875,0.1315125,0.1386875,0.1451625,0.151125,0.144425,0.14505
1098,0.1632375,0.14095,0.1450625,0.133475,0.1417375,0.1423125,0.1458625,0.157025,0.1494125
1099,0.14465,0.1466875,0.150275,0.1431875,0.147425,0.1407375,0.1424375,0.1528375,0.151
1100,0.1443375,0.14025,0.1523,0.1358,0.1510375,0.144725,0.1500375,0.14825,0.149125
1101,0.173575,0.13815,0.1415,0.1391,0.1161875,0.1451375,0.1415,0.1501375,0.1529125
1102,0.1432125,0.14015,0.1534125,0.1496125,0.139275,0.150525,0.1581375,0.1434625,0.151425
1103,0.143675,0.1440375,0.14645,0.1377375,0.140925,0.1475375,0.143525,0.148275,0.1423
1104,0.146225,0.1463,0.1594125,0.1483375,0.139775,0.1447,0.1488125,0.146375,0.15026250000000002
1105,0.144525,0.1414875,0.1511125,0.1480875,0.1353875,0.1509125,0.1608125,0.14795,0.1506125
1106,0.1444125,0.1451125,0.14035,0.14375,0.139925,0.1457375,0.1321375,0.1482375,0.153175
1107,0.148625,0.153925,0.23435,0.1511625,0.151925,0.151075,0.1611875,0.1496875,0.14701250000000002
1108,0.1474875,0.146175,0.14865,0.1445,0.1451375,0.1437875,0.1341625,0.1552,0.150225
1109,0.1761375,0.1453625,0.1514125,0.1407625,0.145725,0.140225,0.1375625,0.15055,0.1513875
1110,0.1592,0.1401,0.1466375,0.1478,0.1382625,0.150275,0.1625875,0.1427125,0.1451
1111,0.1443875,0.1473875,0.144375,0.173825,0.1469625,0.148525,0.1349875,0.146725,0.1481375
1112,0.1345125,0.1308,0.149,0.138375,0.151525,0.1458375,0.1447,0.149925,0.14635
1113,0.13435,0.1561125,0.142975,0.143525,0.1398875,0.1415,0.1350625,0.1463375,0.15233750000000001
1114,0.1417625,0.154025,0.1677125,0.14455,0.1543,0.1482875,0.134525,0.1461125,0.1466125
1115,0.1450625,0.14055,0.1502375,0.1371875,0.1419,0.143575,0.1514125,0.1492125,0.15106250000000002
1116,0.146475,0.1407375,0.1396375,0.1616375,0.1459,0.1439625,0.1488625,0.14365,0.1449625
1117,0.133225,0.1397875,0.1436375,0.1371,0.166325,0.14685,0.1004875,0.15135,0.1477125
1118,0.1299125,0.1426875,0.144325,0.1402625,0.158675,0.1469125,0.161725,0.1385625,0.1496625
1119,0.1646,0.143625,0.1392875,0.13365,0.143625,0.14025,0.1461875,0.144625,0.1488875
1120,0.1611,0.1438875,0.1429375,0.1349875,0.15245,0.14075,0.1435,0.1457125,0.146575
1121,0.1374375,0.138225,0.1494625,0.1321625,0.1362875,0.142875,0.1298625,0.1474875,0.15003750000000002
1122,0.12955,0.1546375,0.1424375,0.14245,0.1675,0.1701,0.14405,0.14735,0.1498375
1123,0.1371125,0.1495125,0.1503875,0.1467375,0.143475,0.1489125,0.14775,0.1614875,0.1454625
1124,0.1435875,0.15385,0.14865,0.1368375,0.14475,0.1469375,0.1781875,0.146625,0.150175
1125,0.1345,0.1406625,0.1498375,0.13105,0.1465875,0.1411625,0.1443375,0.155925,0.1505125
1126,0.1506875,0.1526875,0.1443125,0.135625,0.1432375,0.1627875,0.14465,0.1576875,0.15132500000000002
1127,0.15475,0.1629625,0.1530875,0.1487625,0.1487125,0.1528625,0.1333875,0.1429375,0.14825000000000002
1128,0.1348875,0.1451375,0.1510875,0.144025,0.1366,0.1420375,0.1423,0.14535,0.14701250000000002
1129,0.1831375,0.1358,0.1424625,0.1470375,0.146275,0.1548375,0.146,0.1596875,0.14677500000000002
1130,0.1512,0.141125,0.1521,0.1393125,0.152625,0.1434875,0.132425,0.1425,0.1504125
1131,0.1386375,0.14615,0.1478375,0.1496125,0.14785,0.1448,0.13325,0.1506375,0.1539625
1132,0.1469375,0.1397625,0.1374,0.1381625,0.1465375,0.1423125,0.1497125,0.1391625,0.1465875
1133,0.148175,0.1432625,0.1456,0.1414375,0.1427125,0.1404,0.1410375,0.1539375,0.147875
1134,0.147975,0.1443125,0.1507875,0.14195,0.14895,0.1511,0.1865125,0.1490625,0.1508625
1135,0.157425,0.154125,0.146775,0.1516875,0.1385375,0.1474875,0.140425,0.1444625,0.1489
1136,0.1428375,0.1424875,0.1444,0.1342875,0.1590875,0.1438875,0.149325,0.14535,0.1524625
1137,0.1321625,0.1402875,0.146175,0.142875,0.1516375,0.1468,0.15115,0.1448125,0.143925
1138,0.1487,0.150325,0.154275,0.1378375,0.1418,0.1425875,0.144075,0.1447875,0.1516125
1139,0.1320375,0.1524875,0.148975,0.1361875,0.14305,0.1418,0.137475,0.156225,0.14726250000000002
1140,0.155725,0.1437375,0.1473875,0.1423125,0.154775,0.1397875,0.1292,0.1482125,0.1500875
1141,0.138675,0.1472,0.1480375,0.1596375,0.144775,0.1457375,0.13845,0.1444375,0.149125
1142,0.1390875,0.1527875,0.14335,0.156875,0.1426,0.143825,0.158225,0.1520875,0.145375
1143,0.14065,0.1444625,0.1497375,0.144775,0.1447,0.1411375,0.1404,0.179275,0.14700000000000002
1144,0.153375,0.197275,0.146275,0.1527625,0.1371375,0.1529125,0.1454,0.1453875,0.15005000000000002
1145,0.148875,0.142175,0.1651,0.1487625,0.1458375,0.1442875,0.1492875,0.1379375,0.1474875
1146,0.15425,0.1556,0.1498625,0.1765875,0.1652375,0.1475625,0.2099625,0.150525,0.1503875
1147,0.12,0.1454875,0.151275,0.1432375,0.1484875,0.1510625,0.1384625,0.1547125,0.14565
1148,0.12845,0.1416125,0.156975,0.1432,0.14865,0.1440625,0.134525,0.1501125,0.14780000000000001
1149,0.1405375,0.1438,0.1488,0.2011875,0.143,0.1434,0.1532625,0.15405,0.15282500000000002
1150,0.1523875,0.149925,0.145775,0.135075,0.148675,0.1518875,0.1428875,0.147675,0.1481625
1151,0.1437875,0.1845625,0.1446,0.1892625,0.1460125,0.150425,0.1522625,0.1446125,0.1473375
1152,0.147925,0.1440625,0.1445375,0.171025,0.1458875,0.144125,0.1473375,0.13935,0.1489375
1153,0.1685875,0.144625,0.155625,0.1445,0.14825,0.1755625,0.1351375,0.152375,0.147325
1154,0.1363875,0.14175,0.151675,0.1417875,0.1424375,0.1525875,0.1459375,0.1616875,0.14856250000000001
1155,0.140825,0.162925,0.1420375,0.13605,0.1403375,0.153075,0.1473,0.14405,0.1426875
1156,0.1427375,0.1440875,0.14875,0.147925,0.1847375,0.1454125,0.140375,0.1520125,0.14865
1157,0.131125,0.1516125,0.151925,0.138725,0.14255,0.145825,0.154575,0.13815,0.1424125
1158,0.148525,0.1503,0.145025,0.1456125,0.141125,0.15675,0.1436625,0.13975,0.149825
1159,0.1763125,0.1356,0.1438875,0.156525,0.1505125,0.141,0.1421625,0.1464375,0.1496125
1160,0.148525,0.15175,0.147425,0.1409875,0.1409875,0.139975,0.1405375,0.1543625,0.1451875
1161,0.1442625,0.1501875,0.1411125,0.1429875,0.1421375,0.1433875,0.13225,0.1492625,0.1496375
1162,0.153525,0.1540375,0.1458875,0.157025,0.1426,0.1454125,0.1463125,0.18215,0.1460875
1163,0.140875,0.14075,0.144475,0.1373625,0.1701375,0.1500375,0.1544375,0.1407,0.14827500000000002
1164,0.1411625,0.161525,0.1429625,0.1292375,0.1451375,0.14495,0.137625,0.14635,0.14930000000000002
1165,0.15415,0.1600625,0.143925,0.1401875,0.1501875,0.145925,0.142775,0.14885,0.14715
1166,0.15135,0.143975,0.1487875,0.1708625,0.1448375,0.14505,0.1393875,0.1581125,0.1433
1167,0.1385125,0.169475,0.1448625,0.1294,0.1524125,0.14675,0.1643875,0.1461875,0.15
1168,0.140075,0.1531375,0.1515,0.16315,0.1413875,0.15655,0.1415625,0.13995,0.14676250000000002
1169,0.1418625,0.1484125,0.14325,0.134775,0.148725,0.1417875,0.1474375,0.1438,0.1448875
1170,0.13445,0.1473625,0.1516375,0.13325,0.1452625,0.141,0.12995,0.141875,0.149125
1171,0.138825,0.1464375,0.148175,0.228775,0.1610125,0.1471,0.1371625,0.1455125,0.1456875
1172,0.1388875,0.1482,0.1402125,0.16045,0.167,0.1435875,0.13825,0.1513375,0.1499375
1173,0.132875,0.142625,0.145425,0.1516125,0.1402,0.1542875,0.145275,0.153325,0.1511625
1174,0.1416125,0.1373375,0.1501375,0.1445125,0.1421125,0.1443625,0.143525,0.1539875,0.14626250000000002
1175,0.1520375,0.280875,0.1508,0.1380625,0.138,0.168925,0.1490875,0.1440875,0.1535
1176,0.1362375,0.1391375,0.18345,0.1382875,0.138375,0.156725,0.1487875,0.1439375,0.144925
1177,0.159425,0.1395625,0.1435625,0.1372875,0.146075,0.1475375,0.1323875,0.1462125,0.142625
1178,0.1544625,0.1390125,0.146725,0.14305,0.131025,0.143925,0.1487625,0.145425,0.1466875
1179,0.139625,0.139575,0.1479375,0.1321,0.1423625,0.140875,0.140825,0.146325,0.14373750000000002
1180,0.1358,0.1438375,0.1527125,0.1538125,0.1543,0.154725,0.1701375,0.146375,0.14323750000000002
1181,0.148275,0.1465125,0.14025,0.1404875,0.137275,0.1501125,0.14285,0.15165,0.1543625
1182,0.1422,0.1407875,0.152175,0.1454,0.151625,0.1386875,0.1571125,0.1483125,0.14215
1183,0.1284875,0.1426125,0.1427625,0.1380875,0.168925,0.1442,0.147275,0.15495,0.1468875
1184,0.131225,0.1429125,0.1422125,0.143075,0.1435125,0.1547375,0.1577125,0.1436625,0.1532
1185,0.1397875,0.148725,0.14365,0.1381875,0.1477625,0.1509,0.19455,0.1459375,0.14451250000000002
1186,0.1538,0.1638125,0.150625,0.1478875,0.1527625,0.14395,0.13005,0.1446875,0.1507625
1187,0.1246375,0.13865,0.147825,0.1503125,0.1639375,0.1481125,0.1477875,0.14995,0.1501625
1188,0.132825,0.1414,0.1445,0.1580625,0.1508625,0.1474875,0.133975,0.1403125,0.148325
1189,0.1388375,0.1459,0.18075,0.14825,0.13885,0.1492125,0.150825,0.155075,0.14455
1190,0.171,0.1512625,0.1495625,0.1438875,0.136875,0.1387625,0.1577625,0.146425,0.1489375
1191,0.1431125,0.1510375,0.1528875,0.1327375,0.14945,0.1493375,0.151125,0.1434,0.14321250000000002
1192,0.137725,0.1592375,0.1392125,0.1275,0.142775,0.1425125,0.1662875,0.142525,0.1417875
1193,0.1415875,0.1577625,0.150175,0.1405875,0.1410375,0.1473875,0.1444125,0.1440125,0.1440625
1194,0.124375,0.2207125,0.1535625,0.1443875,0.1409125,0.14785,0.1514125,0.1471,0.148225
1195,0.145075,0.1411,0.14405,0.1378125,0.15305,0.1412,0.139775,0.1527875,0.1458
1196,0.13655,0.160325,0.146975,0.14035,0.1450125,0.1477,0.1415,0.1495875,0.1478125
1197,0.15725,0.1560375,0.1489,0.1399125,0.142525,0.1492125,0.140425,0.14345,0.1463
1198,0.138275,0.1463375,0.1422875,0.1386125,0.1398375,0.1405,0.14395,0.1458625,0.142675
1199,0.1332,0.147325,0.149525,0.1420875,0.1399125,0.1490875,0.136875,0.142475,0.153725
1200,0.137275,0.1479375,0.148025,0.1488125,0.148325,0.1452125,0.1389375,0.1366,0.142875
1201,0.141475,0.14145,0.1472375,0.1364625,0.151875,0.148275,0.1434875,0.1398875,0.14148750000000002
1202,0.1415875,0.146125,0.145075,0.1411375,0.15085,0.150875,0.151475,0.14815,0.1531125
1203,0.1533625,0.14245,0.1549625,0.127525,0.141025,0.1414875,0.144425,0.14635,0.1423
1204,0.1292375,0.210025,0.1443625,0.1389875,0.1397,0.1508375,0.1379375,0.1518625,0.14753750000000002
1205,0.1472375,0.145425,0.1522,0.1367375,0.136375,0.145625,0.143575,0.135375,0.1491875
1206,0.14935,0.142825,0.1406625,0.138325,0.1413,0.144325,0.1493625,0.1430125,0.14500000000000002
1207,0.1586,0.148375,0.143075,0.1505125,0.160575,0.1500875,0.1546875,0.1462,0.148225
1208,0.21525,0.1401,0.14505,0.130275,0.153175,0.1375375,0.1456625,0.1396375,0.141375
1209,0.1438625,0.1542375,0.146325,0.137625,0.1488625,0.144975,0.1395,0.1537875,0.1400875
1210,0.143075,0.1424125,0.1479125,0.1549625,0.1376875,0.148725,0.14175,0.148025,0.14735
1211,0.1381375,0.142,0.1429875,0.1533875,0.1410125,0.15975,0.1370375,0.1505125,0.1496875
1212,0.164025,0.1493125,0.1376125,0.1472625,0.149625,0.14405,0.1469375,0.13955,0.1444375
1213,0.1358375,0.149375,0.14455,0.1521875,0.162075,0.1411375,0.1341625,0.1411875,0.14651250000000002
1214,0.1679375,0.1428125,0.1389,0.14785,0.1550375,0.13925,0.1565625,0.141775,0.142025
1215,0.1482625,0.1602375,0.1425875,0.1351875,0.1429,0.1497875,0.2623875,0.14955,0.142875
1216,0.1399625,0.1454625,0.156025,0.140575,0.1433125,0.147,0.142475,0.14745,0.1420625
1217,0.1468625,0.1379625,0.1505875,0.16295,0.1397625,0.1437375,0.1417875,0.1443875,0.148875
1218,0.14675,0.111225,0.1435125,0.1617375,0.146375,0.1431625,0.1532,0.183525,0.1443875
1219,0.1422875,0.1398625,0.14395,0.1462375,0.1606625,0.139175,0.1396875,0.154125,0.1471375
1220,0.1513,0.1461875,0.1448875,0.136025,0.2072,0.1431,0.1314,0.144725,0.14623750000000002
1221,0.141475,0.1837625,0.1456875,0.1385,0.14615,0.146375,0.1384875,0.1498375,0.146825
1222,0.14785,0.1472625,0.1483625,0.1452875,0.1341125,0.1422,0.148725,0.1424,0.14555
1223,0.11295,0.1482625,0.1486625,0.135375,0.1523125,0.141375,0.2319625,0.14805,0.145125
1224,0.1852125,0.1458375,0.1493375,0.1443375,0.1456125,0.1480875,0.1445375,0.15445,0.14880000000000002
1225,0.1500375,0.1409875,0.1460625,0.1555125,0.1540625,0.1450125,0.153575,0.15015,0.15081250000000002
1226,0.1532375,0.145475,0.14525,0.1542375,0.14735,0.144575,0.1558875,0.145225,0.14455
1227,0.1428125,0.1419375,0.1495875,0.1458125,0.15155,0.1434875,0.1616875,0.143325,0.1488375
1228,0.1236375,0.18985,0.1423875,0.1407,0.1407125,0.1471375,0.1471125,0.141525,0.143375
1229,0.1355,0.146325,0.151525,0.1493,0.144525,0.15335,0.1352875,0.1744125,0.1501
1230,0.1328875,0.1294625,0.14725,0.1285125,0.15045,0.146425,0.1449625,0.1436,0.1518875
1231,0.14605,0.15335,0.1433625,0.158725,0.1458375,0.1480375,0.15315,0.145725,0.146975
1232,0.165475,0.1448875,0.14875,0.172025,0.13965,0.1488625,0.136025,0.1483,0.14475000000000002
1233,0.1479625,0.174425,0.147525,0.1513625,0.1438125,0.151975,0.14835,0.16295,0.14725000000000002
1234,0.141175,0.136625,0.14415,0.1546875,0.1374,0.145475,0.143575,0.140975,0.146225
1235,0.1544625,0.1448125,0.154575,0.1312,0.148425,0.143825,0.15355,0.152425,0.1440875
1236,0.15455,0.13375,0.1451875,0.1461625,0.1486125,0.1427125,0.1472125,0.1536875,0.14315
1237,0.15625,0.1343375,0.1497375,0.142275,0.158225,0.1410875,0.13805,0.1478125,0.14802500000000002
1238,0.1556625,0.162175,0.149075,0.1419875,0.1478,0.1484,0.1402,0.1442375,0.1476
1239,0.143725,0.1416375,0.1410875,0.1357625,0.1460125,0.15335,0.1507875,0.1484875,0.1507375
1240,0.1569375,0.1546375,0.1476375,0.1500875,0.1415,0.15525,0.13725,0.1473875,0.1449125
1241,0.1425375,0.1382375,0.1407875,0.1343875,0.143025,0.14705,0.1474375,0.143275,0.1478875
1242,0.136625,0.1505,0.146,0.17755,0.1358375,0.1475375,0.1494625,0.1450375,0.14977500000000002
1243,0.1574375,0.1370875,0.15145,0.1434375,0.1626875,0.1421375,0.1397125,0.148675,0.14795
1244,0.16465,0.14015,0.1467875,0.136975,0.1567625,0.14595,0.165325,0.1501,0.14745
1245,0.1548375,0.1416375,0.144125,0.13315,0.13865,0.15815,0.145925,0.141925,0.1454125
1246,0.2162625,0.159975,0.1431625,0.15475,0.1466125,0.144725,0.1501,0.137025,0.1488875
1247,0.1393,0.1484875,0.14585,0.163675,0.1478,0.144,0.13685,0.147375,0.1457125
1248,0.1467875,0.1399,0.1400375,0.1356,0.1401125,0.141025,0.1389125,0.139725,0.1494
1249,0.130975,0.1427625,0.1449625,0.145875,0.158725,0.14695,0.142925,0.18815,0.14727500000000002
1250,0.1386625,0.1503125,0.144075,0.13375,0.1479625,0.143625,0.1388125,0.14515,0.1451875
1251,0.141125,0.1395,0.1503625,0.1507,0.1438,0.149225,0.144375,0.1505375,0.1463
1252,0.1450875,0.149125,0.144475,0.1394125,0.1482875,0.1492875,0.1438125,0.14785,0.14965
1253,0.1430125,0.1388125,0.144175,0.13835,0.1456125,0.1373,0.1532875,0.1429625,0.1443
1254,0.1373875,0.135975,0.1520125,0.138325,0.138875,0.147325,0.1486125,0.1452875,0.15385000000000001
1255,0.153875,0.1548375,0.1497875,0.14185,0.151075,0.143125,0.1572875,0.1595625,0.147675
1256,0.1341625,0.15185,0.1456875,0.268925,0.148125,0.1431375,0.14225,0.14675,0.142425
1257,0.1435125,0.1406125,0.14055,0.1441,0.1440125,0.160225,0.1397125,0.1600375,0.139175
1258,0.1360375,0.1412125,0.147,0.143,0.1626625,0.1410125,0.1408,0.1399375,0.1494625
1259,0.1296125,0.1441375,0.15445,0.148375,0.1409875,0.1509375,0.1337875,0.142725,0.1539625
1260,0.1408875,0.135075,0.145875,0.150425,0.145825,0.1442125,0.139375,0.1564625,0.14751250000000002
1261,0.144075,0.1467625,0.138525,0.136625,0.1412875,0.1466375,0.136725,0.140525,0.14445
1262,0.169,0.14165,0.1458375,0.1307875,0.1454,0.149775,0.1617,0.1447,0.15075
1263,0.1426,0.1500875,0.15375,0.1628,0.142975,0.1452875,0.1311375,0.148075,0.14615
1264,0.1513375,0.143725,0.14335,0.1341125,0.1427625,0.15505,0.1349125,0.150875,0.14780000000000001
1265,0.170675,0.1622875,0.144375,0.13565,0.148025,0.1432875,0.171575,0.152775,0.150875
1266,0.1458375,0.1361125,0.1425375,0.1599,0.1587375,0.14705,0.1363125,0.1472875,0.14875
1267,0.147925,0.149125,0.1428875,0.163725,0.150475,0.1444,0.1428375,0.1545625,0.1472125
1268,0.13315,0.1466625,0.142775,0.1371,0.1567625,0.1465375,0.13985,0.1431,0.1461625
1269,0.12485,0.1435625,0.1453875,0.139775,0.1530625,0.151825,0.14595,0.147275,0.143325
1270,0.1360125,0.1419375,0.1485625,0.1419,0.147625,0.14495,0.1601625,0.1449625,0.14018750000000002
1271,0.1428625,0.1432,0.13925,0.1362125,0.1436125,0.1406625,0.1508125,0.1594625,0.1502375
1272,0.1431625,0.1464625,0.143475,0.1354375,0.146925,0.1508,0.1445,0.1463,0.14877500000000002
1273,0.137925,0.137925,0.14,0.1402375,0.1434625,0.1414625,0.15055,0.1503375,0.1519
1274,0.1486,0.159325,0.1439125,0.1150625,0.144975,0.1509,0.148925,0.150475,0.1483625
1275,0.1478625,0.1382,0.1485375,0.1551625,0.1491125,0.1466375,0.155975,0.143525,0.14573750000000002
1276,0.1706375,0.147225,0.1523375,0.1592625,0.1457625,0.1473125,0.1429875,0.1426625,0.14653750000000001
1277,0.1489375,0.138075,0.1414625,0.1476875,0.1360625,0.14235,0.138675,0.1412625,0.14555
1278,0.1494625,0.1559125,0.1404125,0.1571875,0.1507,0.142675,0.1593625,0.15225,0.1485875
1279,0.172175,0.1440875,0.1434375,0.1378,0.1400625,0.147825,0.21215,0.1601125,0.14577500000000002
1280,0.139775,0.145725,0.1468625,0.140825,0.1499625,0.1478625,0.130175,0.14125,0.14626250000000002
1281,0.1381375,0.14435,0.1604125,0.1311375,0.143075,0.1501625,0.1361,0.1415,0.1473625
1282,0.142575,0.1443875,0.13155,0.1816875,0.1391625,0.140475,0.146075,0.14735,0.14200000000000002
1283,0.1454875,0.1531,0.1445125,0.1466,0.13605,0.1469625,0.1417875,0.1370375,0.1487375
1284,0.151675,0.157975,0.142525,0.126125,0.25495,0.14165,0.1534625,0.1618125,0.15095
1285,0.159625,0.1502375,0.1514875,0.1307125,0.13705,0.142375,0.1529625,0.147375,0.1506875
1286,0.1352875,0.1422,0.150725,0.1369875,0.1425625,0.1536375,0.1735625,0.15205,0.145075
1287,0.1345,0.145125,0.155625,0.1455,0.151975,0.1449125,0.1373875,0.149275,0.155175
1288,0.1459375,0.1429125,0.141375,0.1407125,0.1483625,0.14695,0.1346625,0.1442375,0.1476125
1289,0.142025,0.1477625,0.141125,0.1333875,0.14885,0.1501625,0.1331375,0.1528625,0.14595
1290,0.1861875,0.1568625,0.1439375,0.144125,0.1495375,0.1469625,0.167625,0.1622875,0.14906250000000001
1291,0.1397375,0.147175,0.1496125,0.140625,0.1477125,0.1472875,0.12445,0.145725,0.14825000000000002
1292,0.141575,0.13995,0.1525125,0.1596125,0.1430625,0.1488375,0.1520375,0.141775,0.14728750000000002
1293,0.1349125,0.1443125,0.143075,0.135025,0.1708,0.14805,0.1830375,0.1448375,0.1416125
1294,0.155925,0.1295875,0.14545,0.1349375,0.151125,0.145325,0.1311,0.1429375,0.1492375
1295,0.13455,0.1534125,0.148925,0.134825,0.141475,0.1445,0.1556875,0.1478,0.14455
1296,0.1348375,0.1383375,0.15805,0.148875,0.14155,0.1471375,0.14505,0.1482125,0.1492
1297,0.136975,0.13725,0.1488125,0.1307875,0.1465625,0.1446,0.168325,0.1405625,0.14350000000000002
1298,0.16025,0.139825,0.1502375,0.1423125,0.1431125,0.1496875,0.1361375,0.149675,0.1495
1299,0.1626125,0.1424125,0.1412875,0.1523375,0.1459625,0.1479375,0.138275,0.1428625,0.149925
1300,0.1393125,0.1403125,0.152475,0.145675,0.1459625,0.139025,0.1457875,0.157075,0.1575375
1301,0.1539375,0.1385875,0.140075,0.154325,0.1296,0.1524375,0.1451,0.1539,0.1452
1302,0.1332625,0.1418875,0.154,0.147875,0.1535,0.15785,0.14775,0.1495,0.14677500000000002
1303,0.1414875,0.13535,0.1457875,0.1350375,0.1514875,0.14895,0.143525,0.1447625,0.1468125
1304,0.1467875,0.150075,0.1487125,0.1398625,0.13835,0.1560625,0.1465,0.1530875,0.1521
1305,0.1480625,0.1422875,0.153,0.1404,0.1552625,0.1424625,0.16515,0.15025,0.1436625
1306,0.1393125,0.1491625,0.151575,0.144475,0.1487625,0.1483625,0.149525,0.151425,0.1449125
1307,0.1471125,0.144025,0.1437625,0.1373625,0.145725,0.1489,0.1357375,0.1461125,0.14248750000000002
1308,0.1460875,0.1382125,0.1569,0.1514,0.14715,0.1412125,0.1661875,0.143075,0.144575
1309,0.1383,0.14895,0.143625,0.12975,0.1478625,0.147875,0.1471125,0.1476125,0.1486125
1310,0.1255125,0.146175,0.149625,0.13905,0.1598,0.1460375,0.1342375,0.1541875,0.14627500000000002
1311,0.1408625,0.135375,0.142975,0.1436125,0.1454,0.147375,0.1486625,0.1490375,0.14603750000000001
1312,0.1353625,0.1437,0.1454375,0.1336125,0.1431125,0.1415875,0.140325,0.147525,0.1526875
1313,0.142525,0.142825,0.1494375,0.1313125,0.1506,0.1421375,0.1513875,0.149775,0.14628750000000001
1314,0.188625,0.1420875,0.148775,0.1476875,0.1456875,0.149225,0.1340375,0.153775,0.14215
1315,0.154025,0.143275,0.1500375,0.1362875,0.14595,0.1449,0.1292,0.144725,0.1415625
1316,0.1679375,0.142325,0.147375,0.1402875,0.1465375,0.1441875,0.1382375,0.135575,0.15480000000000002
1317,0.1424375,0.13455,0.1535625,0.1860125,0.135,0.1405875,0.15045,0.1467875,0.144825
1318,0.148925,0.1398375,0.1417875,0.1511875,0.136375,0.1454625,0.1412375,0.1533875,0.145175
1319,0.1482375,0.16185,0.147,0.146075,0.1473125,0.145425,0.14085,0.146975,0.1472125
1320,0.17155,0.135875,0.1412,0.1461125,0.1485,0.1545125,0.1367,0.1449125,0.1445875
1321,0.1271875,0.1493,0.1450625,0.1627625,0.2090625,0.152525,0.1368375,0.1391875,0.1501875
1322,0.146075,0.148025,0.1588,0.1329375,0.1504625,0.14985,0.137725,0.154275,0.1456375
1323,0.148625,0.14545,0.1457375,0.1344875,0.1419,0.1469125,0.1381875,0.1498,0.1463625
1324,0.1408625,0.1416625,0.146675,0.1296625,0.17485,0.1484375,0.1729125,0.147825,0.1413
1325,0.1458375,0.15455,0.1397,0.1664,0.145925,0.143925,0.1494,0.1451625,0.14565
1326,0.1339375,0.1574875,0.1491125,0.1640375,0.163,0.1509625,0.14985,0.1451,0.1433875
1327,0.1407375,0.1374875,0.1470125,0.135925,0.1471625,0.1436625,0.1344125,0.1606625,0.15130000000000002
1328,0.1373875,0.146925,0.1446875,0.1328125,0.1403125,0.1435125,0.1388,0.1460875,0.15003750000000002
1329,0.1379375,0.1436875,0.1522375,0.1346875,0.156375,0.1502,0.14285,0.148775,0.1474625
1330,0.132575,0.1527375,0.1461,0.1415125,0.1445125,0.142325,0.1507125,0.136275,0.14351250000000002
1331,0.2440125,0.1482625,0.1406375,0.1337,0.153725,0.165275,0.152475,0.1524125,0.1476125
1332,0.1412,0.1413875,0.141475,0.1644875,0.14105,0.1485375,0.1365125,0.1471875,0.14675000000000002
1333,0.1428625,0.1408875,0.1596125,0.1419,0.140575,0.1481125,0.1379625,0.1463375,0.145875
1334,0.1942,0.1408125,0.13835,0.1499625,0.1449125,0.146275,0.1485125,0.154875,0.1465875
1335,0.1543375,0.1522125,0.1456625,0.154875,0.1407,0.1428125,0.1442,0.1463875,0.14023750000000001
1336,0.1797375,0.1567875,0.146075,0.155325,0.1522375,0.1464875,0.135975,0.1511375,0.1497
1337,0.149025,0.165275,0.141175,0.1469875,0.144575,0.1523125,0.14675,0.1645625,0.147625
1338,0.14045,0.1431375,0.1417125,0.1565625,0.1511375,0.150575,0.140725,0.1509625,0.14435
1339,0.136375,0.1476,0.149175,0.1403,0.1389625,0.1440375,0.1507875,0.1503625,0.1484125
1340,0.137925,0.149425,0.147625,0.1416625,0.1485125,0.1447,0.1471375,0.142125,0.1460875
1341,0.1422375,0.14795,0.1471375,0.1366875,0.140325,0.1477375,0.1429875,0.1475,0.1513875
1342,0.1405,0.1362,0.14605,0.1377,0.143,0.1486125,0.150525,0.155775,0.14850000000000002
1343,0.1557375,0.1368375,0.1460375,0.1458375,0.1509375,0.1412625,0.146575,0.1428625,0.1492125
1344,0.13005,0.1535875,0.1407375,0.1512375,0.1442875,0.14575,0.1417125,0.144025,0.1475625
1345,0.1395125,0.1544,0.157975,0.159775,0.142575,0.1415375,0.14755,0.14705,0.14753750000000002
1346,0.139475,0.1476,0.139325,0.1408375,0.133425,0.14155,0.1284125,0.140725,0.14801250000000002
1347,0.2803125,0.140875,0.1476875,0.1448125,0.1442375,0.1452625,0.14295,0.1331,0.145425
1348,0.1487125,0.1486125,0.1454,0.1359,0.142975,0.1441875,0.135425,0.1367875,0.1489
1349,0.146075,0.135625,0.146275,0.1506125,0.1513875,0.1468125,0.14185,0.155925,0.146125
1350,0.164325,0.1472,0.14685,0.14545,0.1484375,0.1486375,0.1549,0.1500125,0.1479125
1351,0.137625,0.217,0.1551875,0.133175,0.142325,0.1204875,0.139325,0.150875,0.1546875
1352,0.1251875,0.134975,0.17285,0.1465125,0.152975,0.166975,0.142125,0.1478,0.1471375
1353,0.1460125,0.147225,0.138225,0.14005,0.143575,0.143025,0.1572125,0.151375,0.1538625
1354,0.13055,0.1424125,0.14725,0.1447125,0.147875,0.1521125,0.13515,0.1425875,0.1415875
1355,0.1528875,0.145725,0.1442,0.143625,0.14205,0.14925,0.1418875,0.1450125,0.1468
1356,0.1434625,0.1505625,0.1442375,0.160025,0.1385375,0.144325,0.1372375,0.1410625,0.15027500000000002
1357,0.1334375,0.162275,0.146425,0.1307125,0.148375,0.149925,0.13975,0.1493,0.14678750000000002
1358,0.134075,0.1391625,0.1437,0.156625,0.1394875,0.1435,0.1332125,0.1486,0.1438125
1359,0.1652875,0.1479875,0.1412375,0.1395,0.14665,0.1478375,0.185175,0.142625,0.15308750000000002
1360,0.138125,0.14265,0.1474375,0.137475,0.1385375,0.146525,0.1332375,0.14695,0.1499375
1361,0.1405375,0.1508625,0.1493,0.1291125,0.14545,0.153375,0.152975,0.1559875,0.1489125
1362,0.1431,0.1417375,0.137525,0.141075,0.1418,0.1443,0.1308375,0.1460625,0.1521125
1363,0.1503375,0.153475,0.1548375,0.131625,0.27875,0.143175,0.1393875,0.1519875,0.14355
1364,0.15565,0.13505,0.1424875,0.1487375,0.1404875,0.15315,0.14295,0.14515,0.149325
1365,0.1679625,0.146375,0.1422625,0.280475,0.147875,0.1418,0.151825,0.143675,0.1494375
1366,0.13675,0.15065,0.1485625,0.157525,0.14485,0.1416,0.1358375,0.150075,0.1433125
1367,0.1524375,0.1415875,0.14845,0.143175,0.149,0.154525,0.1428625,0.15475,0.1420625
1368,0.131025,0.1428625,0.1494125,0.16115,0.1530875,0.147225,0.14605,0.1434875,0.1475625
1369,0.140825,0.146775,0.1628375,0.14965,0.136575,0.14265,0.14485,0.150525,0.1448125
1370,0.1684375,0.140025,0.1455625,0.1598,0.1389875,0.145975,0.1468375,0.1556125,0.1458375
1371,0.133925,0.1487625,0.1439125,0.1476875,0.14005,0.141475,0.14385,0.1469375,0.1461625
1372,0.131025,0.151975,0.144425,0.145575,0.1417125,0.148275,0.1347625,0.1484,0.14856250000000001
1373,0.1384875,0.1456125,0.1452125,0.1506375,0.161025,0.147425,0.1402375,0.141875,0.1484875
1374,0.1521875,0.1613125,0.1487875,0.1787125,0.1407875,0.1452625,0.1410625,0.141175,0.1469625
1375,0.138925,0.1408375,0.1473875,0.140175,0.1432,0.1481625,0.1508875,0.1549125,0.15757500000000002
1376,0.1318125,0.1952875,0.1504625,0.1351375,0.147725,0.1485875,0.1487875,0.150425,0.14623750000000002
1377,0.1512,0.150825,0.1469625,0.143225,0.1234875,0.1472875,0.15815,0.1449375,0.146875
1378,0.164325,0.1519625,0.1382375,0.13535,0.1400125,0.1654,0.1543,0.141425,0.1486
1379,0.1381125,0.185975,0.14665,0.157175,0.1363625,0.1586375,0.163925,0.1344125,0.1476625
1380,0.142025,0.150675,0.138825,0.1253625,0.1437375,0.154075,0.1368,0.1432,0.15331250000000002
1381,0.151225,0.13815,0.1497,0.1357,0.1454375,0.14685,0.155525,0.157425,0.1442875
1382,0.132775,0.1566375,0.14555,0.154625,0.1381,0.15345,0.1486875,0.1490125,0.15156250000000002
1383,0.1426125,0.1375,0.146025,0.1341875,0.16565,0.1428,0.1574375,0.1483625,0.14795
1384,0.1702125,0.1546625,0.1474375,0.1491375,0.1509875,0.1425,0.1443625,0.1687875,0.14651250000000002
1385,0.1431125,0.14605,0.1486625,0.1446375,0.15355,0.1404125,0.1364375,0.153025,0.1451625
1386,0.1384,0.145075,0.1416875,0.1470625,0.143075,0.1400875,0.1304625,0.145925,0.1459125
1387,0.1495,0.1834375,0.145825,0.139075,0.16415,0.1437,0.144325,0.1461375,0.1502375
1388,0.145975,0.1439375,0.145675,0.1403,0.1381875,0.15335,0.14485,0.1432875,0.1391625
1389,0.1623625,0.1428875,0.1547375,0.143475,0.1654375,0.1424375,0.13355,0.1479125,0.144875
1390,0.1459625,0.137725,0.1442,0.13775,0.1543125,0.1511375,0.1448,0.14455,0.147475
1391,0.1655375,0.1418375,0.1465,0.1521125,0.1458875,0.146075,0.1394,0.1518875,0.1473375
1392,0.1462,0.146475,0.1416125,0.15075,0.1431625,0.1446875,0.1542,0.1511875,0.1483125
1393,0.15765,0.14515,0.1486375,0.1417875,0.1454875,0.1484125,0.1480625,0.1402625,0.150425
1394,0.1326875,0.1572125,0.1407375,0.1370625,0.1443625,0.1430375,0.1379625,0.1385,0.14285
1395,0.164925,0.1403375,0.1414375,0.1308625,0.1505625,0.1425125,0.18595,0.1460875,0.14665
1396,0.142675,0.1377125,0.15,0.1292875,0.1413125,0.1437875,0.1482625,0.147275,0.1444125
1397,0.1579875,0.1414125,0.1609625,0.1618375,0.1434625,0.1471125,0.1291375,0.145125,0.14448750000000002
1398,0.1279,0.160125,0.145475,0.1797125,0.1453625,0.141625,0.1492625,0.138275,0.1479875
1399,0.1381,0.1432875,0.151025,0.1572,0.1378125,0.151125,0.1542625,0.14785,0.1471875
1400,0.155025,0.14585,0.145625,0.126025,0.1431625,0.1452875,0.1467875,0.1490375,0.144075
1401,0.144175,0.1384125,0.15765,0.1333625,0.1366625,0.1488625,0.1402875,0.1420375,0.14830000000000002
1402,0.130625,0.1456875,0.1443375,0.138175,0.1514625,0.147775,0.144225,0.147825,0.1480625
1403,0.148975,0.140275,0.1447875,0.1425875,0.144825,0.1455375,0.1457625,0.1535125,0.15207500000000002
1404,0.1418625,0.13425,0.1500875,0.1368375,0.1510625,0.1481375,0.16205,0.145275,0.144125
1405,0.1790375,0.142825,0.15165,0.163325,0.1465625,0.1482875,0.1400875,0.147125,0.1413125
1406,0.1456125,0.1421,0.1405125,0.1326125,0.1422875,0.1446125,0.1406375,0.1483875,0.1464125
1407,0.147625,0.151375,0.15275,0.141625,0.1389125,0.1491125,0.1424375,0.150525,0.14465
1408,0.15545,0.1419875,0.1421125,0.1365625,0.138475,0.1451875,0.144075,0.14315,0.14895
1409,0.1390625,0.1414625,0.1411875,0.1563375,0.1374375,0.1447875,0.149825,0.1462125,0.1547875
1410,0.1395875,0.1384625,0.1481625,0.1436375,0.1521625,0.15185,0.1480875,0.152025,0.1497375
1411,0.1361875,0.140225,0.1433,0.1374625,0.1396875,0.1401875,0.1377375,0.1405875,0.1458375
1412,0.1942875,0.139,0.1532375,0.1436875,0.1396625,0.1513625,0.137875,0.1327625,0.14765
1413,0.136775,0.1335125,0.1330375,0.1435,0.14945,0.1428875,0.1526625,0.1531875,0.14553750000000001
1414,0.1442,0.1469875,0.145325,0.200475,0.1491375,0.14375,0.137775,0.152075,0.1501625
1415,0.1380125,0.1456875,0.1482125,0.190825,0.1424625,0.1403625,0.138725,0.1419875,0.1476375
1416,0.1470375,0.1416125,0.1578,0.1418625,0.1358625,0.145,0.15045,0.1438125,0.14585
1417,0.1338,0.1647125,0.1415375,0.13255,0.1378375,0.1442625,0.1419,0.144025,0.1451625
1418,0.134425,0.140375,0.1474,0.1485875,0.154575,0.14325,0.137975,0.153125,0.14505
1419,0.133125,0.1421125,0.145825,0.1498875,0.143775,0.14175,0.16615,0.14545,0.1509
1420,0.1533,0.1406,0.1475125,0.132,0.145075,0.1424125,0.146375,0.1559875,0.150175
1421,0.15225,0.1642625,0.145125,0.1469,0.14575,0.1463625,0.1462875,0.1492375,0.1460625
1422,0.1465875,0.148425,0.13595,0.1382875,0.1427125,0.145575,0.141225,0.1439125,0.1482125
1423,0.1621625,0.1460625,0.1453125,0.15985,0.14595,0.142125,0.14205,0.149725,0.14876250000000002
1424,0.1334875,0.147975,0.1371625,0.167375,0.1444125,0.1562625,0.1402,0.149975,0.144825
1425,0.1825125,0.15205,0.1576375,0.134325,0.1572125,0.1525875,0.1418625,0.1482875,0.14915
1426,0.1536625,0.1375,0.1509125,0.14095,0.1448,0.1442125,0.14575,0.1496,0.14250000000000002
1427,0.1394125,0.149925,0.1569,0.13725,0.15075,0.1433375,0.140675,0.1422125,0.146375
1428,0.136375,0.137625,0.139275,0.1332375,0.13435,0.1463875,0.1426375,0.1438,0.14615
1429,0.1664,0.15915,0.1406125,0.1669375,0.157575,0.156325,0.140625,0.1400125,0.1428625
1430,0.182425,0.1418625,0.14575,0.14525,0.138075,0.1508625,0.1560875,0.151,0.1464625
1431,0.1312125,0.142875,0.14085,0.1396875,0.1454125,0.1454125,0.149,0.145325,0.1497
1432,0.14485,0.143725,0.143375,0.150375,0.1479375,0.2764875,0.1396,0.1436625,0.151675
1433,0.1332125,0.14855,0.141425,0.1418625,0.1390625,0.1424,0.14195,0.144725,0.1508625
1434,0.1482,0.134725,0.1440625,0.142575,0.14425,0.140925,0.14095,0.1447625,0.14856250000000001
1435,0.1443,0.13785,0.1383125,0.1329,0.1503125,0.142275,0.1401125,0.1464875,0.1476125
1436,0.15,0.147575,0.1479875,0.1512875,0.1412875,0.1729,0.1452875,0.1492125,0.13715
1437,0.121325,0.14005,0.1702125,0.1311875,0.14075,0.1509875,0.1580875,0.152675,0.14827500000000002
1438,0.139775,0.1472125,0.1440625,0.1432625,0.1383625,0.1589625,0.1533125,0.1523125,0.14635
1439,0.1418,0.1409375,0.1394,0.13835,0.1403625,0.1589625,0.1546625,0.1462375,0.1483625
1440,0.164575,0.142775,0.1585,0.129725,0.1427125,0.1462,0.1444875,0.1672875,0.1514
1441,0.1424375,0.146725,0.155825,0.207475,0.1462625,0.147,0.1487125,0.1459625,0.14398750000000002
1442,0.1393625,0.151175,0.149075,0.15245,0.143875,0.142025,0.1498125,0.1477375,0.1474375
1443,0.1451625,0.1455875,0.1431375,0.1538625,0.18295,0.155125,0.1487875,0.1435125,0.1441875
1444,0.137475,0.143425,0.1409125,0.1756125,0.1597875,0.151575,0.1498375,0.1445375,0.1519125
1445,0.142525,0.1623625,0.1429,0.16435,0.1509625,0.1397375,0.145275,0.149925,0.1479875
1446,0.145325,0.1446625,0.147025,0.150825,0.152,0.144875,0.137475,0.145325,0.14222500000000002
1447,0.1443375,0.1433375,0.1422125,0.1440375,0.1491625,0.1454,0.16575,0.1444375,0.1528625
1448,0.139125,0.145825,0.1449375,0.1433875,0.1553,0.161975,0.135825,0.1674375,0.1478125
1449,0.138975,0.1474875,0.137075,0.1566,0.14305,0.146925,0.1648125,0.14485,0.145425
1450,0.1496,0.1362625,0.1438,0.145675,0.1427125,0.1413875,0.1369375,0.150875,0.14653750000000001
1451,0.140325,0.13985,0.1443875,0.163275,0.140175,0.14805,0.1559875,0.137925,0.1473875
1452,0.1621875,0.1440875,0.1443375,0.1457625,0.1404125,0.146325,0.1506625,0.153975,0.14978750000000002
1453,0.162,0.1576,0.1409,0.1678375,0.1450625,0.1414625,0.1372125,0.14455,0.1446625
1454,0.13535,0.146625,0.1505125,0.1385,0.149875,0.1461125,0.1573125,0.1426125,0.14395
1455,0.1377375,0.1418125,0.1516,0.14765,0.1474,0.144375,0.1384,0.144375,0.1463
1456,0.1313,0.15015,0.143825,0.1386875,0.147825,0.1508125,0.1503625,0.146025,0.14695
1457,0.142475,0.134925,0.145775,0.140225,0.15285,0.1484625,0.1453875,0.1450375,0.1479125
1458,0.1558125,0.1558,0.1453125,0.1576,0.1453,0.1509,0.143275,0.141975,0.14601250000000002
1459,0.1269,0.13835,0.148575,0.163725,0.1567375,0.15135,0.1411,0.150025,0.1465875
1460,0.1707125,0.1419125,0.146825,0.1394,0.145525,0.1452625,0.149725,0.148375,0.147075
1461,0.13965,0.14895,0.13995,0.1430625,0.1424625,0.1608875,0.1367625,0.14895,0.1453625
1462,0.133275,0.148125,0.1428375,0.136525,0.16305,0.1426375,0.138825,0.14615,0.1488875
1463,0.1461375,0.1452875,0.143875,0.1459875,0.1467625,0.1492125,0.143925,0.1555625,0.147975
1464,0.1736125,0.142,0.1482625,0.1264375,0.1474125,0.14105,0.14915,0.150025,0.1422875
1465,0.1448625,0.1433375,0.1482875,0.1400125,0.13895,0.14645,0.1361375,0.14565,0.1447125
1466,0.1528375,0.14235,0.146075,0.153075,0.14695,0.1517875,0.146275,0.1462125,0.148075
1467,0.1269,0.1456875,0.1427,0.1468,0.140325,0.145075,0.1652125,0.135975,0.14751250000000002
1468,0.141125,0.1449,0.1463,0.134525,0.1367875,0.1413875,0.1417125,0.1397125,0.144075
1469,0.1588,0.1443625,0.14515,0.1366375,0.1394625,0.147875,0.252625,0.1451,0.1562875
1470,0.1449,0.154625,0.1363625,0.1775875,0.1474625,0.1449,0.1425,0.1605,0.14803750000000002
1471,0.1317625,0.14075,0.15335,0.1634625,0.1593375,0.1525875,0.1357375,0.139075,0.1422
1472,0.1408875,0.160225,0.143575,0.156025,0.152425,0.1406875,0.1585375,0.144325,0.1456
1473,0.172925,0.1522375,0.1503125,0.1395,0.14915,0.148775,0.15245,0.1445,0.1466875
1474,0.135425,0.149025,0.163425,0.17665,0.139525,0.145175,0.1530625,0.1489125,0.147125
1475,0.1414625,0.1362625,0.1423375,0.1469625,0.1486125,0.1497375,0.131525,0.15165,0.1476625
1476,0.1745125,0.144,0.146025,0.1867875,0.1505375,0.149275,0.229,0.149025,0.14522500000000002
1477,0.1523,0.1507,0.1429375,0.1377375,0.1525625,0.1435125,0.1458125,0.1393625,0.1512
1478,0.1302125,0.1376,0.1433625,0.148375,0.152925,0.1456125,0.1370625,0.1491125,0.15031250000000002
1479,0.137525,0.1410875,0.145725,0.14635,0.1450875,0.154975,0.152125,0.1599625,0.1514625
1480,0.13565,0.1451125,0.146325,0.1513125,0.1445375,0.142825,0.154625,0.1523875,0.1433
1481,0.1368375,0.1420625,0.153625,0.141475,0.1448375,0.1420625,0.1456625,0.15375,0.147225
1482,0.1400125,0.136775,0.1442875,0.13495,0.1555375,0.1420125,0.148825,0.1592,0.1429
1483,0.179225,0.1503625,0.145825,0.1578,0.149675,0.1482875,0.1458625,0.1378875,0.1597375
1484,0.1396625,0.1562875,0.1410875,0.1397,0.150675,0.14665,0.1400875,0.143075,0.14505
1485,0.1472375,0.14855,0.1426125,0.1401375,0.1376875,0.147475,0.134,0.1468,0.14455
1486,0.1479375,0.1356375,0.1475125,0.132925,0.1442125,0.1457,0.144525,0.1531375,0.1527125
1487,0.2520875,0.1442125,0.1450125,0.134675,0.14935,0.1936125,0.1325875,0.1410875,0.14826250000000002
1488,0.140125,0.154675,0.1465625,0.14465,0.137975,0.150325,0.1528375,0.1401125,0.1461125
1489,0.1413875,0.14545,0.1484125,0.1488625,0.140875,0.1471,0.1363875,0.14325,0.14248750000000002
1490,0.1331,0.1397375,0.144325,0.1716,0.1500375,0.1476,0.14225,0.1413875,0.1483375
1491,0.1298125,0.1424625,0.1466125,0.1415625,0.1390875,0.1470375,0.1372625,0.1514,0.14626250000000002
1492,0.142,0.14965,0.1481,0.1321375,0.1590625,0.1468125,0.148475,0.154975,0.145725
1493,0.1757375,0.1474875,0.1465875,0.150975,0.14125,0.151475,0.1451875,0.1499375,0.14705000000000001
1494,0.1543625,0.1435375,0.148125,0.13935,0.1490375,0.14565,0.1580375,0.1516,0.1444375
1495,0.1356,0.1411375,0.145,0.1422625,0.1392,0.149075,0.14315,0.1519375,0.1515125
1496,0.146525,0.1498125,0.14005,0.15055,0.143925,0.1502,0.1564,0.1464625,0.1533625
1497,0.1277875,0.1497375,0.1447125,0.134825,0.1491125,0.16125,0.1549125,0.1430375,0.14678750000000002
1498,0.1489125,0.1526875,0.1586,0.1389125,0.1405375,0.146525,0.163725,0.14445,0.1466875
1499,0.1253625,0.1412125,0.1561375,0.162525,0.14955,0.1492625,0.134375,0.147175,0.146925
1500,0.1341125,0.1438125,0.1527,0.1472875,0.2174125,0.1447375,0.1484375,0.1530125,0.1451125
1501,0.139425,0.1462125,0.1497125,0.1405625,0.143725,0.159925,0.1418375,0.1451875,0.14977500000000002
1502,0.1574625,0.1455875,0.146275,0.1502375,0.15225,0.1484875,0.1306875,0.1460625,0.15205000000000002
1503,0.1548,0.13665,0.14575,0.1330875,0.1514375,0.1476625,0.137125,0.149425,0.14878750000000002
1504,0.1323875,0.148775,0.1460125,0.1393125,0.136575,0.1484,0.1380375,0.1421125,0.1419375
1505,0.1468875,0.14785,0.149125,0.14665,0.1412,0.143625,0.1375125,0.14495,0.1471125
1506,0.1306125,0.1393125,0.1384125,0.1380875,0.148725,0.1447375,0.139475,0.1468375,0.1477375
1507,0.154025,0.13615,0.141625,0.158875,0.162475,0.1442625,0.1404,0.1527125,0.14881250000000001
1508,0.1929875,0.1403375,0.14025,0.15135,0.1643125,0.143425,0.1424,0.1408625,0.15095
1509,0.1329875,0.1406625,0.14055,0.13825,0.1462,0.1481,0.1440375,0.14275,0.1517
1510,0.1565,0.13775,0.1490375,0.1326125,0.143525,0.1442375,0.1520375,0.1437125,0.14677500000000002
1511,0.148,0.1404125,0.1469625,0.140125,0.151825,0.1455375,0.138275,0.1502,0.1416375
1512,0.142375,0.1362875,0.1447125,0.1540375,0.14,0.1512,0.14745,0.14485,0.1501875
1513,0.145275,0.13765,0.157275,0.130425,0.1529625,0.1422625,0.145275,0.1561125,0.143025
1514,0.1497625,0.1389,0.1421125,0.1474125,0.1468875,0.14495,0.14345,0.1424625,0.1532375
1515,0.137975,0.135075,0.1440375,0.1423125,0.1439375,0.1492,0.1473,0.15195,0.1502125
1516,0.14325,0.15035,0.1515875,0.1387625,0.1505125,0.1468125,0.132575,0.149675,0.1476375
1517,0.1281125,0.14145,0.152975,0.139825,0.1680625,0.1467875,0.1306,0.141375,0.1464625
1518,0.1663875,0.148525,0.1459625,0.147,0.1517375,0.14115,0.1437375,0.1406875,0.1491375
1519,0.147025,0.1419,0.138975,0.136425,0.1423875,0.1527375,0.1435125,0.146225,0.1449625
1520,0.1417,0.1383625,0.144975,0.1439375,0.136475,0.161525,0.13635,0.1440875,0.1515125
1521,0.1467,0.1578,0.1447,0.1392125,0.144,0.152275,0.1552125,0.1413875,0.14765
1522,0.1375625,0.1437125,0.138,0.1347875,0.1418,0.1437625,0.1460375,0.1437,0.1449
1523,0.145575,0.1616,0.1417375,0.13385,0.1395,0.14705,0.1428125,0.1451875,0.1416875
1524,0.1526375,0.1453875,0.1454,0.1506,0.15595,0.146875,0.149875,0.147975,0.149425
1525,0.1354,0.1586875,0.1443625,0.139525,0.140675,0.1495875,0.1329125,0.1492875,0.1501875
1526,0.136575,0.1379625,0.1462375,0.146075,0.1379,0.1433875,0.1229375,0.1507,0.1482125
1527,0.151325,0.1452,0.1455,0.137825,0.1440125,0.1456375,0.148675,0.1445875,0.1455625
1528,0.1458375,0.1397375,0.1595875,0.1428875,0.147325,0.1436625,0.1683625,0.1484125,0.1491
1529,0.136525,0.1389875,0.1492125,0.1416625,0.1415875,0.1470375,0.1298,0.1463,0.14775000000000002
1530,0.1424875,0.14755,0.143275,0.1416625,0.1426875,0.1439375,0.1500875,0.1442125,0.1473125
1531,0.1451125,0.135025,0.1532875,0.16,0.166175,0.1423125,0.138825,0.146625,0.1449125
1532,0.222225,0.13525,0.1535875,0.1410875,0.1425375,0.148625,0.1424625,0.1465625,0.1530125
1533,0.1393875,0.1642375,0.150575,0.1436875,0.1548375,0.1451125,0.13295,0.144075,0.14627500000000002
1534,0.1379125,0.161225,0.1428125,0.1349625,0.150275,0.356025,0.1443625,0.1519625,0.1516125
1535,0.211725,0.1546,0.1451625,0.1393875,0.1500375,0.1452,0.1425625,0.1409625,0.15225
1536,0.146,0.14645,0.1468875,0.147425,0.1416,0.145325,0.1763375,0.1546375,0.14753750000000002
1537,0.1358375,0.1408375,0.14025,0.14805,0.14015,0.1466125,0.142525,0.1439375,0.149675
1538,0.1350375,0.140475,0.1652875,0.1363125,0.1499625,0.1504625,0.1411875,0.14405,0.14497500000000002
1539,0.1393375,0.14225,0.1420125,0.1564875,0.1456375,0.1484875,0.144,0.1476375,0.1426
1540,0.1448,0.1373375,0.1487,0.1661875,0.1433875,0.1467,0.141825,0.1483,0.144825
1541,0.1543625,0.1430625,0.1497375,0.1376375,0.1439875,0.1581875,0.2010875,0.1502875,0.1472375
1542,0.1639,0.1403875,0.1432875,0.1468125,0.1470875,0.1385875,0.1478625,0.1464125,0.1486875
1543,0.145125,0.1424,0.1467,0.144725,0.16185,0.1483125,0.1477125,0.1491625,0.14856250000000001
1544,0.156575,0.1452625,0.145425,0.1380875,0.135375,0.1557,0.14035,0.15015,0.1478375
1545,0.1511625,0.14055,0.1390125,0.1414,0.14805,0.1484375,0.14095,0.1458375,0.149125
1546,0.1512375,0.1409125,0.147325,0.1445875,0.141475,0.144,0.1405,0.1535,0.149425
1547,0.143225,0.142325,0.151325,0.138275,0.14065,0.1492875,0.1417625,0.1459,0.14778750000000002
1548,0.1384,0.1404,0.1480125,0.13185,0.1417625,0.1458,0.1625125,0.1461125,0.142275
1549,0.149825,0.150425,0.1444625,0.1175625,0.1501625,0.1437,0.142725,0.1496625,0.149875
1550,0.141225,0.136525,0.1548375,0.146825,0.140225,0.15655,0.1568875,0.15955,0.1438875
1551,0.1430375,0.1442,0.1482375,0.141725,0.1496625,0.14635,0.157275,0.146975,0.1484375
1552,0.1394875,0.1492125,0.1522875,0.1361375,0.145325,0.1455625,0.1394625,0.145575,0.1436625
1553,0.126375,0.1429,0.1470875,0.1443875,0.1517375,0.1501,0.1745375,0.1444625,0.14445
1554,0.1581875,0.1457875,0.1395625,0.155375,0.1397,0.1457125,0.1532375,0.13705,0.148825
1555,0.131425,0.146975,0.145025,0.1636375,0.1392625,0.143875,0.15425,0.1468125,0.1483625
1556,0.134925,0.1467625,0.141575,0.12745,0.1487625,0.1545125,0.15355,0.13865,0.15003750000000002
1557,0.14275,0.1524,0.13795,0.1369,0.1393625,0.1479125,0.141825,0.1476,0.1512375
1558,0.1343,0.136825,0.14905,0.1364,0.1440875,0.150375,0.1357125,0.1514125,0.14895
1559,0.13235,0.1562875,0.1398,0.146275,0.1468375,0.14955,0.1442875,0.157575,0.149125
1560,0.1643375,0.142825,0.150225,0.1465875,0.145,0.151775,0.1453375,0.1456625,0.146475
1561,0.133675,0.1428125,0.1438125,0.1517375,0.1451875,0.1668375,0.1410375,0.146975,0.15280000000000002
1562,0.1387625,0.1420875,0.146775,0.1310125,0.13855,0.1468375,0.13985,0.1413875,0.1471
1563,0.145225,0.152475,0.1401625,0.1342125,0.142525,0.1593375,0.16735,0.1523375,0.14703750000000002
1564,0.1371875,0.1473,0.1442125,0.151425,0.1404625,0.1387875,0.1450875,0.143925,0.1471125
1565,0.13765,0.1502625,0.1537625,0.131775,0.1482125,0.1457125,0.1432125,0.1477125,0.1486875
1566,0.14745,0.1542875,0.1465875,0.143925,0.1431625,0.1460875,0.13555,0.138175,0.1489
1567,0.1427125,0.1411625,0.1474625,0.1554,0.1341875,0.1464125,0.1537375,0.1494875,0.14376250000000002
1568,0.141325,0.138175,0.1487875,0.148125,0.1427875,0.14985,0.1467,0.1442375,0.143075
1569,0.15375,0.1559125,0.150225,0.1465625,0.1437,0.1429625,0.1384375,0.1501625,0.1463125
1570,0.1388,0.144325,0.1523125,0.1457125,0.14365,0.142175,0.1329375,0.1664625,0.1444375
1571,0.1459375,0.1451125,0.142225,0.1390875,0.14755,0.1445,0.152675,0.1455125,0.1458125
1572,0.1360875,0.143725,0.1473875,0.1525375,0.1434625,0.1516375,0.153375,0.1546125,0.1444375
1573,0.1319125,0.1467375,0.138675,0.1493625,0.145925,0.1423,0.154375,0.1369375,0.15130000000000002
1574,0.151225,0.14395,0.1427125,0.141675,0.1515,0.12995,0.1421125,0.14465,0.15215
1575,0.145175,0.141725,0.14395,0.155525,0.1483,0.144225,0.164075,0.146,0.15078750000000002
1576,0.139175,0.1591,0.1485125,0.14195,0.143175,0.151925,0.1495375,0.1471,0.15181250000000002
1577,0.138925,0.14655,0.1532375,0.1392125,0.1536625,0.1493375,0.1518,0.154025,0.14685
1578,0.1509625,0.142625,0.1537375,0.211275,0.139275,0.1420125,0.15165,0.1491625,0.1490875
1579,0.1196,0.1451125,0.1408375,0.157975,0.1440625,0.1469125,0.1428125,0.14605,0.1464625
1580,0.1413625,0.1381,0.1450625,0.130925,0.148375,0.1471375,0.1417625,0.1456125,0.1478125
1581,0.1409625,0.135725,0.152,0.1494,0.1458125,0.147775,0.1531875,0.14735,0.147575
1582,0.156325,0.141525,0.1465125,0.1282875,0.136175,0.1467375,0.1443125,0.1516375,0.151675
1583,0.1487125,0.1383,0.13735,0.1325125,0.1483875,0.1555625,0.16795,0.1426375,0.1443375
1584,0.1305375,0.1364625,0.1402,0.1978875,0.1615625,0.144825,0.1355375,0.1525625,0.1474
1585,0.1530375,0.14865,0.1415375,0.14525,0.141925,0.148225,0.135725,0.145325,0.14835
1586,0.1381375,0.14795,0.1414625,0.1390625,0.1417625,0.140825,0.13695,0.14615,0.1508875
1587,0.1398,0.1439,0.1538125,0.13885,0.2182375,0.1446625,0.140475,0.1498125,0.14828750000000002
1588,0.122575,0.135375,0.145025,0.1400625,0.1443,0.1471,0.1463125,0.1457,0.1483375
1589,0.132875,0.1397875,0.142825,0.133475,0.1578375,0.1434375,0.1351125,0.146575,0.1496125
1590,0.051125,0.162225,0.1489125,0.1397,0.1579125,0.1530625,0.148925,0.1459875,0.1483625
1591,0.1346125,0.152075,0.1529,0.1338375,0.144,0.141575,0.141325,0.1464875,0.145125
1592,0.1457,0.1587625,0.150125,0.1397375,0.143825,0.1437625,0.1531375,0.1431,0.144575
1593,0.1609,0.1375875,0.142175,0.13365,0.144125,0.1502375,0.141625,0.1457125,0.1468
1594,0.1340375,0.1349625,0.1396375,0.1375625,0.1452125,0.148825,0.1465125,0.14165,0.14895
1595,0.1377125,0.1513125,0.14765,0.14165,0.1409625,0.1396875,0.13685,0.1491625,0.147225
1596,0.13455,0.1498875,0.1439875,0.1503375,0.146875,0.1431,0.1617,0.15405,0.14802500000000002
1597,0.1451875,0.1447875,0.146975,0.1443,0.163025,0.1426125,0.1562875,0.153725,0.1418625
1598,0.141825,0.143,0.1446875,0.1385,0.1456625,0.1405125,0.1551375,0.154825,0.142625
1599,0.1357125,0.14365,0.146025,0.1415125,0.1491125,0.15305,0.1394125,0.14775,0.1487375
1600,0.1411625,0.1396625,0.14145,0.1605,0.144625,0.14665,0.1345,0.141975,0.1460625
1601,0.1262625,0.1528125,0.1522125,0.1347625,0.1441375,0.1430125,0.1544375,0.1512625,0.1536625
1602,0.1338625,0.1356625,0.1509125,0.1477625,0.138875,0.1499875,0.1520625,0.148675,0.1494625
1603,0.1562125,0.14085,0.15115,0.1504125,0.1471125,0.144675,0.15575,0.148525,0.14395
1604,0.1824875,0.1868875,0.1447625,0.1514875,0.14155,0.1472625,0.1538625,0.1426875,0.150975
1605,0.1544875,0.1434,0.1447875,0.137575,0.1506,0.1484,0.13635,0.1391,0.1511375
1606,0.1861875,0.1464875,0.1447875,0.1737625,0.1449,0.1437125,0.1514375,0.1470125,0.1499375
1607,0.1485625,0.1759375,0.1498375,0.141975,0.1421,0.147275,0.1484,0.143625,0.1414375
1608,0.127875,0.1402375,0.1688125,0.13355,0.140025,0.1424625,0.136025,0.15195,0.14951250000000002
1609,0.140975,0.16765,0.1444875,0.13955,0.157125,0.143425,0.1507875,0.1459,0.1499125
1610,0.12775,0.148475,0.1367625,0.1409375,0.1417625,0.1414,0.1360125,0.14235,0.1577875
1611,0.140675,0.14895,0.1510875,0.1462875,0.1610125,0.14275,0.1453625,0.149175,0.1502125
1612,0.217475,0.14245,0.1463,0.1376,0.1477125,0.1566875,0.141025,0.146125,0.148425
1613,0.2256125,0.147525,0.1383125,0.1636,0.1431375,0.138525,0.1404125,0.1510125,0.1486625
1614,0.1654375,0.1708625,0.1466,0.1585875,0.1492625,0.154925,0.1474125,0.15035,0.14705000000000001
1615,0.1321875,0.145775,0.1441,0.1491,0.14975,0.1522125,0.154,0.153075,0.1426125
1616,0.1351375,0.1463375,0.1479875,0.1505625,0.1560375,0.1583125,0.1370875,0.137625,0.1475875
1617,0.14825,0.1483625,0.151675,0.146475,0.1410625,0.14825,0.146825,0.1456,0.1494
1618,0.150825,0.137125,0.1395875,0.140025,0.1375375,0.14875,0.1279125,0.1375875,0.1493625
1619,0.1383625,0.142425,0.15225,0.142825,0.1476875,0.1496375,0.140325,0.149325,0.1602125
1620,0.1329125,0.142025,0.149225,0.1656625,0.145625,0.1461125,0.1373,0.1489375,0.14745
1621,0.1552125,0.137925,0.1464625,0.15145,0.14655,0.1520875,0.1375625,0.14625,0.145825
1622,0.1609375,0.1407125,0.1471875,0.140925,0.151,0.1437125,0.1424,0.1387875,0.148225
1623,0.1311875,0.1363,0.1529,0.1377375,0.1381,0.1501125,0.134975,0.1404125,0.14551250000000002
1624,0.188525,0.14925,0.144725,0.150375,0.144,0.1508875,0.13825,0.146075,0.1482
1625,0.1590625,0.1461625,0.1435125,0.1441875,0.1520375,0.145225,0.139375,0.1462375,0.1499625
1626,0.2131875,0.1462625,0.1492125,0.140525,0.1449625,0.1418375,0.132375,0.1448,0.15375
1627,0.1532625,0.100975,0.1528625,0.1363,0.1386,0.1537125,0.1364875,0.15075,0.1503625
1628,0.142075,0.15765,0.1454375,0.1397,0.1487375,0.1513,0.14405,0.1513875,0.14700000000000002
1629,0.1667875,0.139375,0.1451375,0.13315,0.1409625,0.145025,0.1437875,0.144425,0.146925
1630,0.1284625,0.1386375,0.14865,0.1668,0.1489625,0.144725,0.13195,0.1439,0.14735
1631,0.137625,0.1492375,0.1457875,0.1486375,0.146625,0.1460875,0.1346125,0.153475,0.14965
1632,0.147625,0.13915,0.1445625,0.1323125,0.1452875,0.1432125,0.1562125,0.150175,0.146875
1633,0.133475,0.1587375,0.1450125,0.1338375,0.145525,0.15255,0.143375,0.1498625,0.146875
1634,0.1380875,0.1408,0.183425,0.146675,0.1491625,0.14855,0.13485,0.1438625,0.14276250000000001
1635,0.14065,0.1425875,0.148675,0.128875,0.1496875,0.144825,0.1438375,0.145525,0.14931250000000001
1636,0.136275,0.1477125,0.150125,0.1942875,0.1461875,0.141975,0.14075,0.1418375,0.1451125
1637,0.1320875,0.14205,0.1428625,0.13495,0.1543625,0.1427625,0.142025,0.1344625,0.1456
1638,0.1938,0.1484125,0.1476625,0.1353,0.147375,0.147,0.146725,0.145575,0.150925
1639,0.13835,0.1393125,0.144725,0.1284,0.1503875,0.1433,0.1303875,0.143175,0.1459625
1640,0.135275,0.1970875,0.14745,0.1576875,0.13995,0.15075,0.13265,0.1415375,0.1461
1641,0.1383875,0.1425,0.142525,0.162175,0.146775,0.1447875,0.1404875,0.1455125,0.14578750000000001
1642,0.178975,0.1526875,0.141775,0.1533625,0.1385125,0.1443375,0.1578375,0.1460125,0.1547875
1643,0.1448125,0.1470125,0.156675,0.1724125,0.1471375,0.146575,0.14365,0.1423875,0.14495
1644,0.1217625,0.1428,0.1443,0.161375,0.1373,0.1476625,0.1357,0.150975,0.148475
1645,0.14515,0.13835,0.1456625,0.1433375,0.1459125,0.1543125,0.1529,0.1389875,0.148225
1646,0.1497,0.1576875,0.1494375,0.1364375,0.148425,0.1429,0.13565,0.1483125,0.1482375
1647,0.141425,0.1499625,0.1436375,0.142125,0.1485,0.1472125,0.1424375,0.14585,0.151975
1648,0.1513,0.1371,0.1476625,0.14365,0.1559625,0.14855,0.1454,0.1466375,0.1437
1649,0.1519875,0.144875,0.1427875,0.14075,0.1489625,0.1376375,0.1811,0.1490875,0.1475625
1650,0.1379375,0.1381,0.14735,0.1310125,0.1413,0.144975,0.1401875,0.1469,0.1506
1651,0.1391,0.146475,0.1516,0.138925,0.1489625,0.1519125,0.161775,0.1443,0.1492375
1652,0.1366625,0.1444,0.1449125,0.1392375,0.1442375,0.14525,0.13,0.1523375,0.1531875
1653,0.1470125,0.1508,0.146025,0.1434875,0.151475,0.1435375,0.139,0.145275,0.15177500000000002
1654,0.14415,0.13895,0.1405875,0.1466875,0.15385,0.1393,0.1404625,0.1397,0.1477125
1655,0.13935,0.148975,0.14085,0.142,0.149425,0.1546875,0.1340375,0.1412125,0.1467
1656,0.133625,0.141925,0.1408625,0.128075,0.14425,0.147975,0.144625,0.1409625,0.1523625
1657,0.137625,0.15335,0.1426,0.13305,0.1462375,0.1462875,0.1512875,0.1426875,0.15125
1658,0.1368125,0.1352375,0.1462,0.21285,0.141875,0.1496,0.1607625,0.1481625,0.1504125
1659,0.14635,0.135025,0.1519625,0.152475,0.1438,0.1434125,0.1501875,0.14065,0.148925
1660,0.1584875,0.1460125,0.14895,0.157025,0.1680125,0.1453125,0.141375,0.151875,0.1489625
1661,0.13575,0.1430375,0.1370625,0.1405375,0.1390625,0.1478375,0.150475,0.1415,0.1496
1662,0.1422125,0.144475,0.1482375,0.14305,0.1409,0.1429125,0.1344625,0.1672125,0.145475
1663,0.2512125,0.138625,0.13975,0.142075,0.1573,0.14405,0.1607125,0.1402125,0.1460875
1664,0.1432375,0.14785,0.1559625,0.1408125,0.15705,0.1505875,0.1360375,0.1433125,0.1468
1665,0.2127375,0.1504,0.140825,0.1483125,0.1492,0.155225,0.129975,0.1518875,0.1523875
1666,0.1581125,0.1514625,0.1481375,0.162425,0.1535375,0.1385,0.1754,0.1453125,0.1439125
1667,0.1310125,0.1459125,0.1532875,0.1398875,0.1475,0.17145,0.137925,0.147725,0.14551250000000002
1668,0.124725,0.1545125,0.1475625,0.13485,0.1475875,0.2044125,0.135975,0.144875,0.153025
1669,0.139075,0.1456875,0.1417125,0.14905,0.141675,0.1443125,0.1404875,0.1506625,0.1454375
1670,0.153325,0.1484375,0.1425625,0.1451,0.1428,0.153275,0.1505375,0.1608,0.1417625
1671,0.1313375,0.155,0.1486,0.1519,0.1457,0.150475,0.1391625,0.1462625,0.1472125
1672,0.13895,0.1446125,0.144725,0.1389625,0.1457,0.141425,0.1345875,0.1440875,0.1483625
1673,0.1591875,0.1478,0.14375,0.149125,0.1538625,0.1546375,0.140025,0.1458875,0.1488875
1674,0.143,0.1547,0.1578375,0.140025,0.1501625,0.1432125,0.1343375,0.1456,0.14728750000000002
1675,0.157025,0.14205,0.1514875,0.147075,0.140625,0.14695,0.1401375,0.151725,0.1499
1676,0.155775,0.1382375,0.14595,0.154325,0.14245,0.144925,0.1437,0.138475,0.1509125
1677,0.1399875,0.1452625,0.157875,0.1440125,0.1505125,0.142,0.1447375,0.157875,0.1542875
1678,0.1751375,0.172325,0.1461875,0.147475,0.1457375,0.1476625,0.14055,0.14815,0.1487125
1679,0.136725,0.1422625,0.1429625,0.1556875,0.1441875,0.153675,0.13725,0.1413625,0.14422500000000002
1680,0.142525,0.1469,0.1470875,0.1462125,0.1411375,0.1429125,0.1384875,0.1380875,0.1482125
1681,0.1431625,0.1397375,0.1502875,0.1303125,0.1803875,0.1478875,0.1499875,0.138625,0.1510125
1682,0.1360125,0.14275,0.1485625,0.1416625,0.14835,0.1448625,0.159325,0.1523875,0.1487375
1683,0.144375,0.1445,0.14675,0.1565125,0.149325,0.1502875,0.1474375,0.149375,0.148125
1684,0.1313375,0.1433375,0.1489375,0.1402,0.142925,0.1596125,0.1509,0.1449625,0.14951250000000002
1685,0.147675,0.1542125,0.143225,0.1536875,0.1406125,0.142825,0.1429625,0.14025,0.14745
1686,0.143725,0.150575,0.1464875,0.143825,0.148075,0.1545,0.1448875,0.14805,0.14775000000000002
1687,0.151525,0.1494,0.146275,0.1586625,0.15095,0.1502875,0.17065,0.1471125,0.145375
1688,0.3538875,0.1608875,0.1425125,0.1621125,0.144025,0.1497875,0.134225,0.1460375,0.1456625
1689,0.1681375,0.141725,0.161075,0.1491,0.15695,0.1441375,0.139375,0.1468375,0.1514125
1690,0.1358875,0.1394625,0.1562875,0.1365125,0.1501625,0.1405125,0.1348875,0.14615,0.1448625
1691,0.133675,0.1552125,0.156275,0.1402625,0.1388625,0.1481375,0.15835,0.1496875,0.146375
1692,0.2398875,0.1434125,0.1463375,0.1406625,0.1497875,0.1360875,0.151875,0.1515125,0.14445
1693,0.127,0.146175,0.1477875,0.1473625,0.1379375,0.140025,0.14825,0.1433625,0.14455
1694,0.155425,0.14395,0.1483625,0.147725,0.145325,0.146125,0.143625,0.1477375,0.14665
1695,0.1448625,0.1459875,0.1404625,0.146075,0.1455875,0.1531125,0.13855,0.1427625,0.143825
1696,0.148325,0.151075,0.14155,0.178025,0.146525,0.1405375,0.1352,0.1429,0.1454
1697,0.1409,0.14725,0.14215,0.1381,0.1389,0.1474625,0.1444375,0.14545,0.1509625
1698,0.1403625,0.14655,0.1358125,0.1416375,0.1529125,0.14525,0.1472125,0.1449625,0.142875
1699,0.1366,0.15105,0.14445,0.141125,0.14725,0.143225,0.1387375,0.1418125,0.1416625
1700,0.1403125,0.153975,0.152825,0.1384875,0.1409375,0.143775,0.1415375,0.1464,0.14785
1701,0.1285875,0.1586,0.1429375,0.1416625,0.1520125,0.20865,0.139725,0.145075,0.150625
1702,0.1460375,0.144675,0.1457375,0.13305,0.148975,0.15035,0.14255,0.1492375,0.1452875
1703,0.1526375,0.16245,0.148125,0.1348875,0.135925,0.144175,0.1423,0.1548125,0.14650000000000002
1704,0.133375,0.143075,0.148,0.1348125,0.142575,0.1484375,0.142025,0.1388875,0.1483375
1705,0.135575,0.1448,0.1488625,0.1436125,0.1521375,0.1460875,0.1418125,0.1445,0.148225
1706,0.147925,0.145875,0.145025,0.134975,0.1434,0.1417,0.14765,0.1461,0.1461875
1707,0.148,0.141675,0.1437625,0.15725,0.148025,0.1466875,0.137275,0.1479375,0.1498375
1708,0.1286,0.1404375,0.1460625,0.14265,0.1476125,0.144525,0.1599125,0.1481,0.14775000000000002
1709,0.1347375,0.1452125,0.1557,0.1324875,0.136025,0.145375,0.147075,0.1499125,0.14777500000000002
1710,0.1506625,0.1564875,0.1515875,0.1384875,0.148575,0.1435,0.1458,0.1458375,0.1477375
1711,0.1651875,0.168475,0.147125,0.13915,0.144,0.1415625,0.13875,0.1430875,0.1501
1712,0.1311875,0.1393625,0.14305,0.3195625,0.143275,0.142725,0.1446125,0.1471375,0.1451625
1713,0.141625,0.1557625,0.1403625,0.1518875,0.1475375,0.145125,0.13805,0.1460625,0.15045
1714,0.135575,0.1478625,0.14315,0.1431875,0.149075,0.162475,0.1361,0.1664875,0.1482
1715,0.1451,0.1492375,0.14945,0.13355,0.136325,0.14765,0.134575,0.1430875,0.1439125
1716,0.137825,0.1394875,0.1439,0.1530125,0.143775,0.14085,0.1364375,0.1437375,0.1451375
1717,0.152225,0.1355375,0.14375,0.1515125,0.138425,0.1393875,0.1465,0.1460375,0.14780000000000001
1718,0.1566625,0.1426375,0.1467625,0.1473625,0.1364375,0.145075,0.1376375,0.1440375,0.1491875
1719,0.1338875,0.1454875,0.1498125,0.133125,0.1385,0.144,0.130175,0.140625,0.1504
1720,0.1294375,0.143175,0.1507,0.1388125,0.1501375,0.1507125,0.1644125,0.1461375,0.14881250000000001
1721,0.1553375,0.13745,0.1427875,0.1361375,0.1507125,0.148325,0.148725,0.151925,0.14926250000000002
1722,0.1677125,0.1434375,0.1561,0.1386,0.1481125,0.144025,0.1393375,0.1563375,0.1507375
1723,0.287425,0.1406,0.144375,0.1360375,0.138175,0.1457,0.132075,0.1495375,0.15365
1724,0.1467875,0.143425,0.149075,0.1418625,0.146125,0.147475,0.15445,0.1513125,0.150675
1725,0.1430125,0.1398,0.1453125,0.1393375,0.1454875,0.1417625,0.1506875,0.146075,0.14965
1726,0.13585,0.1457875,0.1554,0.1491125,0.146975,0.1459375,0.1332,0.1550125,0.15052500000000002
1727,0.16825,0.1588375,0.1481875,0.15415,0.1524625,0.151425,0.1447,0.142575,0.1476
1728,0.1359,0.141375,0.143125,0.1511375,0.1432125,0.1420625,0.1733,0.1428625,0.14728750000000002
1729,0.1367625,0.1533375,0.147325,0.1483625,0.1493875,0.14765,0.132275,0.146125,0.1451375
1730,0.146625,0.1438875,0.140625,0.155525,0.1428625,0.1412375,0.142,0.154075,0.146375
1731,0.1469375,0.1464875,0.14605,0.1461875,0.1436,0.1460875,0.1054,0.1490375,0.1435875
1732,0.1300375,0.1685,0.145025,0.1466625,0.141775,0.1466,0.154,0.1471625,0.145875
1733,0.1531625,0.13835,0.1404625,0.1575875,0.1558625,0.1464875,0.3074625,0.1552125,0.1441875
1734,0.1438625,0.1461625,0.1478125,0.145725,0.1466125,0.1525875,0.1518375,0.14705,0.15207500000000002
1735,0.13265,0.1587875,0.1503125,0.125775,0.145325,0.1537625,0.1686125,0.137675,0.1444375
1736,0.1596,0.14315,0.1459625,0.1738125,0.1409875,0.1428125,0.137025,0.1513875,0.150625
1737,0.147825,0.1436875,0.146525,0.14305,0.148,0.14905,0.1440875,0.145775,0.1486
1738,0.1394125,0.1519125,0.140275,0.148025,0.143225,0.1496375,0.1433375,0.147425,0.148575
1739,0.15435,0.1468375,0.145675,0.197275,0.146775,0.1438875,0.1486375,0.1458875,0.141675
1740,0.140825,0.1430125,0.1508125,0.1672375,0.1530375,0.1498625,0.134875,0.1415375,0.1459375
1741,0.1321875,0.1454875,0.1476875,0.138975,0.1363125,0.140875,0.13985,0.145225,0.15030000000000002
1742,0.1581125,0.147675,0.15635,0.141825,0.1445,0.1491875,0.151225,0.14325,0.145425
1743,0.1438375,0.144675,0.1425,0.1324875,0.1552625,0.1498875,0.15465,0.1490875,0.1493625
1744,0.1420625,0.1392,0.1539,0.1427625,0.1380375,0.1459125,0.1449875,0.1537125,0.150675
1745,0.15695,0.1431875,0.1437125,0.1361125,0.1404875,0.137475,0.131125,0.1488875,0.1438875
1746,0.1422375,0.1466125,0.144675,0.150925,0.1465625,0.1448,0.146075,0.145575,0.150625
1747,0.1440625,0.148825,0.1497875,0.161025,0.148125,0.15565,0.1454,0.14275,0.1508625
1748,0.1624375,0.1459875,0.159725,0.1601125,0.1485,0.1456125,0.1609375,0.14635,0.147675
1749,0.18385,0.1458875,0.1447375,0.1355875,0.160025,0.13435,0.134975,0.1465625,0.147075
1750,0.1589625,0.1487,0.1483625,0.1388875,0.141375,0.1433,0.131625,0.1475875,0.1456625
1751,0.1361,0.14935,0.1400375,0.14815,0.1498125,0.1460125,0.141425,0.1409375,0.14715
1752,0.1507125,0.1471625,0.1609625,0.14665,0.144525,0.150975,0.1326375,0.1467125,0.1484625
1753,0.1484375,0.14995,0.1359,0.1426875,0.2120625,0.1454375,0.1523625,0.152075,0.154675
1754,0.1628875,0.1377125,0.147925,0.1421,0.1385,0.136175,0.1403,0.141,0.14522500000000002
1755,0.196525,0.1391,0.142675,0.1396875,0.146775,0.1479625,0.14955,0.1509375,0.1524125
1756,0.1262125,0.13945,0.1394875,0.1478875,0.1419,0.1438375,0.13875,0.1416875,0.1525
1757,0.1361125,0.1466875,0.1486,0.1362625,0.1452375,0.1396,0.1915125,0.1413,0.15255000000000002
1758,0.147925,0.14375,0.15055,0.1558375,0.1408875,0.1371875,0.149825,0.150425,0.1497375
1759,0.1291375,0.142525,0.150025,0.1420125,0.156,0.1557875,0.1528625,0.1557125,0.14726250000000002
1760,0.1316875,0.1330625,0.1463625,0.1319875,0.1497375,0.1503625,0.145925,0.1414875,0.14705000000000001
1761,0.138525,0.1534375,0.141125,0.1426,0.15105,0.1467,0.158675,0.1564125,0.1532
1762,0.164925,0.1502875,0.14475,0.1372,0.1613625,0.1436125,0.1368125,0.1424,0.1476
1763,0.1503625,0.1483,0.147875,0.146725,0.1451125,0.1444375,0.1525875,0.1416625,0.15128750000000002
1764,0.1365,0.15745,0.1469375,0.1676625,0.1457,0.1434375,0.1681875,0.1425875,0.151625
1765,0.15,0.13715,0.1468,0.152925,0.1538375,0.1443,0.1546,0.13925,0.14623750000000002
1766,0.1368,0.142325,0.1521875,0.14095,0.144325,0.1451625,0.1404,0.146375,0.1468125
1767,0.172125,0.1514875,0.145125,0.172175,0.13905,0.149375,0.157025,0.1485125,0.15365
1768,0.1446375,0.130725,0.156175,0.1406375,0.146125,0.1482625,0.1361875,0.1468375,0.14522500000000002
1769,0.1462125,0.1638,0.150975,0.1332125,0.1466125,0.1462625,0.1331,0.142925,0.14653750000000001
1770,0.1313,0.1495125,0.16325,0.13625,0.1506375,0.1420875,0.1386875,0.1538125,0.15015
1771,0.13325,0.1319125,0.1484875,0.143125,0.1365875,0.1402875,0.1410625,0.1402875,0.15082500000000001
1772,0.1357125,0.1479625,0.141825,0.1388375,0.15805,0.144,0.140225,0.1514125,0.150875
1773,0.1618375,0.147175,0.156775,0.1331625,0.1434,0.1527,0.158325,0.144025,0.1460625
1774,0.1530375,0.1471375,0.1423625,0.1563375,0.1421125,0.1400125,0.1379375,0.14765,0.1508875
1775,0.1371125,0.1460125,0.150525,0.1341125,0.133775,0.1514125,0.13755,0.15,0.15225
1776,0.1364375,0.149075,0.1515875,0.1352375,0.15225,0.1478375,0.135225,0.14115,0.152375
1777,0.1420125,0.1423,0.1477625,0.1457125,0.1395,0.1505875,0.1430625,0.1482,0.14702500000000002
1778,0.1450875,0.1398125,0.1470375,0.146925,0.140575,0.1428,0.1472875,0.151825,0.149125
1779,0.1309875,0.167925,0.146375,0.1413375,0.1478875,0.14365,0.1407,0.1457625,0.1436125
1780,0.1393375,0.15255,0.144075,0.15265,0.1541125,0.14795,0.1357625,0.1468375,0.15035
1781,0.1348625,0.1400375,0.1597625,0.1381375,0.1598375,0.1449375,0.1583875,0.150225,0.1488875
1782,0.19265,0.15145,0.13975,0.1319375,0.148025,0.146025,0.18745,0.153075,0.1439125
1783,0.1303375,0.1626,0.1434375,0.1506875,0.1426375,0.1510125,0.1724625,0.1440875,0.1480875
1784,0.181025,0.153225,0.1521625,0.15255,0.1177875,0.1566,0.151825,0.1475875,0.151425
1785,0.1395125,0.155475,0.1454375,0.1545375,0.1412625,0.1421375,0.1409,0.1468875,0.1471
1786,0.136325,0.148675,0.147675,0.1317625,0.1444375,0.1484125,0.1651375,0.1405125,0.145075
1787,0.1342375,0.1687375,0.1424875,0.148675,0.1647125,0.1469,0.1401375,0.1514125,0.15095
1788,0.1431375,0.138275,0.1435,0.1349625,0.1443875,0.14255,0.1380125,0.14405,0.1453625
1789,0.145725,0.1459,0.148775,0.164975,0.1427375,0.1429875,0.135475,0.143975,0.1451875
1790,0.131,0.1420375,0.146675,0.168125,0.1562375,0.1424875,0.2149625,0.141225,0.145725
1791,0.143875,0.140125,0.1490375,0.1755875,0.1436,0.1415375,0.1391125,0.1526375,0.152975
1792,0.1649875,0.14305,0.1445125,0.1373125,0.1405875,0.1473875,0.1479625,0.136125,0.15253750000000002
1793,0.15535,0.158175,0.143575,0.1438625,0.1433125,0.148375,0.145625,0.1362625,0.150125
1794,0.1370875,0.1395625,0.1428125,0.153525,0.15285,0.1387125,0.128025,0.14775,0.14695
1795,0.144425,0.142475,0.1437,0.1412875,0.1551625,0.1495,0.1361375,0.1403375,0.1510125
1796,0.1558,0.1426375,0.1424625,0.1316125,0.15365,0.16305,0.141375,0.1507625,0.1480625
1797,0.1376625,0.1393625,0.140175,0.13995,0.147125,0.14915,0.1553875,0.145525,0.14676250000000002
1798,0.14355,0.1471625,0.14625,0.1364375,0.136925,0.15605,0.143675,0.14,0.1421875
1799,0.200675,0.14015,0.1517625,0.1442,0.1352,0.1441625,0.1353125,0.150725,0.1431875
1800,0.1527,0.1389125,0.1447875,0.15405,0.150025,0.170525,0.1466875,0.14385,0.149225
1801,0.1442875,0.1392375,0.1475,0.1432375,0.137875,0.145025,0.1356625,0.1411125,0.1482
1802,0.1455125,0.1698375,0.1446625,0.1441375,0.137425,0.1469625,0.1413875,0.1451375,0.1501625
1803,0.14055,0.14075,0.1420125,0.1442875,0.1494,0.14145,0.1455375,0.1395375,0.1435875
1804,0.1366125,0.1427375,0.1522625,0.1529875,0.1408375,0.148175,0.146175,0.153725,0.15028750000000002
1805,0.1439875,0.1411125,0.1552875,0.1483875,0.1557875,0.149525,0.1415125,0.277125,0.1456
1806,0.14765,0.1397625,0.1494875,0.138575,0.147525,0.1382625,0.2451125,0.1463875,0.1468
1807,0.1722375,0.1527875,0.146,0.137025,0.1408,0.2139,0.1490625,0.145325,0.144125
1808,0.146725,0.139875,0.1453625,0.1450875,0.1443375,0.14925,0.144425,0.1474375,0.151175
1809,0.1494875,0.1422,0.1416,0.1410375,0.1348,0.149325,0.1417125,0.1475875,0.14703750000000002
1810,0.143125,0.1394875,0.13985,0.1672,0.158225,0.1399125,0.14665,0.1512125,0.1457
1811,0.1544875,0.14415,0.145425,0.16085,0.1628125,0.14905,0.1436,0.146975,0.1479625
1812,0.130025,0.156525,0.1445,0.1441,0.139725,0.1393,0.1464,0.1505375,0.1443
1813,0.167525,0.141125,0.144425,0.1437875,0.1415625,0.146775,0.1406875,0.1362125,0.1415875
1814,0.1437875,0.1500875,0.1470375,0.162475,0.144625,0.19155,0.1316875,0.1395875,0.1504
1815,0.1252375,0.145625,0.14635,0.1622625,0.146325,0.1490125,0.1510625,0.1479375,0.1484
1816,0.159275,0.1317875,0.1396625,0.1596375,0.153575,0.1406375,0.15145,0.1458875,0.14851250000000002
1817,0.1593,0.18275,0.1485625,0.14,0.144975,0.147675,0.134375,0.140425,0.15081250000000002
1818,0.1515,0.1488375,0.1408625,0.141175,0.14445,0.1594125,0.14455,0.1533875,0.1552125
1819,0.140175,0.139975,0.1474375,0.1417125,0.1387625,0.1489875,0.1619625,0.1417125,0.144925
1820,0.139675,0.151475,0.1516875,0.131025,0.1476,0.1460625,0.13955,0.15255,0.14751250000000002
1821,0.13965,0.1285,0.1501625,0.1374125,0.1398375,0.14755,0.1529375,0.157375,0.14645
1822,0.1380375,0.1503875,0.1529125,0.1635125,0.1519,0.145025,0.1427875,0.146225,0.1469125
1823,0.1653375,0.1456125,0.1458125,0.1459875,0.141725,0.1416625,0.138975,0.1424875,0.14728750000000002
1824,0.13435,0.1472,0.146425,0.1395,0.1429375,0.146975,0.1511125,0.14935,0.1449375
1825,0.1421875,0.13645,0.1461625,0.15245,0.1589375,0.1459,0.1469875,0.15445,0.147075
1826,0.1421375,0.1472375,0.1491625,0.1379625,0.1457625,0.1649,0.1481,0.1497375,0.15015
1827,0.1470625,0.1465,0.1482375,0.14945,0.1425125,0.1395625,0.1349,0.15075,0.1544125
1828,0.1483875,0.1476125,0.14695,0.13645,0.1498875,0.1520875,0.1714875,0.151625,0.1456375
1829,0.143775,0.1746875,0.1458875,0.1327625,0.14825,0.1432,0.13765,0.1473875,0.14096250000000002
1830,0.143575,0.142975,0.1465,0.1302625,0.1398625,0.1457,0.1457,0.144725,0.149975
1831,0.1418625,0.18205,0.1429875,0.16445,0.140875,0.1466,0.1467875,0.1523625,0.1476875
1832,0.13975,0.1453,0.1474375,0.1403125,0.1443,0.1485,0.1464,0.144,0.1453875
1833,0.140475,0.152025,0.14005,0.13485,0.14555,0.1479375,0.1361375,0.143775,0.147575
1834,0.1498375,0.1412375,0.1547,0.1610125,0.1504125,0.1443125,0.1583375,0.1475875,0.1448875
1835,0.1404375,0.1531375,0.1412625,0.1426125,0.289375,0.1433375,0.1365125,0.150475,0.1454125
1836,0.1315375,0.141875,0.153575,0.1595,0.1503,0.1582625,0.1451375,0.1372625,0.1442875
1837,0.1462,0.1411,0.1492875,0.186025,0.138725,0.152525,0.1351125,0.1402375,0.1501625
1838,0.1379875,0.1406625,0.145575,0.168925,0.150475,0.1509875,0.14605,0.1568875,0.147875
1839,0.1499,0.152275,0.1423,0.1310375,0.1434625,0.13785,0.1481125,0.144225,0.142625
1840,0.1460875,0.1468625,0.168625,0.14195,0.1497375,0.1417,0.136975,0.1517375,0.1473125
1841,0.1444,0.17905,0.14265,0.14025,0.1466,0.15235,0.1416375,0.13825,0.1449
1842,0.149725,0.1423,0.143525,0.1400125,0.13245,0.1461,0.144625,0.1412375,0.1468875
1843,0.1435125,0.1520875,0.150975,0.150125,0.1487375,0.145625,0.1381,0.1515,0.144125
1844,0.19355,0.1539625,0.1496375,0.149675,0.1478875,0.141175,0.15115,0.150075,0.14906250000000001
1845,0.1522125,0.150275,0.1446625,0.1550625,0.1443375,0.14085,0.1443125,0.140575,0.1463875
1846,0.1548375,0.137325,0.14815,0.1473,0.13915,0.14785,0.1501125,0.1503375,0.149975
1847,0.1445375,0.1487875,0.1436625,0.1477625,0.1548375,0.14855,0.1391625,0.14455,0.15535000000000002
1848,0.1413625,0.1482125,0.1488625,0.1599625,0.1348375,0.1417625,0.1425,0.146425,0.14927500000000002
1849,0.1427,0.1486625,0.1471125,0.157975,0.14985,0.149125,0.1535625,0.151625,0.14623750000000002
1850,0.1376625,0.1495125,0.152425,0.1466375,0.1417375,0.1536375,0.1433875,0.1452,0.1440625
1851,0.1294375,0.1385125,0.159175,0.14685,0.1394125,0.1404125,0.1489375,0.16395,0.1471125
1852,0.1431,0.15125,0.150675,0.1447,0.140875,0.1472375,0.1487125,0.1466125,0.15082500000000001
1853,0.192125,0.1406,0.156425,0.140875,0.1397,0.1477125,0.1400625,0.144025,0.14322500000000002
1854,0.143825,0.142775,0.1569625,0.1445625,0.1475,0.141175,0.140525,0.1388875,0.150725
1855,0.132125,0.14515,0.14355,0.152925,0.140075,0.15415,0.142875,0.145225,0.1428875
1856,0.137375,0.193075,0.1492875,0.134125,0.1433,0.1401,0.1553375,0.1434125,0.15357500000000002
1857,0.151825,0.151675,0.15015,0.1525125,0.1755,0.1812875,0.1752125,0.1440875,0.1413625
1858,0.159025,0.14185,0.162675,0.146325,0.148125,0.151575,0.1433875,0.1461875,0.1489375
1859,0.165075,0.1771,0.1556,0.13335,0.1499125,0.14995,0.1617,0.14625,0.15175
1860,0.13425,0.1461625,0.1450125,0.149375,0.14685,0.142925,0.1365625,0.1441375,0.1439625
1861,0.150925,0.147675,0.1417875,0.154325,0.1391875,0.14355,0.1495625,0.1449125,0.14702500000000002
1862,0.129675,0.155125,0.147475,0.1354625,0.1508375,0.1415625,0.1396375,0.1409125,0.1463625
1863,0.13195,0.1408625,0.1473375,0.14465,0.1431,0.1461375,0.1603875,0.143725,0.1476
1864,0.1348,0.1639625,0.147475,0.15255,0.142225,0.1530375,0.14295,0.14955,0.1487
1865,0.14085,0.1368625,0.139525,0.1687,0.141425,0.2157375,0.1553875,0.148725,0.15281250000000002
1866,0.13835,0.144975,0.1486375,0.1338,0.13835,0.1653375,0.1474875,0.1449875,0.148375
1867,0.1566375,0.1476375,0.1428125,0.13885,0.146225,0.1484875,0.1479375,0.14595,0.15127500000000002
1868,0.1263125,0.1562875,0.151675,0.145925,0.149175,0.1445875,0.1427625,0.14235,0.1484875
1869,0.1443625,0.1481375,0.1448375,0.1354125,0.1955625,0.1486625,0.1425875,0.1335875,0.14665
1870,0.1392125,0.1404625,0.13915,0.14235,0.1441625,0.1539625,0.1428375,0.2269,0.1461
1871,0.1512625,0.1533125,0.1539125,0.14075,0.1467875,0.149475,0.1531,0.1438625,0.1509125
1872,0.1422625,0.157225,0.1463625,0.13975,0.15075,0.1523,0.1437125,0.142025,0.148375
1873,0.13545,0.1435875,0.1489375,0.137875,0.138625,0.1395,0.134875,0.1392875,0.15206250000000002
1874,0.15505,0.144425,0.1421,0.1389125,0.13505,0.147425,0.1396875,0.141875,0.153925
1875,0.1429625,0.142325,0.1439,0.1349,0.1833125,0.1394375,0.1423,0.1425,0.14255
1876,0.1494375,0.157475,0.14875,0.1583625,0.146525,0.149825,0.1387625,0.14695,0.145625
1877,0.128025,0.1435875,0.15415,0.1470375,0.1421125,0.155225,0.1418125,0.1459,0.1476
1878,0.1485875,0.1444375,0.1398625,0.138225,0.147125,0.1629,0.1490125,0.1459,0.1468125
1879,0.14565,0.1438125,0.1460375,0.1414375,0.13985,0.1383375,0.1371625,0.1400875,0.1411
1880,0.1447625,0.14635,0.1439125,0.1643125,0.14645,0.1467375,0.172925,0.14485,0.15032500000000001
1881,0.1527,0.13635,0.146325,0.13365,0.148975,0.152,0.148775,0.14445,0.1472125
1882,0.1663875,0.1438375,0.1463,0.1531,0.1366,0.1446375,0.1596125,0.1440125,0.15052500000000002
1883,0.158375,0.1402375,0.1438375,0.13295,0.1436375,0.1450625,0.1436125,0.1406,0.14715
1884,0.1256625,0.1470375,0.1476625,0.131075,0.1404125,0.14465,0.15755,0.1431875,0.1469
1885,0.1342625,0.160275,0.153475,0.1447875,0.15895,0.1353,0.1334125,0.1494125,0.1418
1886,0.137275,0.1423625,0.142975,0.1409375,0.1538625,0.1514875,0.135425,0.1514125,0.1444625
1887,0.145825,0.155475,0.1578375,0.1536625,0.147875,0.1437625,0.1516875,0.1495375,0.14951250000000002
1888,0.1473375,0.176825,0.1499875,0.15065,0.1522,0.1544625,0.149275,0.14815,0.145075
1889,0.1348375,0.1396375,0.1480875,0.1485875,0.151925,0.1441,0.14095,0.1428375,0.1422875
1890,0.1531875,0.135175,0.146,0.263975,0.1406875,0.1487375,0.1401625,0.1463125,0.15065
1891,0.18785,0.1421625,0.143025,0.1281125,0.146175,0.142575,0.1437,0.145125,0.1441375
1892,0.144525,0.1417125,0.149125,0.12975,0.1432375,0.1481,0.1458375,0.1390375,0.1502125
1893,0.1422875,0.1514875,0.146025,0.1522,0.142825,0.1469,0.1456625,0.1532,0.1396125
1894,0.1490625,0.14595,0.148675,0.15045,0.1443,0.1414625,0.1429625,0.1503875,0.14578750000000001
1895,0.132075,0.151125,0.1458375,0.1568125,0.1465375,0.1395375,0.1323625,0.1460625,0.1491
1896,0.1476375,0.1474625,0.14135,0.1546375,0.1471125,0.14115,0.1426125,0.1451375,0.15555
1897,0.1541375,0.151975,0.143,0.1528375,0.1356,0.1409375,0.1515375,0.1454,0.1483125
1898,0.1497875,0.151925,0.1459875,0.155,0.149475,0.143125,0.1399375,0.1460125,0.146625
1899,0.1364625,0.1576125,0.1445,0.1475375,0.14435,0.1502625,0.15285,0.1589625,0.14476250000000002
1900,0.15305,0.1554875,0.151,0.1473125,0.143975,0.1433625,0.1351375,0.1428125,0.1484375
1901,0.15785,0.1448375,0.14485,0.1396375,0.145625,0.1512125,0.1507375,0.1377375,0.14626250000000002
1902,0.1365875,0.1588375,0.1418875,0.1437875,0.1398875,0.1385125,0.14005,0.1474125,0.14745
1903,0.1444,0.143225,0.1422125,0.1324125,0.1541,0.147525,0.14195,0.1872125,0.14615
1904,0.1558625,0.1635125,0.145575,0.1375375,0.14265,0.1455125,0.1438625,0.1461375,0.14603750000000001
1905,0.12495,0.138025,0.1406125,0.1690625,0.1415875,0.14495,0.1401875,0.1423625,0.1471625
1906,0.135525,0.1545625,0.1487875,0.1484,0.1398125,0.1418625,0.14075,0.152875,0.14785
1907,0.1475,0.1393,0.1464125,0.1853,0.136975,0.1432375,0.1741,0.1421625,0.145375
1908,0.1526625,0.1449625,0.154325,0.1520375,0.147025,0.1361,0.1521625,0.1395125,0.14595
1909,0.1303,0.1371375,0.1454125,0.1251125,0.1548,0.1452,0.1376,0.1510625,0.1445875
1910,0.1386,0.143375,0.146025,0.1402,0.14635,0.1389625,0.1538875,0.1413,0.1466375
1911,0.14525,0.143125,0.1359,0.1591625,0.1443125,0.1449875,0.14535,0.1409375,0.14826250000000002
1912,0.1433875,0.173375,0.1412875,0.1463375,0.14555,0.14985,0.1433,0.144425,0.1487
1913,0.153025,0.1461375,0.14155,0.1481875,0.1502375,0.154475,0.14845,0.1478875,0.1486875
1914,0.150825,0.1715875,0.1584375,0.1457375,0.14075,0.1478375,0.1451625,0.142925,0.147875
1915,0.1323,0.1342375,0.1415375,0.182925,0.142375,0.145125,0.1453375,0.1559375,0.1414125
1916,0.141,0.13535,0.1453625,0.141675,0.1467,0.1390625,0.134125,0.1669375,0.15078750000000002
1917,0.1608625,0.1473625,0.14855,0.1416375,0.15205,0.1417875,0.147025,0.154325,0.1478125
1918,0.1793625,0.1494875,0.1579625,0.156275,0.1484625,0.1409625,0.13825,0.1480625,0.148575
1919,0.1468625,0.144075,0.156825,0.1455375,0.143825,0.1465125,0.146325,0.1447,0.14850000000000002
1920,0.1426,0.162325,0.14985,0.1394625,0.1429125,0.1433,0.1419125,0.1605875,0.1516125
1921,0.165325,0.16975,0.145275,0.1360375,0.145225,0.1476375,0.1411625,0.1475625,0.153425
1922,0.13575,0.1409,0.1459375,0.1355625,0.1409375,0.1472,0.1486375,0.1457125,0.1477375
1923,0.1411125,0.1375125,0.1425375,0.134525,0.15805,0.1493,0.1376375,0.1451625,0.14665
1924,0.1420875,0.147025,0.1464875,0.1417375,0.1461625,0.1436625,0.1609125,0.151625,0.1419
1925,0.1535125,0.1440375,0.1419625,0.2047875,0.1429625,0.14345,0.145975,0.1449625,0.146175
1926,0.1088625,0.0974875,0.14905,0.1358625,0.1527375,0.1467375,0.13525,0.14155,0.1441
1927,0.1320375,0.155375,0.1403875,0.156325,0.1452625,0.1472875,0.1355875,0.1564875,0.1443375
1928,0.1553625,0.1455625,0.1535125,0.1576125,0.1437125,0.1347125,0.1365625,0.14875,0.142175
1929,0.1361875,0.1537,0.1410875,0.1486875,0.144975,0.157375,0.142,0.145925,0.1436375
1930,0.13165,0.1380625,0.1446,0.1388625,0.1414875,0.145725,0.164375,0.144925,0.146375
1931,0.1344,0.1476375,0.139425,0.1454375,0.1581125,0.1474625,0.132875,0.1494625,0.14995
1932,0.140675,0.1427,0.1481875,0.1825125,0.149475,0.1476125,0.134425,0.1453875,0.14365
1933,0.140675,0.1572625,0.158125,0.1398125,0.1453,0.14895,0.16395,0.1467,0.147675
1934,0.160675,0.1388875,0.1385625,0.14895,0.137225,0.144,0.1363875,0.1467,0.14852500000000002
1935,0.1731,0.1466875,0.14535,0.153425,0.15715,0.148,0.1496,0.1541125,0.1551875
1936,0.140375,0.1420625,0.1410875,0.1500625,0.146675,0.1411375,0.1515875,0.1424125,0.1460625
1937,0.1296875,0.1392125,0.1445875,0.129575,0.143125,0.1438125,0.1421875,0.1548,0.1476
1938,0.133725,0.14365,0.1567875,0.1419125,0.1497625,0.142625,0.1324375,0.143525,0.1484
1939,0.1366,0.1446875,0.1410375,0.15085,0.1423,0.1468875,0.13675,0.146025,0.149625
1940,0.18025,0.1483375,0.1482875,0.14815,0.1435,0.1485875,0.13285,0.1385375,0.14400000000000002
1941,0.1372375,0.1399125,0.147825,0.1463,0.140175,0.1483,0.149475,0.14395,0.1447
1942,0.1434375,0.138975,0.146925,0.1543,0.1645875,0.1681375,0.1536625,0.1528375,0.1458625
1943,0.167575,0.1387875,0.1382875,0.1646875,0.1442,0.1544,0.1399375,0.14165,0.150475
1944,0.136725,0.1538625,0.166325,0.149225,0.1535625,0.15055,0.1570375,0.1500875,0.14625000000000002
1945,0.147625,0.1398625,0.142575,0.1525625,0.1404875,0.14015,0.1329375,0.1440125,0.15405000000000002
1946,0.147425,0.144725,0.144675,0.1942375,0.147575,0.2072,0.1400875,0.13955,0.1483625
1947,0.1533125,0.153725,0.13985,0.1584,0.1381375,0.15035,0.1559625,0.146475,0.14677500000000002
1948,0.158275,0.14595,0.1472875,0.14185,0.145625,0.15745,0.1449625,0.1598375,0.147725
1949,0.15755,0.1481125,0.1519375,0.1356,0.1832,0.1473,0.14775,0.1541625,0.14775000000000002
1950,0.1566625,0.162275,0.139175,0.14105,0.146825,0.142725,0.1412125,0.1538625,0.1508875
1951,0.1454,0.15035,0.144125,0.1390875,0.1408875,0.14885,0.1414,0.150675,0.140825
1952,0.1413,0.1385875,0.1439625,0.1424,0.16035,0.1503625,0.241025,0.1488,0.150175
1953,0.14395,0.14565,0.1485625,0.13685,0.1474375,0.148175,0.139825,0.1452125,0.14895
1954,0.1415875,0.1458875,0.1505875,0.1394,0.143625,0.143725,0.1466875,0.150725,0.1466375
1955,0.1430375,0.142925,0.146975,0.1342,0.15365,0.1448375,0.1398,0.1455625,0.14578750000000001
1956,0.14175,0.1444,0.1455875,0.142225,0.143425,0.1475,0.1400875,0.1480125,0.1440625
1957,0.1441125,0.14445,0.146125,0.1461875,0.1457875,0.14505,0.15075,0.1413125,0.1547375
1958,0.146,0.1574,0.148025,0.1273125,0.1429375,0.141825,0.1444875,0.1366375,0.1453875
1959,0.1351,0.135625,0.147475,0.1501,0.14595,0.138675,0.1396,0.1547125,0.14853750000000002
1960,0.1548125,0.15085,0.1510875,0.1439625,0.140825,0.148475,0.14555,0.14595,0.144175
1961,0.1386125,0.15535,0.14845,0.1443875,0.14645,0.1394375,0.17735,0.1467875,0.1505
1962,0.15365,0.14055,0.1538625,0.1354125,0.139875,0.1459875,0.1417,0.1427375,0.1486
1963,0.1272375,0.155775,0.1464875,0.13155,0.1564875,0.14595,0.27245,0.1429,0.150175
1964,0.13855,0.16215,0.1497875,0.18175,0.138175,0.1379875,0.145825,0.1464875,0.14372500000000002
1965,0.1321125,0.1596375,0.146025,0.165225,0.1474875,0.143825,0.1301875,0.147925,0.1484375
1966,0.143225,0.1514625,0.1436625,0.144625,0.139225,0.14765,0.13875,0.1428,0.1495875
1967,0.146475,0.13985,0.146325,0.1335125,0.1551625,0.145075,0.13725,0.1480875,0.1438875
1968,0.1589625,0.1412,0.1444125,0.163625,0.13945,0.1497,0.139125,0.1437375,0.14450000000000002
1969,0.149025,0.1500625,0.14805,0.1477875,0.1585875,0.1435375,0.135825,0.1417,0.150475
1970,0.1355875,0.1411625,0.142475,0.1382875,0.14735,0.159825,0.1412375,0.1501375,0.1476125
1971,0.1703125,0.1572875,0.143975,0.14195,0.14285,0.1485375,0.1399375,0.1475625,0.1446125
1972,0.1389125,0.1449375,0.1418375,0.127675,0.1498875,0.14435,0.1556375,0.1500125,0.15026250000000002
1973,0.144075,0.149375,0.147725,0.1499125,0.1394,0.1494625,0.147675,0.135725,0.1430375
1974,0.1381375,0.14735,0.15575,0.141,0.1398,0.152525,0.1347625,0.14495,0.14828750000000002
1975,0.1424,0.15005,0.1469875,0.1524125,0.1599625,0.154625,0.1386,0.1433,0.15103750000000002
1976,0.1417375,0.1487,0.1445625,0.14215,0.144825,0.1397875,0.1320625,0.1447,0.15456250000000002
1977,0.1483,0.15385,0.1466875,0.1538,0.1388125,0.1467125,0.1366875,0.149075,0.15231250000000002
1978,0.149675,0.1391125,0.14675,0.1396125,0.1472875,0.1533,0.161725,0.141175,0.1468125
1979,0.1498875,0.142075,0.15105,0.1389,0.15065,0.159225,0.150725,0.142075,0.153425
1980,0.1380375,0.1476,0.148,0.1487625,0.148025,0.1456375,0.1685375,0.1391125,0.15208750000000001
1981,0.1526875,0.143975,0.1511375,0.11025,0.1509625,0.1474375,0.1428,0.143675,0.1470625
1982,0.1557,0.14785,0.1555375,0.1412625,0.1432625,0.1414625,0.1389625,0.148175,0.146325
1983,0.158625,0.141175,0.1518625,0.1354875,0.14285,0.1487875,0.1647,0.140125,0.1491125
1984,0.1506375,0.14915,0.1497,0.1436375,0.141275,0.1435125,0.1393875,0.1605875,0.14497500000000002
1985,0.1788375,0.1392125,0.1512125,0.1434375,0.1385125,0.1486375,0.1364875,0.1445875,0.1494625
1986,0.1376375,0.1380375,0.14935,0.171,0.14375,0.1415875,0.131675,0.1432625,0.1439125
1987,0.1405,0.1534,0.1413375,0.1490625,0.146825,0.1643625,0.1411,0.141425,0.149425
1988,0.13205,0.1436375,0.144275,0.1420125,0.1344,0.2399375,0.1522875,0.1611875,0.14605
1989,0.15315,0.1439125,0.1401875,0.1459875,0.1450125,0.1491625,0.143625,0.1359,0.1455875
1990,0.156275,0.1682,0.1478,0.15055,0.1439125,0.1453,0.1437875,0.1380875,0.1645375
1991,0.1452375,0.1422,0.140625,0.1392875,0.146875,0.146425,0.275025,0.1484125,0.1467
1992,0.1398875,0.1343,0.1435625,0.1362125,0.14435,0.1451625,0.1621375,0.1406125,0.1438375
1993,0.1391375,0.13925,0.1517,0.163025,0.1457125,0.14825,0.14455,0.1442625,0.1453125
1994,0.1272625,0.14585,0.1443875,0.1350875,0.146125,0.146825,0.1404375,0.1477375,0.14945
1995,0.1454,0.1487,0.1370875,0.14675,0.1470125,0.1424625,0.1456375,0.1453375,0.1534625
1996,0.1384,0.13725,0.1423875,0.146925,0.145425,0.151375,0.1538625,0.168325,0.1512125
1997,0.1407375,0.1379125,0.1502875,0.141225,0.1476625,0.1520625,0.1456375,0.1572,0.1521
1998,0.1408625,0.1506,0.141,0.148,0.1404,0.1525875,0.1288375,0.1423,0.155625
1999,0.1954625,0.1363375,0.141675,0.137625,0.144575,0.15295,0.1429,0.1512375,0.1456125
